{
"type": "FeatureCollection",
"name": "continents",
"crs": { "type": "name", "properties": { "name": "urn:ogc:def:crs:OGC:1.3:CRS84" } },
"features": [
{ "type": "Feature", "properties": { "id": 0, "neighbors": [ 7, 5, 1, 11, 10 ], "height": -50, "biome": 0, "type": "ocean", "population": 0, "state": 0, "province": 0 }, "geometry": { "type": "MultiPolygon", "coordinates": [ [ [ [ -150.2083, -80.0 ], [ -150.8333, -78.5417 ], [ -151.4583, -77.0833 ], [ -151.875, -75.625 ], [ -152.0833, -74.5833 ], [ -152.2917, -74.1667 ], [ -152.7083, -72.5 ], [ -152.9167, -71.0417 ], [ -153.125, -69.375 ], [ -153.125, -68.125 ], [ -153.125, -67.9167 ], [ -153.3333, -66.4583 ], [ -153.3333, -64.7917 ], [ -153.125, -63.3333 ], [ -152.9167, -62.5 ], [ -152.7083, -61.875 ], [ -152.7083, -61.25 ], [ -152.5, -60.4167 ], [ -152.0833, -58.75 ], [ -151.4583, -57.2917 ], [ -151.6667, -56.6667 ], [ -151.875, -55.8333 ], [ -152.2917, -54.1667 ], [ -152.5, -52.7083 ], [ -152.5, -51.0417 ], [ -152.2917, -49.5833 ], [ -152.2917, -49.375 ], [ -152.2917, -48.125 ], [ -152.0833, -46.6667 ], [ -152.0833, -46.4583 ], [ -152.0833, -45.0 ], [ -151.875, -43.5417 ], [ -151.6667, -42.0833 ], [ -151.4583, -42.0833 ], [ -151.4583, -41.0417 ], [ -151.6667, -40.4167 ], [ -152.2917, -38.9583 ], [ -152.9167, -37.5 ], [ -153.125, -36.25 ], [ -153.125, -35.8333 ], [ -153.3333, -34.375 ], [ -153.3333, -32.9167 ], [ -153.125, -31.875 ], [ -153.3333, -31.25 ], [ -153.3333, -29.7917 ], [ -153.125, -28.5417 ], [ -153.125, -28.125 ], [ -153.5417, -26.6667 ], [ -153.75, -25.4167 ], [ -153.9583, -25.2083 ], [ -154.1667, -23.75 ], [ -154.375, -22.7083 ], [ -154.5833, -22.0833 ], [ -154.7917, -20.625 ], [ -154.7917, -19.1667 ], [ -155.0, -17.5 ], [ -155.0, -16.0417 ], [ -155.0, -14.5833 ], [ -154.7917, -12.9167 ], [ -154.7917, -12.5 ], [ -154.7917, -11.4583 ], [ -154.5833, -10.0 ], [ -154.1667, -8.3333 ], [ -153.75, -7.7083 ], [ -153.5417, -6.875 ], [ -152.9167, -5.2083 ], [ -151.875, -3.75 ], [ -150.8333, -2.2917 ], [ -150.4167, -1.875 ], [ -149.5833, -0.8333 ], [ -149.5833, -0.625 ], [ -148.5417, 0.8333 ], [ -148.125, 1.4583 ], [ -147.5, 2.2917 ], [ -146.25, 3.75 ], [ -144.7917, 5.2083 ], [ -144.375, 5.8333 ], [ -144.1667, 6.875 ], [ -144.1667, 7.2917 ], [ -145.0, 8.3333 ], [ -146.0417, 9.7917 ], [ -146.875, 11.4583 ], [ -147.7083, 12.9167 ], [ -148.3333, 14.375 ], [ -148.9583, 16.0417 ], [ -149.375, 17.5 ], [ -149.7917, 18.9583 ], [ -150.0, 20.625 ], [ -150.0, 21.0417 ], [ -150.2083, 22.0833 ], [ -150.2083, 23.75 ], [ -150.2083, 25.2083 ], [ -150.0, 26.6667 ], [ -149.7917, 28.125 ], [ -149.5833, 28.9583 ], [ -149.375, 29.7917 ], [ -148.9583, 31.25 ], [ -148.5417, 32.7083 ], [ -147.9167, 34.375 ], [ -147.5, 35.2083 ], [ -147.2917, 35.8333 ], [ -146.4583, 37.2917 ], [ -146.25, 37.9167 ], [ -145.625, 38.9583 ], [ -145.0, 40.2083 ], [ -144.7917, 40.2083 ], [ -145.0, 40.4167 ], [ -145.0, 41.4583 ], [ -145.0, 41.875 ], [ -144.7917, 43.5417 ], [ -144.7917, 43.75 ], [ -145.625, 45.0 ], [ -146.25, 46.4583 ], [ -146.875, 48.125 ], [ -147.2917, 49.5833 ], [ -147.7083, 51.0417 ], [ -147.9167, 52.7083 ], [ -148.125, 54.1667 ], [ -148.3333, 54.375 ], [ -148.5417, 55.8333 ], [ -148.5417, 57.2917 ], [ -148.75, 58.75 ], [ -148.5417, 60.4167 ], [ -148.5417, 60.8333 ], [ -148.5417, 61.875 ], [ -148.3333, 63.3333 ], [ -148.125, 64.7917 ], [ -147.7083, 66.4583 ], [ -147.2917, 67.9167 ], [ -146.875, 69.5833 ], [ -146.0417, 71.0417 ], [ -145.4167, 72.5 ], [ -144.5833, 73.9583 ], [ -144.375, 74.375 ], [ -144.1667, 74.375 ], [ -142.7083, 74.7917 ], [ -141.0417, 75.0 ], [ -140.625, 75.2083 ], [ -139.5833, 75.4167 ], [ -138.125, 75.4167 ], [ -136.6667, 75.625 ], [ -135.0, 75.625 ], [ -133.5417, 75.625 ], [ -131.875, 75.4167 ], [ -130.4167, 75.2083 ], [ -128.9583, 75.0 ], [ -127.5, 74.5833 ], [ -126.25, 74.375 ], [ -125.8333, 74.375 ], [ -124.375, 75.0 ], [ -122.9167, 75.2083 ], [ -121.4583, 75.625 ], [ -121.0417, 75.625 ], [ -120.0, 76.0417 ], [ -119.5833, 76.25 ], [ -118.3333, 76.6667 ], [ -116.875, 77.2917 ], [ -115.4167, 77.7083 ], [ -113.75, 78.125 ], [ -112.2917, 78.3333 ], [ -111.875, 78.3333 ], [ -110.8333, 78.5417 ], [ -109.1667, 78.5417 ], [ -107.7083, 78.5417 ], [ -106.25, 78.5417 ], [ -105.2083, 78.3333 ], [ -104.7917, 78.3333 ], [ -104.375, 78.3333 ], [ -103.125, 78.3333 ], [ -101.6667, 78.3333 ], [ -100.2083, 78.125 ], [ -98.9583, 77.9167 ], [ -98.75, 77.9167 ], [ -98.3333, 77.9167 ], [ -98.125, 77.7083 ], [ -97.0833, 77.9167 ], [ -96.4583, 77.9167 ], [ -95.625, 78.125 ], [ -93.9583, 78.125 ], [ -93.3333, 78.125 ], [ -92.5, 78.125 ], [ -91.0417, 78.3333 ], [ -89.5833, 78.125 ], [ -87.9167, 78.125 ], [ -86.4583, 77.9167 ], [ -85.8333, 77.9167 ], [ -85.0, 78.125 ], [ -83.3333, 78.3333 ], [ -83.125, 78.3333 ], [ -81.875, 78.5417 ], [ -80.4167, 78.5417 ], [ -78.9583, 78.5417 ], [ -77.5, 78.3333 ], [ -75.8333, 78.125 ], [ -74.375, 77.7083 ], [ -73.9583, 77.7083 ], [ -72.7083, 77.5 ], [ -71.25, 77.0833 ], [ -69.7917, 76.4583 ], [ -68.3333, 76.0417 ], [ -67.7083, 75.625 ], [ -66.6667, 76.0417 ], [ -65.2083, 76.6667 ], [ -64.5833, 76.6667 ], [ -63.75, 77.0833 ], [ -62.2917, 77.2917 ], [ -60.625, 77.7083 ], [ -59.1667, 77.9167 ], [ -57.7083, 77.9167 ], [ -56.25, 77.9167 ], [ -54.5833, 77.9167 ], [ -53.125, 77.7083 ], [ -51.6667, 77.5 ], [ -50.0, 77.0833 ], [ -49.1667, 76.875 ], [ -48.5417, 76.6667 ], [ -47.0833, 76.25 ], [ -45.4167, 75.8333 ], [ -43.9583, 75.2083 ], [ -42.5, 74.5833 ], [ -41.0417, 73.75 ], [ -40.2083, 73.3333 ], [ -39.5833, 74.375 ], [ -37.9167, 76.4583 ], [ -36.4583, 77.9167 ], [ -34.7917, 79.5833 ], [ -33.3333, 80.8333 ], [ -31.875, 82.0833 ], [ -30.4167, 82.9167 ], [ -28.75, 83.75 ], [ -27.2917, 84.1667 ], [ -25.8333, 84.5833 ], [ -25.2083, 84.5833 ], [ -24.375, 85.0 ], [ -22.7083, 85.2083 ], [ -21.25, 85.2083 ], [ -19.7917, 85.0 ], [ -18.3333, 84.5833 ], [ -16.6667, 84.1667 ], [ -16.25, 83.9583 ], [ -15.2083, 83.5417 ], [ -13.5417, 82.7083 ], [ -12.0833, 81.6667 ], [ -10.625, 80.625 ], [ -9.1667, 79.375 ], [ -7.7083, 77.9167 ], [ -6.4583, 76.6667 ], [ -6.0417, 76.6667 ], [ -4.5833, 76.6667 ], [ -2.9167, 76.4583 ], [ -1.4583, 76.25 ], [ 0.0, 75.8333 ], [ 0.625, 75.625 ], [ 1.4583, 75.625 ], [ 2.2917, 75.4167 ], [ 2.7083, 75.4167 ], [ 3.125, 75.4167 ], [ 4.5833, 75.625 ], [ 6.0417, 75.8333 ], [ 7.5, 75.8333 ], [ 9.1667, 75.8333 ], [ 10.625, 75.8333 ], [ 12.0833, 75.625 ], [ 13.75, 75.4167 ], [ 15.2083, 75.0 ], [ 16.6667, 74.5833 ], [ 17.2917, 74.375 ], [ 18.3333, 75.4167 ], [ 19.7917, 77.0833 ], [ 21.25, 78.5417 ], [ 22.0833, 79.1667 ], [ 22.7083, 79.7917 ], [ 24.375, 81.0417 ], [ 25.8333, 82.2917 ], [ 27.2917, 83.125 ], [ 28.75, 83.75 ], [ 30.4167, 84.375 ], [ 30.8333, 84.375 ], [ 31.875, 84.7917 ], [ 33.3333, 85.2083 ], [ 35.0, 85.4167 ], [ 36.4583, 85.2083 ], [ 37.9167, 85.0 ], [ 38.9583, 84.7917 ], [ 39.375, 84.5833 ], [ 40.8333, 84.1667 ], [ 42.5, 83.5417 ], [ 43.9583, 82.7083 ], [ 45.625, 81.6667 ], [ 46.875, 80.4167 ], [ 47.0833, 80.4167 ], [ 48.5417, 79.1667 ], [ 49.375, 78.3333 ], [ 50.0, 77.9167 ], [ 51.4583, 76.25 ], [ 52.9167, 74.7917 ], [ 53.125, 74.7917 ], [ 54.5833, 74.7917 ], [ 56.25, 75.0 ], [ 57.7083, 74.7917 ], [ 58.3333, 74.7917 ], [ 59.1667, 74.7917 ], [ 60.625, 74.7917 ], [ 61.25, 74.7917 ], [ 62.0833, 75.4167 ], [ 63.75, 76.25 ], [ 65.2083, 76.875 ], [ 66.875, 77.5 ], [ 68.3333, 77.9167 ], [ 69.7917, 78.3333 ], [ 70.2083, 78.3333 ], [ 71.25, 78.75 ], [ 71.4583, 78.75 ], [ 72.7083, 79.375 ], [ 74.375, 80.0 ], [ 75.8333, 80.4167 ], [ 77.2917, 80.625 ], [ 78.75, 80.8333 ], [ 78.9583, 80.8333 ], [ 80.4167, 81.4583 ], [ 80.8333, 81.4583 ], [ 81.875, 82.0833 ], [ 83.125, 82.5 ], [ 83.5417, 82.7083 ], [ 85.0, 83.3333 ], [ 86.4583, 83.75 ], [ 87.0833, 83.9583 ], [ 87.9167, 84.1667 ], [ 89.5833, 84.5833 ], [ 89.7917, 84.5833 ], [ 91.0417, 84.7917 ], [ 91.25, 85.0 ], [ 92.5, 85.4167 ], [ 93.9583, 85.8333 ], [ 95.2083, 85.8333 ], [ 95.625, 86.0417 ], [ 96.4583, 86.0417 ], [ 97.0833, 86.25 ], [ 98.5417, 86.4583 ], [ 98.9583, 86.4583 ], [ 100.2083, 86.4583 ], [ 101.6667, 86.6667 ], [ 102.0833, 86.6667 ], [ 103.125, 86.875 ], [ 103.75, 86.875 ], [ 104.7917, 86.875 ], [ 106.25, 86.875 ], [ 107.2917, 86.6667 ], [ 107.7083, 86.6667 ], [ 109.375, 86.4583 ], [ 110.8333, 86.25 ], [ 112.2917, 85.625 ], [ 112.9167, 85.2083 ], [ 113.75, 85.0 ], [ 115.4167, 84.375 ], [ 116.6667, 83.5417 ], [ 116.875, 83.3333 ], [ 117.0833, 83.3333 ], [ 118.3333, 82.7083 ], [ 119.7917, 81.875 ], [ 120.2083, 81.6667 ], [ 121.0417, 81.875 ], [ 121.25, 81.875 ], [ 122.2917, 81.875 ], [ 122.9167, 82.0833 ], [ 124.375, 82.5 ], [ 126.0417, 82.5 ], [ 127.5, 82.5 ], [ 128.9583, 82.5 ], [ 129.7917, 82.2917 ], [ 130.4167, 82.2917 ], [ 131.25, 82.0833 ], [ 132.0833, 82.0833 ], [ 132.5, 81.875 ], [ 133.125, 81.875 ], [ 133.5417, 82.0833 ], [ 135.0, 82.0833 ], [ 136.4583, 82.0833 ], [ 136.6667, 82.0833 ], [ 138.125, 81.875 ], [ 139.5833, 81.6667 ], [ 141.0417, 81.4583 ], [ 142.5, 80.8333 ], [ 144.1667, 80.2083 ], [ 145.625, 79.5833 ], [ 146.4583, 78.9583 ], [ 147.0833, 78.75 ], [ 148.125, 78.3333 ], [ 148.5417, 77.0833 ], [ 148.9583, 75.625 ], [ 149.1667, 74.7917 ], [ 149.375, 73.9583 ], [ 149.5833, 73.125 ], [ 149.5833, 72.9167 ], [ 149.7917, 72.5 ], [ 150.4167, 71.0417 ], [ 151.0417, 69.375 ], [ 151.25, 67.9167 ], [ 151.6667, 66.4583 ], [ 151.6667, 64.7917 ], [ 151.6667, 63.3333 ], [ 151.6667, 62.9167 ], [ 151.6667, 61.875 ], [ 151.4583, 60.2083 ], [ 151.25, 58.75 ], [ 150.8333, 57.2917 ], [ 150.625, 56.6667 ], [ 150.625, 55.8333 ], [ 150.4167, 54.1667 ], [ 150.0, 52.7083 ], [ 149.375, 51.25 ], [ 148.9583, 49.7917 ], [ 148.75, 49.5833 ], [ 148.5417, 48.125 ], [ 148.125, 47.2917 ], [ 148.125, 46.4583 ], [ 147.5, 45.0 ], [ 147.0833, 43.5417 ], [ 146.4583, 41.875 ], [ 145.8333, 40.625 ], [ 145.625, 40.4167 ], [ 145.0, 38.9583 ], [ 144.1667, 37.5 ], [ 143.5417, 36.4583 ], [ 143.5417, 36.25 ], [ 143.5417, 35.8333 ], [ 144.5833, 34.375 ], [ 145.4167, 32.7083 ], [ 146.25, 31.25 ], [ 146.875, 29.7917 ], [ 147.5, 28.125 ], [ 147.9167, 26.6667 ], [ 148.3333, 25.2083 ], [ 148.5417, 23.75 ], [ 148.75, 22.0833 ], [ 148.9583, 20.625 ], [ 148.9583, 19.375 ], [ 148.9583, 18.9583 ], [ 148.9583, 17.5 ], [ 148.9583, 16.25 ], [ 148.9583, 16.0417 ], [ 148.9583, 14.375 ], [ 148.9583, 13.5417 ], [ 149.375, 13.3333 ], [ 150.0, 12.9167 ], [ 152.0833, 11.4583 ], [ 152.0833, 11.25 ], [ 153.9583, 9.7917 ], [ 155.625, 8.3333 ], [ 156.6667, 6.875 ], [ 157.0833, 6.0417 ], [ 157.7083, 5.4167 ], [ 158.3333, 3.75 ], [ 158.5417, 2.2917 ], [ 158.5417, 2.0833 ], [ 158.75, 0.8333 ], [ 158.3333, -0.8333 ], [ 157.7083, -1.6667 ], [ 157.5, -2.2917 ], [ 156.6667, -3.75 ], [ 155.4167, -5.4167 ], [ 154.375, -6.0417 ], [ 153.5417, -6.875 ], [ 151.875, -8.3333 ], [ 149.5833, -9.7917 ], [ 149.5833, -10.0 ], [ 149.7917, -11.4583 ], [ 149.7917, -12.5 ], [ 149.7917, -12.9167 ], [ 150.0, -14.375 ], [ 150.0, -16.0417 ], [ 149.7917, -17.5 ], [ 149.5833, -18.9583 ], [ 149.375, -20.625 ], [ 148.9583, -21.875 ], [ 148.9583, -22.0833 ], [ 148.3333, -23.5417 ], [ 147.9167, -25.2083 ], [ 147.5, -26.25 ], [ 147.5, -26.6667 ], [ 147.7083, -28.3333 ], [ 147.9167, -28.75 ], [ 148.125, -29.7917 ], [ 148.3333, -31.25 ], [ 148.5417, -32.9167 ], [ 148.5417, -34.375 ], [ 148.5417, -35.8333 ], [ 148.3333, -37.2917 ], [ 148.5417, -37.5 ], [ 148.5417, -38.9583 ], [ 148.75, -40.4167 ], [ 148.5417, -42.0833 ], [ 148.5417, -43.5417 ], [ 148.3333, -45.0 ], [ 147.9167, -46.4583 ], [ 147.9167, -46.6667 ], [ 147.7083, -47.7083 ], [ 147.9167, -48.125 ], [ 147.9167, -49.5833 ], [ 148.125, -51.25 ], [ 148.125, -52.0833 ], [ 148.125, -52.7083 ], [ 147.9167, -54.1667 ], [ 147.9167, -55.625 ], [ 147.5, -57.2917 ], [ 147.2917, -58.75 ], [ 146.875, -60.2083 ], [ 146.25, -61.875 ], [ 145.8333, -62.9167 ], [ 145.8333, -63.3333 ], [ 145.8333, -64.7917 ], [ 145.625, -66.4583 ], [ 145.4167, -67.9167 ], [ 145.2083, -69.375 ], [ 144.7917, -71.0417 ], [ 144.5833, -71.6667 ], [ 144.375, -72.5 ], [ 144.1667, -73.3333 ], [ 143.9583, -73.9583 ], [ 143.125, -74.375 ], [ 142.7083, -74.7917 ], [ 141.0417, -75.625 ], [ 139.5833, -76.4583 ], [ 138.125, -77.0833 ], [ 137.7083, -77.0833 ], [ 136.6667, -77.7083 ], [ 135.0, -78.125 ], [ 133.5417, -78.5417 ], [ 132.0833, -78.9583 ], [ 130.4167, -79.1667 ], [ 128.9583, -79.1667 ], [ 127.7083, -79.375 ], [ 127.5, -79.375 ], [ 127.0833, -79.375 ], [ 125.8333, -79.375 ], [ 124.375, -79.5833 ], [ 124.1667, -79.5833 ], [ 122.9167, -79.5833 ], [ 121.4583, -79.5833 ], [ 120.0, -79.5833 ], [ 119.7917, -79.375 ], [ 118.3333, -79.375 ], [ 116.875, -79.1667 ], [ 115.625, -78.75 ], [ 115.2083, -78.9583 ], [ 113.75, -79.375 ], [ 112.2917, -79.7917 ], [ 111.875, -79.7917 ], [ 110.8333, -80.0 ], [ 109.375, -80.4167 ], [ 107.7083, -80.625 ], [ 106.4583, -80.625 ], [ 106.25, -80.625 ], [ 104.7917, -81.0417 ], [ 103.125, -81.0417 ], [ 101.6667, -81.25 ], [ 100.2083, -81.0417 ], [ 98.75, -80.8333 ], [ 97.0833, -80.625 ], [ 96.875, -80.625 ], [ 96.0417, -80.625 ], [ 95.625, -80.625 ], [ 93.9583, -80.625 ], [ 92.5, -80.4167 ], [ 91.0417, -80.2083 ], [ 89.5833, -80.0 ], [ 89.1667, -79.7917 ], [ 87.9167, -79.5833 ], [ 86.4583, -78.9583 ], [ 85.625, -78.5417 ], [ 85.0, -78.75 ], [ 83.3333, -79.375 ], [ 81.875, -79.5833 ], [ 80.4167, -79.7917 ], [ 78.9583, -80.0 ], [ 78.125, -80.0 ], [ 77.5, -80.2083 ], [ 75.8333, -80.625 ], [ 75.625, -80.625 ], [ 74.375, -81.25 ], [ 73.9583, -81.4583 ], [ 72.9167, -81.875 ], [ 72.2917, -82.0833 ], [ 71.25, -82.5 ], [ 69.7917, -83.125 ], [ 68.3333, -83.3333 ], [ 66.6667, -83.5417 ], [ 65.2083, -83.5417 ], [ 64.5833, -83.5417 ], [ 63.75, -83.5417 ], [ 63.3333, -83.5417 ], [ 62.2917, -83.75 ], [ 60.625, -83.75 ], [ 59.1667, -83.75 ], [ 57.7083, -83.5417 ], [ 56.25, -83.125 ], [ 56.0417, -83.125 ], [ 54.5833, -83.125 ], [ 53.125, -82.7083 ], [ 51.6667, -82.2917 ], [ 50.0, -81.6667 ], [ 48.5417, -81.0417 ], [ 47.0833, -80.4167 ], [ 45.625, -80.0 ], [ 45.4167, -79.7917 ], [ 43.9583, -79.7917 ], [ 42.5, -79.5833 ], [ 40.8333, -79.375 ], [ 40.2083, -79.1667 ], [ 39.375, -79.5833 ], [ 37.9167, -80.0 ], [ 36.4583, -80.4167 ], [ 34.7917, -80.625 ], [ 33.5417, -80.625 ], [ 33.3333, -80.8333 ], [ 31.875, -80.8333 ], [ 30.4167, -81.0417 ], [ 28.75, -80.8333 ], [ 27.2917, -80.625 ], [ 27.0833, -80.625 ], [ 25.8333, -80.4167 ], [ 24.375, -80.0 ], [ 22.7083, -79.5833 ], [ 21.25, -78.9583 ], [ 19.7917, -78.3333 ], [ 18.3333, -77.5 ], [ 16.875, -76.6667 ], [ 16.6667, -76.6667 ], [ 15.2083, -77.0833 ], [ 15.0, -77.0833 ], [ 13.5417, -77.7083 ], [ 12.0833, -78.125 ], [ 10.625, -78.3333 ], [ 9.1667, -78.5417 ], [ 7.7083, -78.75 ], [ 6.0417, -78.75 ], [ 4.5833, -78.75 ], [ 3.125, -78.75 ], [ 2.2917, -78.5417 ], [ 1.4583, -78.5417 ], [ 0.0, -78.5417 ], [ -1.4583, -78.5417 ], [ -2.7083, -78.5417 ], [ -2.9167, -78.5417 ], [ -4.5833, -78.5417 ], [ -6.0417, -78.5417 ], [ -7.2917, -78.3333 ], [ -7.7083, -78.3333 ], [ -9.1667, -78.75 ], [ -10.2083, -78.9583 ], [ -10.625, -78.9583 ], [ -12.0833, -79.1667 ], [ -13.75, -79.375 ], [ -15.2083, -79.375 ], [ -16.6667, -79.1667 ], [ -18.125, -78.9583 ], [ -19.5833, -78.75 ], [ -19.7917, -78.75 ], [ -20.625, -79.1667 ], [ -21.25, -79.375 ], [ -22.7083, -79.7917 ], [ -24.375, -80.4167 ], [ -25.8333, -80.8333 ], [ -27.2917, -81.25 ], [ -28.5417, -81.4583 ], [ -28.9583, -81.4583 ], [ -30.4167, -81.6667 ], [ -31.875, -81.875 ], [ -32.7083, -81.875 ], [ -33.3333, -81.875 ], [ -34.7917, -82.0833 ], [ -36.4583, -81.875 ], [ -37.9167, -81.6667 ], [ -38.9583, -81.4583 ], [ -39.375, -81.4583 ], [ -41.0417, -81.0417 ], [ -42.5, -80.625 ], [ -43.125, -80.2083 ], [ -43.9583, -80.2083 ], [ -45.4167, -79.7917 ], [ -47.0833, -79.1667 ], [ -48.5417, -78.5417 ], [ -50.0, -77.9167 ], [ -51.6667, -78.125 ], [ -52.9167, -78.3333 ], [ -53.125, -78.5417 ], [ -54.5833, -79.375 ], [ -56.25, -80.2083 ], [ -57.7083, -81.0417 ], [ -59.1667, -81.6667 ], [ -60.625, -82.0833 ], [ -62.0833, -82.5 ], [ -62.9167, -82.7083 ], [ -63.75, -82.7083 ], [ -65.2083, -82.9167 ], [ -65.8333, -82.9167 ], [ -66.6667, -83.125 ], [ -67.2917, -83.125 ], [ -68.3333, -83.3333 ], [ -69.7917, -83.5417 ], [ -71.0417, -83.5417 ], [ -71.25, -83.5417 ], [ -72.9167, -83.75 ], [ -74.375, -83.5417 ], [ -75.8333, -83.3333 ], [ -77.2917, -82.9167 ], [ -78.9583, -82.2917 ], [ -80.2083, -81.6667 ], [ -80.4167, -81.6667 ], [ -81.875, -81.0417 ], [ -83.3333, -80.2083 ], [ -83.75, -80.0 ], [ -85.0, -79.5833 ], [ -86.4583, -78.75 ], [ -86.6667, -78.5417 ], [ -87.9167, -77.9167 ], [ -88.5417, -77.7083 ], [ -89.5833, -78.9583 ], [ -91.0417, -80.2083 ], [ -91.6667, -80.625 ], [ -92.5, -81.4583 ], [ -94.1667, -82.5 ], [ -95.625, -83.5417 ], [ -97.0833, -84.1667 ], [ -98.5417, -84.5833 ], [ -100.0, -85.0 ], [ -100.2083, -85.0 ], [ -101.6667, -85.2083 ], [ -103.125, -85.2083 ], [ -104.5833, -85.2083 ], [ -106.0417, -84.7917 ], [ -106.25, -84.7917 ], [ -107.0833, -84.5833 ], [ -107.7083, -84.7917 ], [ -108.125, -84.7917 ], [ -109.1667, -84.7917 ], [ -110.8333, -84.7917 ], [ -111.0417, -84.7917 ], [ -111.875, -84.7917 ], [ -112.2917, -85.0 ], [ -113.75, -85.4167 ], [ -115.2083, -85.625 ], [ -115.4167, -85.8333 ], [ -116.6667, -85.8333 ], [ -116.875, -86.0417 ], [ -118.3333, -86.25 ], [ -119.7917, -86.4583 ], [ -121.25, -86.25 ], [ -121.4583, -86.25 ], [ -121.6667, -86.25 ], [ -122.9167, -86.25 ], [ -123.125, -86.25 ], [ -124.375, -86.4583 ], [ -125.0, -86.25 ], [ -126.0417, -86.4583 ], [ -127.5, -86.25 ], [ -128.9583, -85.8333 ], [ -130.4167, -85.0 ], [ -131.875, -84.1667 ], [ -132.7083, -83.5417 ], [ -133.5417, -83.125 ], [ -133.9583, -82.9167 ], [ -135.0, -82.9167 ], [ -136.6667, -82.7083 ], [ -138.125, -82.5 ], [ -138.75, -82.2917 ], [ -139.5833, -82.2917 ], [ -141.0417, -82.0833 ], [ -141.875, -81.875 ], [ -142.7083, -81.875 ], [ -144.1667, -81.6667 ], [ -145.625, -81.25 ], [ -147.2917, -80.8333 ], [ -147.7083, -80.625 ], [ -148.75, -80.4167 ], [ -150.2083, -80.0 ] ], [ [ -6.25, 47.5 ], [ -6.6667, 47.5 ], [ -6.875, 47.7083 ], [ -6.875, 48.125 ], [ -7.0833, 48.3333 ], [ -7.2917, 48.3333 ], [ -7.7083, 48.3333 ], [ -7.9167, 48.3333 ], [ -8.125, 48.3333 ], [ -8.3333, 48.125 ], [ -8.9583, 48.125 ], [ -9.1667, 48.125 ], [ -9.375, 48.5417 ], [ -9.7917, 48.9583 ], [ -10.0, 49.1667 ], [ -10.2083, 49.1667 ], [ -10.625, 49.1667 ], [ -10.8333, 48.9583 ], [ -11.25, 49.1667 ], [ -11.4583, 48.9583 ], [ -11.875, 49.1667 ], [ -12.2917, 48.9583 ], [ -12.0833, 49.7917 ], [ -12.5, 49.7917 ], [ -12.5, 50.0 ], [ -12.9167, 50.0 ], [ -13.125, 50.2083 ], [ -13.3333, 50.2083 ], [ -13.5417, 50.0 ], [ -13.75, 50.0 ], [ -14.1667, 50.0 ], [ -14.375, 50.0 ], [ -14.5833, 50.0 ], [ -14.7917, 50.0 ], [ -15.4167, 50.0 ], [ -15.8333, 49.7917 ], [ -16.0417, 50.0 ], [ -16.25, 49.7917 ], [ -16.4583, 50.0 ], [ -16.6667, 50.0 ], [ -16.6667, 49.7917 ], [ -16.875, 49.5833 ], [ -17.2917, 49.5833 ], [ -17.7083, 49.7917 ], [ -17.5, 50.0 ], [ -17.5, 50.2083 ], [ -17.7083, 50.2083 ], [ -17.7083, 50.8333 ], [ -18.3333, 50.8333 ], [ -18.5417, 50.8333 ], [ -18.75, 50.8333 ], [ -18.75, 51.0417 ], [ -19.1667, 51.0417 ], [ -19.1667, 51.4583 ], [ -18.75, 51.875 ], [ -18.9583, 52.0833 ], [ -18.9583, 52.5 ], [ -19.1667, 52.7083 ], [ -19.1667, 52.9167 ], [ -19.1667, 53.3333 ], [ -19.1667, 53.5417 ], [ -18.9583, 54.1667 ], [ -18.5417, 54.375 ], [ -18.3333, 54.7917 ], [ -18.3333, 55.0 ], [ -18.125, 55.2083 ], [ -17.7083, 55.2083 ], [ -17.2917, 55.2083 ], [ -17.0833, 55.2083 ], [ -16.875, 55.2083 ], [ -16.6667, 54.7917 ], [ -16.4583, 54.375 ], [ -16.4583, 54.1667 ], [ -16.25, 53.9583 ], [ -16.0417, 53.5417 ], [ -15.625, 53.5417 ], [ -15.4167, 53.5417 ], [ -15.0, 53.5417 ], [ -14.7917, 53.75 ], [ -14.375, 53.75 ], [ -14.375, 54.375 ], [ -14.1667, 54.375 ], [ -13.75, 54.7917 ], [ -13.75, 55.0 ], [ -13.75, 55.4167 ], [ -13.5417, 55.625 ], [ -13.75, 56.0417 ], [ -13.9583, 56.0417 ], [ -14.375, 55.8333 ], [ -14.7917, 56.0417 ], [ -14.5833, 56.4583 ], [ -14.5833, 56.875 ], [ -14.375, 57.0833 ], [ -14.375, 57.5 ], [ -14.5833, 57.5 ], [ -14.5833, 58.125 ], [ -14.7917, 58.125 ], [ -15.2083, 58.3333 ], [ -15.625, 58.3333 ], [ -15.8333, 58.5417 ], [ -16.0417, 58.75 ], [ -16.4583, 58.9583 ], [ -16.875, 59.375 ], [ -17.0833, 59.5833 ], [ -17.0833, 59.7917 ], [ -17.0833, 60.0 ], [ -17.2917, 60.2083 ], [ -17.5, 60.625 ], [ -17.9167, 60.8333 ], [ -18.3333, 60.8333 ], [ -18.75, 61.0417 ], [ -18.9583, 61.0417 ], [ -18.9583, 61.25 ], [ -19.5833, 61.25 ], [ -20.0, 61.25 ], [ -20.2083, 61.25 ], [ -20.625, 61.4583 ], [ -20.8333, 61.25 ], [ -21.0417, 61.25 ], [ -21.4583, 61.0417 ], [ -21.4583, 60.8333 ], [ -21.25, 60.4167 ], [ -21.4583, 60.0 ], [ -21.875, 59.7917 ], [ -21.875, 59.5833 ], [ -22.0833, 59.5833 ], [ -22.0833, 59.375 ], [ -21.875, 58.75 ], [ -21.875, 58.5417 ], [ -22.0833, 58.5417 ], [ -22.0833, 57.9167 ], [ -22.2917, 57.7083 ], [ -22.5, 57.5 ], [ -22.5, 57.2917 ], [ -22.9167, 57.0833 ], [ -22.9167, 56.6667 ], [ -23.125, 56.4583 ], [ -23.125, 56.25 ], [ -23.5417, 56.0417 ], [ -23.75, 55.8333 ], [ -23.75, 55.625 ], [ -23.9583, 55.2083 ], [ -24.375, 55.4167 ], [ -24.5833, 55.2083 ], [ -24.375, 54.5833 ], [ -24.5833, 54.5833 ], [ -24.375, 53.9583 ], [ -24.5833, 53.9583 ], [ -25.0, 53.5417 ], [ -25.0, 53.3333 ], [ -25.2083, 52.9167 ], [ -25.2083, 52.7083 ], [ -25.4167, 52.5 ], [ -25.625, 52.0833 ], [ -25.625, 51.875 ], [ -25.8333, 51.4583 ], [ -25.8333, 51.0417 ], [ -25.8333, 50.625 ], [ -25.8333, 50.4167 ], [ -25.625, 50.2083 ], [ -26.0417, 49.7917 ], [ -26.4583, 49.5833 ], [ -26.25, 49.1667 ], [ -26.25, 48.9583 ], [ -26.0417, 48.75 ], [ -26.0417, 48.5417 ], [ -26.6667, 48.3333 ], [ -27.0833, 48.3333 ], [ -27.5, 48.5417 ], [ -27.7083, 48.5417 ], [ -27.7083, 48.3333 ], [ -28.125, 48.5417 ], [ -28.5417, 48.5417 ], [ -28.75, 48.3333 ], [ -28.9583, 48.125 ], [ -29.1667, 47.5 ], [ -29.7917, 47.7083 ], [ -29.7917, 47.5 ], [ -30.2083, 47.7083 ], [ -30.4167, 47.5 ], [ -30.625, 47.7083 ], [ -30.8333, 47.7083 ], [ -31.0417, 47.2917 ], [ -31.4583, 47.2917 ], [ -31.4583, 46.875 ], [ -32.0833, 46.875 ], [ -32.2917, 46.875 ], [ -32.2917, 46.6667 ], [ -32.0833, 46.25 ], [ -32.7083, 46.0417 ], [ -32.7083, 45.625 ], [ -32.5, 45.0 ], [ -32.9167, 44.7917 ], [ -33.125, 44.7917 ], [ -33.3333, 44.5833 ], [ -33.3333, 44.375 ], [ -33.3333, 44.1667 ], [ -33.3333, 43.75 ], [ -33.5417, 43.3333 ], [ -33.5417, 43.125 ], [ -33.5417, 42.5 ], [ -33.5417, 41.875 ], [ -33.75, 41.25 ], [ -33.75, 40.8333 ], [ -33.9583, 40.8333 ], [ -34.1667, 40.625 ], [ -34.375, 40.4167 ], [ -34.375, 40.0 ], [ -34.375, 39.5833 ], [ -34.5833, 39.1667 ], [ -35.0, 39.375 ], [ -35.4167, 39.375 ], [ -35.8333, 38.9583 ], [ -36.0417, 38.5417 ], [ -36.25, 38.5417 ], [ -36.4583, 38.5417 ], [ -36.6667, 38.5417 ], [ -36.875, 38.3333 ], [ -37.7083, 38.3333 ], [ -38.125, 38.3333 ], [ -38.3333, 37.9167 ], [ -38.75, 37.7083 ], [ -39.1667, 37.5 ], [ -39.7917, 37.2917 ], [ -39.7917, 36.875 ], [ -39.375, 36.4583 ], [ -39.375, 36.25 ], [ -39.375, 35.8333 ], [ -39.1667, 35.8333 ], [ -38.9583, 35.4167 ], [ -38.5417, 35.4167 ], [ -38.125, 35.4167 ], [ -37.9167, 35.625 ], [ -37.5, 35.2083 ], [ -37.0833, 34.7917 ], [ -37.0833, 34.5833 ], [ -36.875, 34.375 ], [ -36.6667, 33.9583 ], [ -36.0417, 33.9583 ], [ -35.625, 33.9583 ], [ -35.4167, 34.1667 ], [ -35.0, 33.9583 ], [ -34.5833, 33.75 ], [ -34.375, 33.75 ], [ -34.1667, 33.3333 ], [ -34.375, 33.125 ], [ -33.9583, 32.7083 ], [ -33.75, 32.5 ], [ -33.5417, 32.7083 ], [ -33.5417, 32.5 ], [ -33.3333, 32.7083 ], [ -32.9167, 32.5 ], [ -32.7083, 32.5 ], [ -32.2917, 32.2917 ], [ -32.2917, 32.0833 ], [ -32.0833, 31.875 ], [ -32.0833, 31.6667 ], [ -31.875, 31.4583 ], [ -31.875, 31.25 ], [ -31.6667, 31.0417 ], [ -31.875, 30.625 ], [ -31.4583, 30.4167 ], [ -31.4583, 30.2083 ], [ -31.25, 30.0 ], [ -31.25, 29.7917 ], [ -31.6667, 29.5833 ], [ -31.875, 29.1667 ], [ -31.6667, 28.9583 ], [ -31.25, 28.75 ], [ -31.25, 28.3333 ], [ -31.25, 28.125 ], [ -31.4583, 28.125 ], [ -31.6667, 27.9167 ], [ -31.875, 27.7083 ], [ -31.875, 27.5 ], [ -31.875, 27.2917 ], [ -32.2917, 27.0833 ], [ -32.2917, 26.6667 ], [ -32.5, 26.6667 ], [ -32.5, 26.4583 ], [ -32.9167, 26.25 ], [ -33.3333, 26.0417 ], [ -33.5417, 25.8333 ], [ -33.75, 25.8333 ], [ -33.9583, 25.2083 ], [ -33.75, 25.2083 ], [ -33.75, 24.7917 ], [ -33.5417, 24.7917 ], [ -33.3333, 24.375 ], [ -33.125, 24.1667 ], [ -32.7083, 23.75 ], [ -32.9167, 23.3333 ], [ -33.75, 22.9167 ], [ -33.9583, 22.9167 ], [ -33.9583, 22.5 ], [ -33.5417, 22.0833 ], [ -33.125, 21.875 ], [ -32.7083, 21.875 ], [ -32.5, 21.4583 ], [ -32.2917, 21.4583 ], [ -32.0833, 21.0417 ], [ -31.6667, 21.0417 ], [ -31.4583, 20.8333 ], [ -31.25, 20.625 ], [ -30.625, 20.4167 ], [ -30.2083, 20.0 ], [ -30.2083, 19.7917 ], [ -30.625, 19.5833 ], [ -30.4167, 19.1667 ], [ -30.625, 18.9583 ], [ -30.625, 18.3333 ], [ -30.2083, 18.125 ], [ -30.0, 18.3333 ], [ -29.375, 18.125 ], [ -29.375, 18.3333 ], [ -28.9583, 18.125 ], [ -28.5417, 17.9167 ], [ -28.3333, 17.5 ], [ -28.5417, 17.2917 ], [ -28.3333, 17.2917 ], [ -28.125, 17.0833 ], [ -27.7083, 17.5 ], [ -27.5, 16.875 ], [ -27.2917, 16.875 ], [ -27.2917, 16.6667 ], [ -27.5, 16.4583 ], [ -27.0833, 15.8333 ], [ -26.875, 15.2083 ], [ -26.875, 15.0 ], [ -26.6667, 14.5833 ], [ -26.4583, 14.375 ], [ -26.25, 14.1667 ], [ -26.0417, 14.1667 ], [ -25.8333, 13.75 ], [ -25.4167, 13.9583 ], [ -25.2083, 13.75 ], [ -25.0, 13.5417 ], [ -24.7917, 13.5417 ], [ -24.5833, 13.3333 ], [ -24.1667, 13.5417 ], [ -23.75, 13.5417 ], [ -23.5417, 13.5417 ], [ -23.125, 13.3333 ], [ -22.9167, 13.125 ], [ -22.9167, 12.9167 ], [ -23.125, 12.7083 ], [ -23.125, 12.5 ], [ -22.7083, 12.0833 ], [ -22.2917, 12.0833 ], [ -22.2917, 11.6667 ], [ -22.2917, 11.4583 ], [ -22.2917, 11.25 ], [ -22.2917, 11.0417 ], [ -21.875, 10.625 ], [ -21.6667, 10.2083 ], [ -21.25, 10.4167 ], [ -21.0417, 10.625 ], [ -20.8333, 10.625 ], [ -20.4167, 10.4167 ], [ -20.4167, 10.625 ], [ -20.0, 10.2083 ], [ -19.7917, 10.0 ], [ -19.5833, 9.7917 ], [ -19.5833, 9.5833 ], [ -19.375, 9.375 ], [ -19.375, 8.75 ], [ -18.9583, 8.75 ], [ -18.75, 8.75 ], [ -18.3333, 8.5417 ], [ -18.125, 8.3333 ], [ -17.9167, 8.125 ], [ -17.7083, 8.125 ], [ -17.7083, 7.9167 ], [ -17.2917, 7.9167 ], [ -17.2917, 7.7083 ], [ -16.875, 7.5 ], [ -16.4583, 7.2917 ], [ -16.0417, 7.2917 ], [ -15.8333, 7.2917 ], [ -15.8333, 7.7083 ], [ -15.4167, 7.9167 ], [ -15.2083, 8.3333 ], [ -14.7917, 8.125 ], [ -14.7917, 7.9167 ], [ -14.375, 7.7083 ], [ -13.75, 7.9167 ], [ -13.3333, 8.3333 ], [ -13.125, 8.125 ], [ -12.7083, 7.9167 ], [ -12.2917, 8.125 ], [ -12.0833, 8.3333 ], [ -12.2917, 8.75 ], [ -12.2917, 8.9583 ], [ -12.5, 9.1667 ], [ -12.5, 9.375 ], [ -12.7083, 9.7917 ], [ -13.125, 10.2083 ], [ -13.125, 10.4167 ], [ -13.125, 10.8333 ], [ -13.125, 11.0417 ], [ -12.9167, 11.25 ], [ -12.9167, 11.4583 ], [ -12.7083, 11.4583 ], [ -12.7083, 11.875 ], [ -12.9167, 12.0833 ], [ -12.5, 12.5 ], [ -12.0833, 12.9167 ], [ -12.2917, 13.3333 ], [ -12.5, 13.5417 ], [ -12.7083, 13.5417 ], [ -13.125, 13.5417 ], [ -13.3333, 13.75 ], [ -13.5417, 13.75 ], [ -13.75, 13.9583 ], [ -13.75, 14.375 ], [ -13.75, 14.5833 ], [ -13.75, 14.7917 ], [ -13.9583, 15.2083 ], [ -14.375, 15.0 ], [ -14.7917, 15.2083 ], [ -14.7917, 15.4167 ], [ -14.5833, 15.625 ], [ -14.7917, 15.8333 ], [ -14.7917, 16.0417 ], [ -14.5833, 16.25 ], [ -14.375, 16.4583 ], [ -13.9583, 16.25 ], [ -13.9583, 16.4583 ], [ -13.3333, 16.25 ], [ -13.125, 16.6667 ], [ -13.125, 16.875 ], [ -12.9167, 17.0833 ], [ -12.9167, 17.2917 ], [ -13.125, 17.5 ], [ -12.9167, 17.9167 ], [ -12.9167, 18.125 ], [ -12.2917, 17.9167 ], [ -12.0833, 18.5417 ], [ -12.2917, 18.5417 ], [ -12.2917, 18.75 ], [ -11.875, 18.9583 ], [ -11.4583, 18.75 ], [ -11.4583, 19.5833 ], [ -11.4583, 20.0 ], [ -11.4583, 20.2083 ], [ -11.4583, 20.4167 ], [ -11.25, 20.4167 ], [ -10.8333, 20.8333 ], [ -11.0417, 21.25 ], [ -10.8333, 21.4583 ], [ -10.2083, 21.6667 ], [ -10.0, 21.875 ], [ -10.0, 22.2917 ], [ -10.0, 22.7083 ], [ -10.0, 22.9167 ], [ -10.2083, 23.3333 ], [ -9.7917, 23.5417 ], [ -9.5833, 23.3333 ], [ -9.375, 23.3333 ], [ -9.1667, 23.5417 ], [ -9.375, 23.75 ], [ -9.1667, 24.1667 ], [ -8.9583, 24.1667 ], [ -8.9583, 24.375 ], [ -8.5417, 24.375 ], [ -8.3333, 24.7917 ], [ -8.125, 24.7917 ], [ -7.9167, 24.7917 ], [ -7.7083, 25.0 ], [ -7.5, 25.0 ], [ -7.2917, 25.2083 ], [ -6.875, 25.2083 ], [ -6.6667, 25.4167 ], [ -6.4583, 25.4167 ], [ -6.25, 25.625 ], [ -6.0417, 25.8333 ], [ -5.8333, 25.8333 ], [ -5.625, 26.0417 ], [ -5.4167, 26.0417 ], [ -5.2083, 25.8333 ], [ -4.7917, 25.4167 ], [ -4.5833, 25.4167 ], [ -4.375, 25.2083 ], [ -4.1667, 25.2083 ], [ -4.1667, 25.0 ], [ -3.9583, 25.0 ], [ -3.75, 25.0 ], [ -3.5417, 24.7917 ], [ -3.125, 25.4167 ], [ -3.3333, 25.4167 ], [ -3.125, 25.8333 ], [ -2.7083, 25.625 ], [ -2.5, 25.8333 ], [ -2.5, 26.0417 ], [ -2.7083, 26.25 ], [ -2.7083, 26.4583 ], [ -2.7083, 26.6667 ], [ -2.5, 26.6667 ], [ -1.875, 26.4583 ], [ -1.4583, 26.4583 ], [ -1.25, 26.4583 ], [ -0.8333, 26.6667 ], [ -0.625, 27.0833 ], [ -0.2083, 27.0833 ], [ -0.2083, 27.2917 ], [ -0.2083, 27.5 ], [ 0.0, 27.5 ], [ 0.2083, 27.7083 ], [ 0.4167, 27.9167 ], [ 0.8333, 28.5417 ], [ 1.0417, 28.5417 ], [ 1.0417, 28.75 ], [ 1.4583, 28.9583 ], [ 1.4583, 29.1667 ], [ 1.4583, 29.375 ], [ 1.25, 29.7917 ], [ 1.25, 30.2083 ], [ 1.4583, 30.4167 ], [ 1.6667, 30.625 ], [ 2.0833, 30.625 ], [ 2.2917, 30.0 ], [ 2.5, 30.0 ], [ 2.7083, 30.2083 ], [ 2.9167, 30.2083 ], [ 3.125, 30.625 ], [ 3.5417, 30.8333 ], [ 3.75, 30.8333 ], [ 4.1667, 30.8333 ], [ 4.1667, 31.0417 ], [ 4.375, 31.25 ], [ 4.375, 31.6667 ], [ 4.5833, 31.875 ], [ 4.7917, 31.6667 ], [ 5.2083, 31.875 ], [ 5.2083, 32.0833 ], [ 4.7917, 32.2917 ], [ 5.0, 32.7083 ], [ 5.2083, 32.7083 ], [ 5.4167, 33.125 ], [ 5.4167, 33.3333 ], [ 5.8333, 33.5417 ], [ 6.0417, 33.75 ], [ 5.625, 34.1667 ], [ 5.4167, 34.5833 ], [ 5.625, 34.7917 ], [ 5.8333, 34.7917 ], [ 6.25, 34.7917 ], [ 6.4583, 35.0 ], [ 6.875, 35.0 ], [ 6.875, 35.2083 ], [ 7.0833, 35.4167 ], [ 7.5, 35.0 ], [ 7.9167, 34.7917 ], [ 8.3333, 34.375 ], [ 8.5417, 34.1667 ], [ 8.9583, 33.9583 ], [ 9.1667, 34.375 ], [ 8.9583, 34.7917 ], [ 8.9583, 35.2083 ], [ 8.9583, 35.625 ], [ 8.75, 35.8333 ], [ 8.5417, 35.8333 ], [ 8.125, 36.25 ], [ 8.3333, 36.4583 ], [ 8.125, 36.6667 ], [ 8.3333, 37.0833 ], [ 8.125, 37.2917 ], [ 8.125, 37.5 ], [ 8.3333, 37.7083 ], [ 8.5417, 37.7083 ], [ 8.75, 37.7083 ], [ 9.1667, 37.7083 ], [ 9.7917, 37.7083 ], [ 9.7917, 38.3333 ], [ 9.5833, 38.9583 ], [ 9.5833, 39.375 ], [ 9.1667, 39.375 ], [ 8.9583, 39.7917 ], [ 9.1667, 40.0 ], [ 9.1667, 40.4167 ], [ 9.375, 40.8333 ], [ 9.1667, 41.0417 ], [ 9.375, 41.25 ], [ 9.375, 41.4583 ], [ 9.5833, 41.6667 ], [ 9.375, 42.0833 ], [ 9.1667, 42.2917 ], [ 8.9583, 42.7083 ], [ 8.75, 43.125 ], [ 8.3333, 43.5417 ], [ 8.3333, 43.9583 ], [ 8.125, 44.1667 ], [ 8.5417, 44.7917 ], [ 8.125, 45.2083 ], [ 7.9167, 45.2083 ], [ 7.5, 45.4167 ], [ 7.5, 45.8333 ], [ 7.5, 46.0417 ], [ 7.0833, 46.4583 ], [ 6.875, 46.4583 ], [ 6.6667, 46.25 ], [ 6.25, 46.4583 ], [ 6.0417, 46.25 ], [ 5.8333, 46.4583 ], [ 5.625, 46.25 ], [ 5.4167, 46.25 ], [ 5.4167, 46.4583 ], [ 5.0, 46.6667 ], [ 4.5833, 46.4583 ], [ 4.375, 46.4583 ], [ 4.1667, 46.25 ], [ 3.75, 46.6667 ], [ 3.5417, 46.4583 ], [ 3.3333, 46.875 ], [ 3.125, 46.875 ], [ 3.125, 47.2917 ], [ 2.9167, 47.2917 ], [ 2.9167, 47.5 ], [ 2.9167, 47.7083 ], [ 2.9167, 47.9167 ], [ 2.9167, 48.125 ], [ 3.3333, 48.3333 ], [ 3.9583, 48.5417 ], [ 4.1667, 48.5417 ], [ 4.375, 48.125 ], [ 4.375, 47.9167 ], [ 4.7917, 47.7083 ], [ 5.2083, 47.5 ], [ 5.4167, 47.7083 ], [ 5.625, 47.5 ], [ 6.0417, 47.7083 ], [ 6.0417, 47.9167 ], [ 6.25, 48.125 ], [ 6.4583, 48.3333 ], [ 6.6667, 48.5417 ], [ 6.6667, 48.75 ], [ 7.0833, 48.9583 ], [ 7.5, 48.75 ], [ 7.2917, 48.3333 ], [ 7.5, 48.125 ], [ 7.2917, 47.7083 ], [ 7.5, 47.5 ], [ 7.5, 47.2917 ], [ 7.5, 47.0833 ], [ 7.9167, 46.875 ], [ 8.125, 46.6667 ], [ 8.3333, 46.6667 ], [ 8.9583, 46.6667 ], [ 9.1667, 46.6667 ], [ 9.5833, 46.875 ], [ 9.5833, 47.0833 ], [ 10.2083, 47.0833 ], [ 10.8333, 46.875 ], [ 11.25, 46.875 ], [ 11.4583, 46.875 ], [ 11.25, 47.2917 ], [ 11.25, 47.5 ], [ 11.6667, 47.5 ], [ 11.875, 47.7083 ], [ 12.0833, 47.7083 ], [ 12.2917, 47.5 ], [ 12.5, 47.7083 ], [ 12.7083, 47.9167 ], [ 12.9167, 47.9167 ], [ 13.125, 48.125 ], [ 13.125, 48.75 ], [ 12.9167, 49.375 ], [ 12.9167, 49.5833 ], [ 12.7083, 49.7917 ], [ 12.7083, 50.0 ], [ 12.0833, 50.2083 ], [ 12.0833, 50.4167 ], [ 12.0833, 50.625 ], [ 11.6667, 50.625 ], [ 11.4583, 51.0417 ], [ 11.4583, 51.4583 ], [ 11.0417, 51.6667 ], [ 10.8333, 51.4583 ], [ 10.625, 51.4583 ], [ 10.4167, 51.25 ], [ 10.0, 51.0417 ], [ 9.7917, 51.0417 ], [ 9.5833, 50.625 ], [ 9.1667, 50.625 ], [ 8.9583, 50.625 ], [ 8.75, 50.625 ], [ 8.5417, 50.625 ], [ 8.3333, 50.4167 ], [ 8.125, 50.625 ], [ 7.5, 50.625 ], [ 7.5, 50.4167 ], [ 7.0833, 50.4167 ], [ 6.875, 50.625 ], [ 6.6667, 50.625 ], [ 6.4583, 51.0417 ], [ 6.25, 51.0417 ], [ 6.0417, 50.625 ], [ 5.625, 50.625 ], [ 5.4167, 50.625 ], [ 5.4167, 50.8333 ], [ 5.0, 51.0417 ], [ 5.0, 51.25 ], [ 4.375, 51.25 ], [ 4.375, 51.4583 ], [ 3.9583, 51.6667 ], [ 3.3333, 51.4583 ], [ 3.3333, 51.6667 ], [ 3.125, 51.875 ], [ 2.9167, 51.875 ], [ 2.5, 52.0833 ], [ 2.0833, 51.875 ], [ 2.0833, 52.0833 ], [ 1.6667, 51.6667 ], [ 1.25, 51.875 ], [ 1.0417, 51.875 ], [ 0.8333, 51.875 ], [ 0.625, 51.875 ], [ 0.4167, 51.6667 ], [ 0.0, 51.6667 ], [ -0.2083, 51.875 ], [ -0.2083, 52.0833 ], [ -0.4167, 52.0833 ], [ -0.625, 52.5 ], [ -0.8333, 52.5 ], [ -1.0417, 52.9167 ], [ -1.0417, 53.125 ], [ -1.4583, 53.125 ], [ -1.875, 53.125 ], [ -2.7083, 52.9167 ], [ -2.7083, 53.125 ], [ -3.3333, 52.9167 ], [ -3.9583, 52.7083 ], [ -3.9583, 52.5 ], [ -4.1667, 52.2917 ], [ -4.375, 52.2917 ], [ -4.5833, 51.875 ], [ -4.5833, 51.6667 ], [ -4.375, 51.4583 ], [ -4.375, 51.25 ], [ -3.9583, 50.8333 ], [ -4.1667, 50.625 ], [ -3.9583, 50.2083 ], [ -3.9583, 50.0 ], [ -3.5417, 49.7917 ], [ -3.5417, 49.5833 ], [ -3.125, 49.375 ], [ -2.9167, 49.1667 ], [ -2.5, 49.5833 ], [ -2.0833, 49.7917 ], [ -1.875, 49.7917 ], [ -1.6667, 49.375 ], [ -1.0417, 49.1667 ], [ -0.8333, 49.375 ], [ -0.625, 49.375 ], [ -0.2083, 49.375 ], [ 0.0, 49.1667 ], [ 0.0, 48.75 ], [ 0.4167, 48.5417 ], [ 0.625, 48.5417 ], [ 0.8333, 48.125 ], [ 0.4167, 47.9167 ], [ 0.2083, 47.9167 ], [ 0.0, 47.7083 ], [ -0.4167, 47.7083 ], [ -0.625, 47.7083 ], [ -1.0417, 47.5 ], [ -1.0417, 47.2917 ], [ -1.4583, 47.0833 ], [ -1.6667, 47.0833 ], [ -1.875, 46.875 ], [ -2.2917, 46.875 ], [ -2.2917, 47.2917 ], [ -2.2917, 47.5 ], [ -2.5, 47.7083 ], [ -3.125, 47.7083 ], [ -3.3333, 47.7083 ], [ -3.75, 47.5 ], [ -3.75, 46.875 ], [ -4.375, 47.0833 ], [ -4.5833, 47.2917 ], [ -4.7917, 47.2917 ], [ -5.0, 47.2917 ], [ -5.2083, 47.0833 ], [ -5.625, 47.5 ], [ -5.8333, 47.5 ], [ -6.25, 47.5 ] ], [ [ -6.25, 23.5417 ], [ -6.6667, 23.5417 ], [ -7.0833, 23.125 ], [ -6.6667, 22.7083 ], [ -6.4583, 22.7083 ], [ -6.0417, 22.9167 ], [ -6.0417, 23.125 ], [ -6.0417, 23.3333 ], [ -6.25, 23.5417 ] ], [ [ -6.25, 18.125 ], [ -6.6667, 18.3333 ], [ -6.875, 18.3333 ], [ -6.875, 17.9167 ], [ -6.875, 17.7083 ], [ -6.4583, 17.5 ], [ -6.25, 17.7083 ], [ -6.25, 17.9167 ], [ -6.25, 18.125 ] ], [ [ 1.875, -34.7917 ], [ 1.4583, -34.5833 ], [ 1.6667, -34.1667 ], [ 1.4583, -34.1667 ], [ 1.4583, -33.9583 ], [ 1.4583, -33.75 ], [ 1.6667, -33.5417 ], [ 1.25, -33.125 ], [ 1.4583, -32.9167 ], [ 1.25, -32.5 ], [ 1.0417, -32.0833 ], [ 0.8333, -31.875 ], [ 0.625, -31.875 ], [ 0.4167, -31.875 ], [ 0.0, -31.6667 ], [ 0.0, -31.4583 ], [ -0.4167, -31.4583 ], [ -0.625, -31.0417 ], [ -1.0417, -30.8333 ], [ -0.8333, -30.4167 ], [ -1.0417, -30.2083 ], [ -1.0417, -29.7917 ], [ -1.4583, -29.7917 ], [ -1.875, -29.7917 ], [ -2.5, -29.375 ], [ -2.5, -29.1667 ], [ -2.7083, -28.75 ], [ -2.9167, -28.75 ], [ -3.125, -28.3333 ], [ -3.125, -28.125 ], [ -3.3333, -27.7083 ], [ -3.125, -27.2917 ], [ -3.3333, -27.2917 ], [ -3.9583, -27.2917 ], [ -4.1667, -27.2917 ], [ -4.5833, -27.2917 ], [ -4.5833, -27.5 ], [ -4.7917, -27.7083 ], [ -5.2083, -27.2917 ], [ -5.625, -27.2917 ], [ -6.0417, -26.875 ], [ -6.0417, -26.6667 ], [ -6.25, -26.6667 ], [ -6.4583, -26.25 ], [ -6.6667, -26.25 ], [ -6.875, -26.25 ], [ -7.2917, -26.25 ], [ -7.7083, -25.8333 ], [ -7.9167, -25.4167 ], [ -7.9167, -25.2083 ], [ -8.5417, -24.7917 ], [ -8.3333, -24.5833 ], [ -8.3333, -23.9583 ], [ -8.5417, -23.75 ], [ -8.75, -23.75 ], [ -8.9583, -23.5417 ], [ -9.1667, -23.75 ], [ -9.5833, -23.5417 ], [ -10.0, -23.5417 ], [ -10.2083, -23.75 ], [ -10.625, -23.5417 ], [ -10.625, -23.3333 ], [ -11.0417, -23.125 ], [ -11.6667, -22.9167 ], [ -11.875, -22.9167 ], [ -12.2917, -22.5 ], [ -12.0833, -22.2917 ], [ -12.0833, -22.0833 ], [ -12.0833, -21.6667 ], [ -11.4583, -21.0417 ], [ -12.0833, -21.0417 ], [ -12.7083, -21.4583 ], [ -13.3333, -21.4583 ], [ -13.75, -21.4583 ], [ -13.9583, -21.25 ], [ -14.375, -21.25 ], [ -14.5833, -20.8333 ], [ -14.5833, -20.625 ], [ -14.5833, -20.2083 ], [ -15.0, -20.2083 ], [ -15.0, -20.0 ], [ -15.2083, -20.0 ], [ -15.4167, -19.5833 ], [ -15.4167, -19.375 ], [ -15.625, -19.1667 ], [ -15.8333, -19.1667 ], [ -16.0417, -19.1667 ], [ -16.4583, -19.1667 ], [ -16.875, -19.375 ], [ -17.2917, -19.375 ], [ -17.5, -19.5833 ], [ -17.5, -19.7917 ], [ -17.9167, -20.0 ], [ -18.3333, -19.7917 ], [ -18.125, -19.375 ], [ -18.125, -18.9583 ], [ -18.3333, -18.75 ], [ -18.5417, -18.5417 ], [ -18.9583, -18.5417 ], [ -19.1667, -18.9583 ], [ -18.9583, -19.1667 ], [ -19.375, -19.375 ], [ -19.375, -19.7917 ], [ -20.0, -19.7917 ], [ -20.2083, -19.7917 ], [ -20.4167, -19.7917 ], [ -20.8333, -19.7917 ], [ -20.8333, -19.5833 ], [ -21.4583, -19.5833 ], [ -21.6667, -19.5833 ], [ -21.875, -19.5833 ], [ -22.0833, -19.1667 ], [ -22.0833, -18.9583 ], [ -22.0833, -18.75 ], [ -22.2917, -18.5417 ], [ -22.5, -18.125 ], [ -22.9167, -18.125 ], [ -23.125, -17.7083 ], [ -23.125, -17.5 ], [ -23.3333, -17.2917 ], [ -23.5417, -17.0833 ], [ -23.9583, -16.6667 ], [ -24.7917, -16.4583 ], [ -24.7917, -16.6667 ], [ -24.7917, -17.0833 ], [ -25.0, -17.0833 ], [ -25.4167, -17.2917 ], [ -25.4167, -17.5 ], [ -25.8333, -17.5 ], [ -26.0417, -17.5 ], [ -26.25, -17.7083 ], [ -26.875, -17.7083 ], [ -27.0833, -17.7083 ], [ -27.5, -17.7083 ], [ -28.125, -17.9167 ], [ -28.3333, -17.9167 ], [ -28.5417, -17.9167 ], [ -28.9583, -18.125 ], [ -29.1667, -18.125 ], [ -29.5833, -18.125 ], [ -29.7917, -17.7083 ], [ -30.0, -17.7083 ], [ -30.2083, -18.125 ], [ -30.4167, -18.125 ], [ -30.4167, -18.3333 ], [ -30.625, -18.5417 ], [ -31.0417, -18.75 ], [ -31.4583, -18.9583 ], [ -31.6667, -18.9583 ], [ -31.875, -18.9583 ], [ -32.0833, -19.375 ], [ -31.6667, -19.7917 ], [ -31.6667, -20.2083 ], [ -31.6667, -20.4167 ], [ -31.875, -20.4167 ], [ -32.2917, -20.4167 ], [ -32.9167, -20.2083 ], [ -32.9167, -20.4167 ], [ -33.125, -20.625 ], [ -33.3333, -20.8333 ], [ -33.5417, -20.8333 ], [ -33.9583, -20.8333 ], [ -33.9583, -20.625 ], [ -34.375, -20.625 ], [ -34.5833, -20.4167 ], [ -35.0, -20.625 ], [ -35.0, -20.8333 ], [ -35.625, -21.0417 ], [ -35.625, -21.25 ], [ -36.0417, -21.4583 ], [ -36.0417, -21.6667 ], [ -36.0417, -21.875 ], [ -35.8333, -22.2917 ], [ -36.0417, -22.2917 ], [ -36.0417, -22.5 ], [ -36.25, -22.9167 ], [ -36.4583, -23.125 ], [ -36.4583, -23.5417 ], [ -36.4583, -23.9583 ], [ -36.6667, -24.1667 ], [ -36.875, -23.9583 ], [ -37.0833, -23.9583 ], [ -37.2917, -23.75 ], [ -37.5, -23.75 ], [ -37.7083, -23.3333 ], [ -37.9167, -23.125 ], [ -38.3333, -23.125 ], [ -38.5417, -23.5417 ], [ -38.5417, -23.75 ], [ -38.5417, -24.375 ], [ -38.75, -24.375 ], [ -38.9583, -24.375 ], [ -39.1667, -24.5833 ], [ -39.5833, -24.5833 ], [ -39.7917, -25.0 ], [ -40.0, -25.0 ], [ -40.2083, -24.7917 ], [ -40.2083, -24.375 ], [ -40.4167, -24.1667 ], [ -40.625, -23.9583 ], [ -40.8333, -23.75 ], [ -41.0417, -23.75 ], [ -41.25, -23.5417 ], [ -41.4583, -23.75 ], [ -41.6667, -23.5417 ], [ -41.6667, -23.75 ], [ -42.2917, -23.5417 ], [ -42.5, -23.75 ], [ -42.7083, -23.75 ], [ -42.9167, -23.9583 ], [ -43.125, -23.9583 ], [ -43.3333, -23.9583 ], [ -43.5417, -24.1667 ], [ -43.9583, -24.1667 ], [ -44.375, -24.375 ], [ -44.5833, -24.375 ], [ -44.7917, -24.5833 ], [ -45.2083, -24.5833 ], [ -45.4167, -24.5833 ], [ -45.4167, -24.1667 ], [ -45.625, -23.9583 ], [ -45.8333, -23.5417 ], [ -46.0417, -23.5417 ], [ -46.25, -23.125 ], [ -46.4583, -22.7083 ], [ -46.875, -22.7083 ], [ -47.0833, -22.7083 ], [ -47.5, -22.7083 ], [ -47.5, -22.9167 ], [ -47.7083, -23.125 ], [ -47.9167, -23.3333 ], [ -48.125, -23.5417 ], [ -48.125, -23.75 ], [ -48.5417, -23.9583 ], [ -48.75, -23.75 ], [ -49.1667, -23.5417 ], [ -49.1667, -23.75 ], [ -49.5833, -23.5417 ], [ -49.7917, -23.75 ], [ -50.2083, -23.5417 ], [ -50.4167, -23.75 ], [ -50.625, -23.5417 ], [ -50.8333, -23.75 ], [ -51.0417, -23.5417 ], [ -51.25, -23.75 ], [ -51.4583, -23.75 ], [ -51.875, -23.9583 ], [ -51.875, -24.1667 ], [ -51.875, -24.375 ], [ -52.2917, -24.5833 ], [ -52.5, -24.5833 ], [ -52.7083, -25.0 ], [ -52.9167, -25.0 ], [ -53.125, -25.4167 ], [ -52.9167, -25.625 ], [ -53.125, -25.8333 ], [ -53.125, -26.25 ], [ -53.3333, -26.6667 ], [ -53.75, -26.875 ], [ -53.75, -27.0833 ], [ -53.9583, -27.2917 ], [ -53.9583, -27.5 ], [ -54.375, -27.5 ], [ -54.7917, -27.5 ], [ -54.7917, -27.7083 ], [ -55.0, -27.5 ], [ -55.4167, -27.9167 ], [ -55.625, -28.125 ], [ -55.4167, -28.3333 ], [ -55.625, -28.5417 ], [ -55.625, -28.75 ], [ -55.8333, -29.1667 ], [ -56.0417, -29.1667 ], [ -56.4583, -29.375 ], [ -56.25, -29.5833 ], [ -56.875, -29.7917 ], [ -56.6667, -30.0 ], [ -56.875, -30.4167 ], [ -57.0833, -30.4167 ], [ -57.2917, -30.625 ], [ -57.9167, -30.625 ], [ -57.9167, -30.8333 ], [ -57.9167, -31.25 ], [ -57.9167, -31.6667 ], [ -58.125, -31.875 ], [ -58.3333, -31.875 ], [ -58.75, -32.0833 ], [ -58.9583, -32.0833 ], [ -59.1667, -32.0833 ], [ -59.7917, -31.4583 ], [ -59.375, -31.0417 ], [ -59.5833, -30.8333 ], [ -59.7917, -30.8333 ], [ -60.2083, -30.8333 ], [ -60.4167, -31.0417 ], [ -60.625, -31.25 ], [ -60.8333, -31.25 ], [ -61.25, -31.0417 ], [ -61.6667, -31.0417 ], [ -61.875, -31.25 ], [ -62.0833, -31.25 ], [ -62.2917, -31.25 ], [ -62.5, -31.25 ], [ -62.9167, -31.25 ], [ -63.125, -30.8333 ], [ -62.7083, -30.4167 ], [ -62.5, -30.2083 ], [ -62.2917, -30.0 ], [ -62.2917, -29.7917 ], [ -62.5, -29.5833 ], [ -62.9167, -29.5833 ], [ -63.125, -29.7917 ], [ -63.5417, -30.0 ], [ -63.75, -30.0 ], [ -63.75, -29.5833 ], [ -64.1667, -29.375 ], [ -64.375, -29.1667 ], [ -64.7917, -28.9583 ], [ -64.7917, -29.1667 ], [ -65.0, -29.1667 ], [ -65.4167, -29.375 ], [ -65.625, -29.1667 ], [ -65.8333, -29.1667 ], [ -66.0417, -28.9583 ], [ -66.25, -28.9583 ], [ -66.25, -28.75 ], [ -66.6667, -28.5417 ], [ -66.6667, -28.3333 ], [ -66.6667, -28.125 ], [ -66.875, -27.7083 ], [ -67.0833, -27.7083 ], [ -67.2917, -27.5 ], [ -67.5, -27.5 ], [ -67.9167, -27.5 ], [ -68.125, -27.5 ], [ -68.5417, -27.2917 ], [ -68.75, -27.7083 ], [ -68.9583, -28.125 ], [ -69.375, -28.5417 ], [ -69.375, -28.75 ], [ -69.5833, -28.9583 ], [ -70.0, -28.75 ], [ -70.2083, -28.75 ], [ -70.4167, -28.5417 ], [ -70.625, -28.5417 ], [ -70.8333, -29.1667 ], [ -70.625, -29.375 ], [ -70.625, -29.7917 ], [ -70.625, -30.0 ], [ -70.625, -30.2083 ], [ -71.0417, -30.4167 ], [ -71.25, -30.2083 ], [ -71.4583, -30.0 ], [ -71.6667, -30.0 ], [ -71.6667, -29.7917 ], [ -72.0833, -29.5833 ], [ -72.0833, -29.7917 ], [ -72.0833, -30.2083 ], [ -72.0833, -30.4167 ], [ -72.2917, -30.4167 ], [ -72.7083, -30.4167 ], [ -72.7083, -30.0 ], [ -72.9167, -29.7917 ], [ -73.3333, -29.7917 ], [ -73.5417, -30.0 ], [ -73.9583, -30.4167 ], [ -74.1667, -30.4167 ], [ -74.5833, -30.625 ], [ -74.7917, -30.4167 ], [ -75.0, -30.0 ], [ -75.4167, -29.5833 ], [ -75.8333, -29.7917 ], [ -75.8333, -30.2083 ], [ -76.0417, -30.4167 ], [ -76.25, -30.4167 ], [ -76.4583, -30.4167 ], [ -76.6667, -30.4167 ], [ -76.875, -30.4167 ], [ -77.0833, -30.4167 ], [ -77.5, -30.0 ], [ -77.9167, -30.2083 ], [ -77.9167, -30.4167 ], [ -78.125, -30.625 ], [ -78.5417, -30.625 ], [ -78.75, -30.625 ], [ -78.9583, -30.625 ], [ -79.375, -30.625 ], [ -80.0, -30.4167 ], [ -80.2083, -30.4167 ], [ -80.4167, -30.0 ], [ -80.625, -29.5833 ], [ -81.0417, -30.0 ], [ -81.25, -30.4167 ], [ -81.6667, -30.2083 ], [ -81.875, -30.2083 ], [ -82.0833, -30.2083 ], [ -82.0833, -30.625 ], [ -82.0833, -30.8333 ], [ -82.2917, -31.0417 ], [ -82.2917, -31.25 ], [ -82.5, -31.4583 ], [ -82.5, -31.875 ], [ -82.7083, -31.875 ], [ -82.9167, -31.875 ], [ -83.125, -32.0833 ], [ -83.3333, -32.0833 ], [ -83.75, -32.2917 ], [ -83.75, -32.7083 ], [ -83.75, -33.125 ], [ -83.9583, -33.75 ], [ -84.1667, -33.75 ], [ -84.375, -33.5417 ], [ -84.7917, -33.5417 ], [ -84.7917, -33.125 ], [ -84.7917, -32.7083 ], [ -84.7917, -32.5 ], [ -84.7917, -31.875 ], [ -85.2083, -31.875 ], [ -85.4167, -31.875 ], [ -85.625, -32.0833 ], [ -86.0417, -32.0833 ], [ -86.4583, -31.875 ], [ -86.6667, -31.4583 ], [ -86.875, -31.25 ], [ -87.0833, -31.25 ], [ -87.2917, -30.8333 ], [ -86.875, -30.4167 ], [ -86.25, -30.4167 ], [ -86.25, -30.2083 ], [ -86.25, -30.0 ], [ -86.875, -29.7917 ], [ -86.875, -30.0 ], [ -87.2917, -29.7917 ], [ -87.2917, -29.375 ], [ -87.2917, -28.75 ], [ -87.5, -28.75 ], [ -87.5, -28.5417 ], [ -87.7083, -28.125 ], [ -88.125, -28.125 ], [ -88.3333, -28.125 ], [ -88.75, -27.7083 ], [ -88.75, -27.2917 ], [ -89.1667, -27.0833 ], [ -89.5833, -27.2917 ], [ -89.5833, -27.5 ], [ -89.7917, -28.125 ], [ -90.4167, -28.125 ], [ -90.4167, -27.9167 ], [ -90.625, -28.125 ], [ -91.0417, -27.7083 ], [ -91.4583, -27.5 ], [ -91.6667, -27.5 ], [ -91.875, -27.2917 ], [ -92.0833, -27.5 ], [ -92.5, -27.2917 ], [ -92.5, -26.875 ], [ -92.7083, -26.6667 ], [ -92.7083, -26.4583 ], [ -93.125, -26.4583 ], [ -93.3333, -26.4583 ], [ -93.75, -26.4583 ], [ -93.9583, -26.25 ], [ -94.375, -26.0417 ], [ -94.5833, -25.8333 ], [ -95.0, -26.0417 ], [ -95.0, -25.8333 ], [ -95.4167, -26.0417 ], [ -95.625, -25.8333 ], [ -95.625, -25.4167 ], [ -95.625, -25.2083 ], [ -95.625, -24.7917 ], [ -95.625, -24.375 ], [ -95.625, -23.9583 ], [ -95.625, -23.5417 ], [ -95.8333, -23.3333 ], [ -96.25, -23.125 ], [ -96.25, -22.5 ], [ -96.6667, -22.2917 ], [ -97.0833, -22.0833 ], [ -97.0833, -21.6667 ], [ -97.0833, -21.4583 ], [ -97.2917, -21.25 ], [ -97.9167, -21.25 ], [ -97.9167, -21.0417 ], [ -98.3333, -21.0417 ], [ -98.5417, -21.4583 ], [ -98.75, -21.4583 ], [ -98.9583, -21.6667 ], [ -99.375, -21.875 ], [ -100.0, -22.0833 ], [ -100.2083, -21.6667 ], [ -100.4167, -21.4583 ], [ -100.2083, -21.0417 ], [ -100.4167, -20.625 ], [ -100.625, -20.4167 ], [ -101.0417, -20.2083 ], [ -101.4583, -20.0 ], [ -101.6667, -19.7917 ], [ -101.6667, -19.375 ], [ -101.25, -18.9583 ], [ -101.0417, -18.9583 ], [ -100.8333, -18.9583 ], [ -100.4167, -18.75 ], [ -100.4167, -18.5417 ], [ -100.2083, -18.5417 ], [ -99.7917, -18.5417 ], [ -99.5833, -18.3333 ], [ -99.5833, -17.9167 ], [ -99.7917, -17.7083 ], [ -100.0, -17.2917 ], [ -100.2083, -17.2917 ], [ -100.2083, -16.875 ], [ -100.0, -16.4583 ], [ -100.2083, -16.25 ], [ -99.7917, -16.0417 ], [ -99.5833, -15.8333 ], [ -99.375, -15.625 ], [ -99.375, -15.4167 ], [ -99.5833, -15.2083 ], [ -99.1667, -14.7917 ], [ -98.75, -14.5833 ], [ -98.75, -14.1667 ], [ -98.75, -13.75 ], [ -98.75, -13.5417 ], [ -98.75, -13.125 ], [ -99.1667, -12.7083 ], [ -99.375, -12.5 ], [ -99.5833, -12.0833 ], [ -99.375, -11.875 ], [ -99.5833, -11.4583 ], [ -99.375, -11.0417 ], [ -99.375, -10.8333 ], [ -99.375, -10.4167 ], [ -99.5833, -10.2083 ], [ -99.7917, -10.2083 ], [ -100.0, -10.0 ], [ -100.4167, -9.7917 ], [ -100.625, -9.375 ], [ -100.8333, -9.375 ], [ -101.4583, -8.9583 ], [ -101.6667, -8.75 ], [ -101.4583, -8.75 ], [ -101.6667, -8.3333 ], [ -101.4583, -8.125 ], [ -101.6667, -7.5 ], [ -102.0833, -7.0833 ], [ -102.2917, -6.875 ], [ -102.5, -6.6667 ], [ -102.5, -6.25 ], [ -102.9167, -6.0417 ], [ -102.9167, -5.625 ], [ -103.125, -5.4167 ], [ -103.125, -5.2083 ], [ -103.125, -4.7917 ], [ -103.125, -4.5833 ], [ -103.3333, -4.1667 ], [ -103.5417, -3.75 ], [ -103.9583, -3.75 ], [ -103.9583, -3.3333 ], [ -104.1667, -3.125 ], [ -103.9583, -2.9167 ], [ -104.1667, -2.7083 ], [ -104.375, -2.5 ], [ -104.375, -2.2917 ], [ -104.5833, -2.0833 ], [ -104.5833, -1.875 ], [ -104.7917, -1.4583 ], [ -104.7917, -1.0417 ], [ -104.5833, -0.625 ], [ -104.7917, -0.2083 ], [ -105.2083, 0.0 ], [ -105.4167, 0.0 ], [ -105.625, 0.2083 ], [ -105.2083, 0.8333 ], [ -105.4167, 1.0417 ], [ -105.4167, 1.25 ], [ -105.4167, 1.6667 ], [ -105.4167, 1.875 ], [ -105.4167, 2.0833 ], [ -105.4167, 2.2917 ], [ -105.625, 2.7083 ], [ -105.8333, 2.7083 ], [ -106.0417, 3.125 ], [ -105.8333, 3.3333 ], [ -105.8333, 3.5417 ], [ -105.8333, 3.75 ], [ -105.8333, 3.9583 ], [ -106.0417, 4.1667 ], [ -106.0417, 4.375 ], [ -106.4583, 4.375 ], [ -106.4583, 4.5833 ], [ -106.6667, 4.7917 ], [ -107.0833, 5.0 ], [ -107.0833, 5.2083 ], [ -107.0833, 5.4167 ], [ -107.0833, 5.8333 ], [ -107.0833, 6.0417 ], [ -107.0833, 6.4583 ], [ -107.2917, 6.6667 ], [ -107.0833, 6.875 ], [ -107.2917, 7.2917 ], [ -107.0833, 7.5 ], [ -107.7083, 7.7083 ], [ -107.7083, 8.125 ], [ -107.7083, 8.5417 ], [ -107.7083, 9.1667 ], [ -107.9167, 9.375 ], [ -107.9167, 9.7917 ], [ -107.7083, 10.0 ], [ -107.5, 10.2083 ], [ -107.2917, 10.2083 ], [ -106.875, 10.4167 ], [ -106.4583, 10.625 ], [ -106.25, 10.4167 ], [ -105.8333, 10.625 ], [ -105.8333, 10.4167 ], [ -105.4167, 10.4167 ], [ -105.4167, 10.2083 ], [ -104.7917, 10.4167 ], [ -104.7917, 10.8333 ], [ -104.7917, 11.25 ], [ -104.5833, 11.25 ], [ -104.1667, 11.25 ], [ -103.75, 11.25 ], [ -103.5417, 11.4583 ], [ -103.125, 11.875 ], [ -102.9167, 12.0833 ], [ -102.5, 12.0833 ], [ -102.5, 11.6667 ], [ -102.7083, 11.4583 ], [ -102.5, 11.25 ], [ -102.0833, 11.25 ], [ -101.875, 11.25 ], [ -101.6667, 11.25 ], [ -101.25, 11.4583 ], [ -100.8333, 12.0833 ], [ -100.4167, 11.875 ], [ -100.4167, 12.0833 ], [ -99.7917, 12.0833 ], [ -99.5833, 12.0833 ], [ -99.1667, 11.875 ], [ -98.75, 12.0833 ], [ -98.5417, 12.0833 ], [ -98.3333, 12.2917 ], [ -98.125, 12.5 ], [ -97.9167, 12.7083 ], [ -97.9167, 12.9167 ], [ -97.9167, 13.125 ], [ -97.7083, 13.125 ], [ -97.2917, 13.3333 ], [ -97.0833, 13.3333 ], [ -97.0833, 13.9583 ], [ -97.2917, 14.1667 ], [ -97.5, 14.375 ], [ -97.9167, 14.5833 ], [ -97.9167, 15.0 ], [ -97.9167, 15.2083 ], [ -97.9167, 15.4167 ], [ -97.7083, 15.625 ], [ -97.2917, 15.8333 ], [ -97.2917, 16.25 ], [ -97.2917, 16.6667 ], [ -96.6667, 16.875 ], [ -96.4583, 16.6667 ], [ -96.25, 16.6667 ], [ -95.8333, 16.6667 ], [ -95.8333, 16.4583 ], [ -95.4167, 16.6667 ], [ -95.2083, 16.875 ], [ -94.5833, 16.6667 ], [ -94.1667, 16.25 ], [ -93.9583, 16.25 ], [ -93.9583, 16.0417 ], [ -93.75, 15.8333 ], [ -93.75, 15.625 ], [ -93.5417, 15.4167 ], [ -93.5417, 15.0 ], [ -93.5417, 14.5833 ], [ -92.7083, 14.1667 ], [ -92.7083, 14.375 ], [ -92.2917, 14.375 ], [ -92.0833, 14.375 ], [ -91.6667, 14.375 ], [ -91.4583, 14.1667 ], [ -90.8333, 14.1667 ], [ -90.625, 13.9583 ], [ -90.4167, 13.9583 ], [ -90.2083, 13.5417 ], [ -89.5833, 13.75 ], [ -89.375, 14.1667 ], [ -88.9583, 14.375 ], [ -88.5417, 14.375 ], [ -88.3333, 14.375 ], [ -88.3333, 14.5833 ], [ -88.125, 14.7917 ], [ -87.7083, 15.0 ], [ -87.5, 15.0 ], [ -87.2917, 14.5833 ], [ -87.0833, 14.5833 ], [ -86.875, 14.375 ], [ -86.6667, 14.375 ], [ -86.25, 14.7917 ], [ -86.25, 15.0 ], [ -86.6667, 15.4167 ], [ -86.4583, 15.8333 ], [ -86.25, 16.25 ], [ -86.25, 16.4583 ], [ -86.0417, 16.875 ], [ -86.0417, 17.0833 ], [ -86.25, 17.2917 ], [ -86.25, 17.5 ], [ -86.6667, 17.7083 ], [ -86.6667, 17.9167 ], [ -86.6667, 18.3333 ], [ -86.6667, 18.5417 ], [ -86.6667, 18.9583 ], [ -86.875, 19.1667 ], [ -86.6667, 19.5833 ], [ -86.0417, 19.375 ], [ -85.625, 19.5833 ], [ -85.4167, 19.375 ], [ -85.0, 19.5833 ], [ -85.2083, 20.2083 ], [ -85.625, 20.2083 ], [ -85.625, 20.4167 ], [ -85.8333, 20.8333 ], [ -86.0417, 20.8333 ], [ -86.0417, 21.25 ], [ -86.0417, 21.4583 ], [ -86.25, 21.875 ], [ -86.4583, 21.875 ], [ -86.875, 22.0833 ], [ -87.0833, 22.0833 ], [ -87.2917, 21.875 ], [ -87.5, 21.875 ], [ -87.7083, 22.0833 ], [ -87.7083, 22.2917 ], [ -87.9167, 22.5 ], [ -88.5417, 22.5 ], [ -88.75, 22.2917 ], [ -88.9583, 22.0833 ], [ -89.1667, 21.875 ], [ -89.375, 21.4583 ], [ -89.7917, 21.4583 ], [ -90.0, 21.0417 ], [ -90.2083, 20.8333 ], [ -90.4167, 20.625 ], [ -90.625, 20.4167 ], [ -91.0417, 20.4167 ], [ -91.25, 20.8333 ], [ -91.6667, 20.8333 ], [ -91.875, 20.8333 ], [ -92.0833, 20.625 ], [ -92.0833, 20.0 ], [ -92.5, 19.7917 ], [ -92.5, 19.375 ], [ -92.9167, 19.1667 ], [ -92.9167, 18.9583 ], [ -92.9167, 18.75 ], [ -92.9167, 18.3333 ], [ -93.125, 17.9167 ], [ -93.5417, 18.125 ], [ -93.9583, 18.125 ], [ -94.1667, 18.3333 ], [ -94.375, 18.3333 ], [ -94.5833, 18.3333 ], [ -94.7917, 18.5417 ], [ -95.2083, 18.75 ], [ -95.4167, 19.1667 ], [ -95.4167, 19.5833 ], [ -95.2083, 19.5833 ], [ -95.0, 20.0 ], [ -95.0, 20.2083 ], [ -95.2083, 20.625 ], [ -95.625, 20.8333 ], [ -95.4167, 21.25 ], [ -95.4167, 21.4583 ], [ -95.0, 21.6667 ], [ -94.7917, 21.875 ], [ -94.7917, 22.2917 ], [ -94.7917, 22.9167 ], [ -94.5833, 23.125 ], [ -94.375, 23.3333 ], [ -94.1667, 23.75 ], [ -94.1667, 23.9583 ], [ -94.1667, 24.1667 ], [ -94.1667, 24.375 ], [ -93.9583, 24.375 ], [ -93.9583, 25.0 ], [ -93.9583, 25.2083 ], [ -94.375, 25.4167 ], [ -94.375, 25.625 ], [ -95.0, 25.8333 ], [ -94.7917, 26.25 ], [ -95.0, 26.6667 ], [ -94.7917, 26.875 ], [ -95.0, 27.0833 ], [ -95.0, 27.5 ], [ -95.0, 27.7083 ], [ -95.0, 28.125 ], [ -95.0, 28.3333 ], [ -95.2083, 28.5417 ], [ -95.4167, 28.5417 ], [ -95.8333, 28.9583 ], [ -96.25, 29.1667 ], [ -96.4583, 29.1667 ], [ -96.6667, 29.1667 ], [ -96.4583, 29.5833 ], [ -96.875, 30.0 ], [ -97.2917, 30.2083 ], [ -97.9167, 30.2083 ], [ -98.125, 30.0 ], [ -98.3333, 30.2083 ], [ -98.5417, 30.2083 ], [ -98.75, 30.2083 ], [ -99.1667, 30.4167 ], [ -99.5833, 30.625 ], [ -99.7917, 30.8333 ], [ -100.0, 31.4583 ], [ -99.7917, 31.6667 ], [ -100.0, 31.875 ], [ -99.7917, 32.5 ], [ -99.375, 32.2917 ], [ -99.1667, 32.2917 ], [ -98.9583, 32.2917 ], [ -98.5417, 32.2917 ], [ -98.5417, 32.9167 ], [ -98.5417, 33.3333 ], [ -98.3333, 33.5417 ], [ -98.125, 33.3333 ], [ -97.7083, 33.3333 ], [ -97.5, 33.3333 ], [ -97.2917, 33.5417 ], [ -97.0833, 33.3333 ], [ -96.875, 33.3333 ], [ -96.6667, 33.125 ], [ -96.6667, 32.7083 ], [ -96.6667, 32.5 ], [ -96.4583, 32.2917 ], [ -96.0417, 32.2917 ], [ -95.625, 31.875 ], [ -95.4167, 31.875 ], [ -95.2083, 31.6667 ], [ -94.7917, 31.6667 ], [ -94.5833, 31.6667 ], [ -94.1667, 31.6667 ], [ -93.9583, 31.6667 ], [ -93.75, 31.875 ], [ -93.3333, 32.0833 ], [ -93.3333, 32.2917 ], [ -93.125, 32.5 ], [ -92.7083, 32.5 ], [ -92.5, 32.7083 ], [ -92.2917, 32.7083 ], [ -91.875, 32.7083 ], [ -91.6667, 32.7083 ], [ -91.25, 32.5 ], [ -91.0417, 32.5 ], [ -90.8333, 32.2917 ], [ -90.625, 32.2917 ], [ -90.4167, 32.2917 ], [ -90.0, 32.5 ], [ -90.2083, 32.9167 ], [ -90.4167, 33.125 ], [ -90.4167, 33.3333 ], [ -90.8333, 33.5417 ], [ -90.8333, 33.9583 ], [ -90.8333, 34.1667 ], [ -91.4583, 34.1667 ], [ -91.875, 34.1667 ], [ -92.0833, 34.1667 ], [ -92.0833, 34.5833 ], [ -92.0833, 35.0 ], [ -91.875, 35.0 ], [ -91.4583, 35.2083 ], [ -91.4583, 35.625 ], [ -90.8333, 35.625 ], [ -90.625, 35.4167 ], [ -90.4167, 35.4167 ], [ -90.4167, 35.625 ], [ -90.2083, 36.0417 ], [ -90.0, 36.0417 ], [ -89.7917, 36.25 ], [ -89.5833, 36.25 ], [ -89.1667, 36.4583 ], [ -88.5417, 36.4583 ], [ -88.5417, 36.6667 ], [ -88.3333, 36.6667 ], [ -87.7083, 36.4583 ], [ -87.5, 36.25 ], [ -87.2917, 35.8333 ], [ -87.5, 35.625 ], [ -87.5, 35.4167 ], [ -87.0833, 35.2083 ], [ -86.6667, 35.2083 ], [ -86.4583, 35.2083 ], [ -86.4583, 34.7917 ], [ -86.0417, 34.7917 ], [ -85.8333, 34.7917 ], [ -85.8333, 35.2083 ], [ -85.2083, 35.2083 ], [ -85.2083, 35.0 ], [ -84.7917, 34.7917 ], [ -84.375, 34.7917 ], [ -84.375, 35.0 ], [ -84.1667, 35.4167 ], [ -83.9583, 35.625 ], [ -83.9583, 35.8333 ], [ -84.1667, 36.0417 ], [ -83.9583, 36.25 ], [ -84.1667, 36.6667 ], [ -84.1667, 37.0833 ], [ -83.9583, 37.5 ], [ -83.75, 37.5 ], [ -83.3333, 37.9167 ], [ -83.125, 37.9167 ], [ -82.7083, 37.9167 ], [ -82.5, 37.9167 ], [ -82.2917, 38.125 ], [ -81.6667, 37.9167 ], [ -81.25, 37.9167 ], [ -80.625, 37.7083 ], [ -80.625, 37.5 ], [ -80.4167, 37.2917 ], [ -80.2083, 37.0833 ], [ -79.5833, 37.0833 ], [ -79.5833, 37.5 ], [ -79.1667, 37.7083 ], [ -78.9583, 37.5 ], [ -78.9583, 37.0833 ], [ -78.75, 36.875 ], [ -78.5417, 36.875 ], [ -78.125, 37.5 ], [ -78.3333, 37.7083 ], [ -78.125, 37.9167 ], [ -78.3333, 38.125 ], [ -78.125, 38.3333 ], [ -78.125, 38.5417 ], [ -77.9167, 38.75 ], [ -77.5, 39.1667 ], [ -77.5, 39.375 ], [ -77.5, 39.5833 ], [ -77.5, 40.0 ], [ -77.5, 40.4167 ], [ -77.0833, 40.625 ], [ -76.875, 40.8333 ], [ -76.25, 40.8333 ], [ -76.0417, 40.8333 ], [ -76.0417, 41.0417 ], [ -75.8333, 41.0417 ], [ -75.625, 41.4583 ], [ -75.625, 41.6667 ], [ -75.4167, 42.2917 ], [ -75.0, 42.5 ], [ -75.0, 42.7083 ], [ -75.0, 42.9167 ], [ -75.0, 43.125 ], [ -75.0, 43.3333 ], [ -74.7917, 43.5417 ], [ -74.7917, 43.75 ], [ -74.5833, 43.9583 ], [ -74.375, 43.9583 ], [ -74.1667, 44.375 ], [ -74.375, 44.7917 ], [ -74.375, 45.0 ], [ -74.375, 45.2083 ], [ -74.375, 45.625 ], [ -74.7917, 45.8333 ], [ -75.0, 46.0417 ], [ -75.2083, 46.0417 ], [ -75.2083, 46.6667 ], [ -74.7917, 46.6667 ], [ -74.7917, 47.0833 ], [ -74.5833, 47.2917 ], [ -73.9583, 47.5 ], [ -73.9583, 47.9167 ], [ -73.75, 47.9167 ], [ -73.5417, 48.3333 ], [ -73.3333, 48.3333 ], [ -73.125, 48.3333 ], [ -72.7083, 48.5417 ], [ -72.5, 48.75 ], [ -72.7083, 49.1667 ], [ -72.9167, 49.1667 ], [ -73.125, 49.375 ], [ -73.5417, 49.375 ], [ -73.75, 49.7917 ], [ -73.75, 50.0 ], [ -73.9583, 50.2083 ], [ -73.75, 50.8333 ], [ -73.5417, 50.8333 ], [ -73.125, 50.4167 ], [ -73.125, 50.2083 ], [ -73.125, 50.0 ], [ -72.5, 50.0 ], [ -72.2917, 50.4167 ], [ -71.875, 50.4167 ], [ -71.875, 50.625 ], [ -71.4583, 50.625 ], [ -71.25, 50.625 ], [ -70.8333, 50.8333 ], [ -70.8333, 51.0417 ], [ -71.0417, 51.25 ], [ -71.0417, 51.4583 ], [ -71.25, 51.6667 ], [ -71.25, 51.875 ], [ -71.25, 52.0833 ], [ -71.25, 52.2917 ], [ -71.4583, 52.7083 ], [ -71.25, 52.9167 ], [ -71.25, 53.125 ], [ -71.4583, 53.3333 ], [ -71.25, 53.5417 ], [ -71.4583, 53.9583 ], [ -71.4583, 54.1667 ], [ -71.4583, 54.5833 ], [ -71.25, 54.7917 ], [ -71.25, 55.2083 ], [ -71.25, 55.4167 ], [ -71.4583, 55.625 ], [ -71.875, 55.8333 ], [ -72.0833, 55.625 ], [ -72.2917, 55.625 ], [ -72.7083, 55.4167 ], [ -72.9167, 55.4167 ], [ -73.125, 55.625 ], [ -73.3333, 56.0417 ], [ -73.5417, 56.4583 ], [ -73.5417, 56.875 ], [ -73.5417, 57.0833 ], [ -73.75, 57.0833 ], [ -74.1667, 57.7083 ], [ -74.375, 57.5 ], [ -74.375, 57.0833 ], [ -74.375, 56.875 ], [ -74.5833, 56.875 ], [ -74.375, 56.4583 ], [ -74.5833, 56.0417 ], [ -74.5833, 55.625 ], [ -74.375, 55.625 ], [ -74.375, 55.4167 ], [ -74.5833, 55.0 ], [ -74.5833, 54.7917 ], [ -74.7917, 54.5833 ], [ -75.0, 54.375 ], [ -75.4167, 54.375 ], [ -75.8333, 54.375 ], [ -76.0417, 53.9583 ], [ -76.4583, 54.1667 ], [ -76.6667, 54.1667 ], [ -76.6667, 53.9583 ], [ -76.875, 53.5417 ], [ -76.875, 53.3333 ], [ -77.0833, 53.125 ], [ -77.0833, 52.9167 ], [ -77.5, 52.9167 ], [ -77.7083, 53.5417 ], [ -78.125, 53.5417 ], [ -78.125, 53.3333 ], [ -78.5417, 53.125 ], [ -78.9583, 53.3333 ], [ -79.1667, 53.3333 ], [ -79.375, 53.75 ], [ -79.7917, 53.75 ], [ -79.7917, 53.5417 ], [ -80.0, 53.3333 ], [ -80.0, 52.9167 ], [ -80.4167, 52.7083 ], [ -80.4167, 52.2917 ], [ -80.625, 51.875 ], [ -80.4167, 51.6667 ], [ -80.625, 51.25 ], [ -81.0417, 50.8333 ], [ -81.0417, 50.625 ], [ -81.0417, 50.2083 ], [ -81.4583, 49.7917 ], [ -81.4583, 49.375 ], [ -81.875, 49.1667 ], [ -82.0833, 49.7917 ], [ -81.875, 49.7917 ], [ -82.0833, 50.4167 ], [ -82.0833, 50.625 ], [ -82.2917, 50.8333 ], [ -82.7083, 51.0417 ], [ -82.7083, 51.25 ], [ -82.7083, 51.4583 ], [ -82.7083, 51.875 ], [ -82.7083, 52.0833 ], [ -82.7083, 52.2917 ], [ -82.7083, 52.7083 ], [ -82.7083, 53.125 ], [ -82.9167, 53.125 ], [ -82.9167, 53.5417 ], [ -83.125, 53.75 ], [ -83.125, 53.9583 ], [ -83.125, 54.1667 ], [ -83.125, 54.5833 ], [ -83.125, 54.7917 ], [ -83.3333, 54.7917 ], [ -83.3333, 55.4167 ], [ -83.5417, 55.4167 ], [ -83.5417, 55.8333 ], [ -83.75, 56.0417 ], [ -84.1667, 56.25 ], [ -84.375, 56.4583 ], [ -84.375, 56.6667 ], [ -84.5833, 56.875 ], [ -84.7917, 57.0833 ], [ -84.7917, 57.2917 ], [ -85.0, 57.7083 ], [ -85.0, 57.9167 ], [ -85.0, 58.125 ], [ -85.4167, 58.3333 ], [ -85.625, 58.75 ], [ -85.8333, 58.75 ], [ -85.8333, 59.1667 ], [ -85.8333, 59.7917 ], [ -85.8333, 60.2083 ], [ -85.8333, 60.4167 ], [ -86.25, 60.625 ], [ -86.4583, 60.625 ], [ -86.6667, 61.25 ], [ -86.4583, 61.4583 ], [ -86.25, 61.6667 ], [ -86.6667, 62.0833 ], [ -86.875, 62.0833 ], [ -87.0833, 61.875 ], [ -87.2917, 61.875 ], [ -87.5, 61.875 ], [ -87.7083, 61.6667 ], [ -88.125, 61.6667 ], [ -88.3333, 61.6667 ], [ -88.5417, 61.6667 ], [ -88.9583, 61.4583 ], [ -89.1667, 61.6667 ], [ -89.375, 61.875 ], [ -89.7917, 61.875 ], [ -89.7917, 62.0833 ], [ -90.0, 62.2917 ], [ -90.2083, 62.2917 ], [ -90.4167, 62.5 ], [ -90.4167, 62.7083 ], [ -90.625, 62.9167 ], [ -90.625, 63.125 ], [ -90.625, 63.3333 ], [ -90.2083, 63.3333 ], [ -90.0, 63.3333 ], [ -90.0, 63.5417 ], [ -90.2083, 64.1667 ], [ -90.625, 64.1667 ], [ -90.625, 64.375 ], [ -91.0417, 64.375 ], [ -91.25, 64.375 ], [ -91.6667, 64.375 ], [ -92.5, 64.375 ], [ -92.9167, 64.1667 ], [ -93.125, 64.1667 ], [ -93.3333, 64.1667 ], [ -93.5417, 64.375 ], [ -93.9583, 64.1667 ], [ -94.1667, 63.9583 ], [ -94.5833, 63.75 ], [ -94.7917, 63.5417 ], [ -95.2083, 63.5417 ], [ -95.625, 63.5417 ], [ -96.25, 63.3333 ], [ -96.6667, 63.5417 ], [ -96.875, 63.3333 ], [ -97.0833, 63.3333 ], [ -97.2917, 63.125 ], [ -97.5, 63.125 ], [ -97.7083, 62.7083 ], [ -97.9167, 62.7083 ], [ -98.125, 62.5 ], [ -98.5417, 62.7083 ], [ -98.5417, 63.125 ], [ -98.3333, 63.125 ], [ -98.3333, 63.5417 ], [ -98.9583, 63.5417 ], [ -99.1667, 63.5417 ], [ -99.1667, 63.3333 ], [ -99.7917, 63.125 ], [ -99.7917, 62.9167 ], [ -100.4167, 62.7083 ], [ -100.4167, 62.9167 ], [ -100.8333, 62.9167 ], [ -101.25, 63.5417 ], [ -101.4583, 63.5417 ], [ -101.875, 63.5417 ], [ -102.0833, 63.5417 ], [ -102.2917, 63.5417 ], [ -102.7083, 63.3333 ], [ -102.9167, 63.5417 ], [ -103.125, 63.5417 ], [ -103.3333, 63.5417 ], [ -103.75, 63.75 ], [ -103.75, 63.5417 ], [ -104.375, 63.3333 ], [ -104.5833, 63.5417 ], [ -104.5833, 64.1667 ], [ -105.2083, 64.375 ], [ -105.4167, 64.375 ], [ -105.625, 63.9583 ], [ -105.4167, 63.5417 ], [ -105.2083, 63.5417 ], [ -105.0, 63.125 ], [ -105.0, 62.9167 ], [ -104.7917, 62.7083 ], [ -104.7917, 62.5 ], [ -104.5833, 62.2917 ], [ -104.375, 62.0833 ], [ -104.375, 61.6667 ], [ -104.1667, 61.25 ], [ -104.375, 61.25 ], [ -104.1667, 60.8333 ], [ -104.375, 60.8333 ], [ -104.7917, 60.4167 ], [ -105.4167, 60.4167 ], [ -105.4167, 60.8333 ], [ -105.625, 61.4583 ], [ -105.4167, 61.4583 ], [ -105.625, 62.0833 ], [ -105.8333, 62.5 ], [ -106.0417, 62.5 ], [ -106.0417, 62.9167 ], [ -106.25, 62.9167 ], [ -106.25, 63.3333 ], [ -106.4583, 63.5417 ], [ -106.6667, 63.75 ], [ -106.875, 63.5417 ], [ -107.0833, 63.125 ], [ -106.875, 62.9167 ], [ -107.2917, 62.7083 ], [ -107.5, 62.5 ], [ -107.7083, 62.5 ], [ -107.9167, 62.2917 ], [ -108.125, 62.2917 ], [ -108.3333, 61.6667 ], [ -108.5417, 61.6667 ], [ -108.9583, 61.4583 ], [ -109.1667, 61.6667 ], [ -109.375, 61.6667 ], [ -109.5833, 61.25 ], [ -109.375, 60.8333 ], [ -109.375, 60.625 ], [ -109.1667, 60.4167 ], [ -109.1667, 60.2083 ], [ -109.5833, 60.2083 ], [ -109.7917, 60.0 ], [ -110.0, 60.0 ], [ -110.2083, 59.7917 ], [ -110.2083, 59.375 ], [ -110.4167, 59.1667 ], [ -110.4167, 58.9583 ], [ -110.625, 58.75 ], [ -111.0417, 58.9583 ], [ -111.25, 59.1667 ], [ -111.6667, 59.1667 ], [ -111.875, 59.375 ], [ -112.0833, 59.1667 ], [ -112.2917, 59.1667 ], [ -112.7083, 58.9583 ], [ -113.125, 58.9583 ], [ -113.5417, 59.1667 ], [ -113.75, 59.5833 ], [ -113.9583, 59.7917 ], [ -114.375, 59.5833 ], [ -114.5833, 59.5833 ], [ -115.0, 59.5833 ], [ -115.4167, 59.7917 ], [ -115.625, 59.7917 ], [ -116.0417, 59.5833 ], [ -116.0417, 59.1667 ], [ -116.25, 59.1667 ], [ -116.25, 58.5417 ], [ -116.25, 58.3333 ], [ -116.4583, 58.125 ], [ -116.6667, 57.9167 ], [ -116.875, 57.9167 ], [ -117.0833, 57.9167 ], [ -117.2917, 57.7083 ], [ -117.5, 57.7083 ], [ -117.9167, 57.5 ], [ -117.9167, 57.0833 ], [ -118.125, 57.0833 ], [ -118.125, 56.6667 ], [ -118.3333, 56.4583 ], [ -118.125, 56.0417 ], [ -118.3333, 55.8333 ], [ -118.125, 55.625 ], [ -118.3333, 55.4167 ], [ -118.3333, 55.2083 ], [ -118.75, 54.7917 ], [ -118.9583, 54.5833 ], [ -119.375, 54.375 ], [ -118.9583, 53.9583 ], [ -118.75, 53.75 ], [ -118.5417, 53.3333 ], [ -118.5417, 52.9167 ], [ -118.3333, 52.7083 ], [ -118.3333, 52.5 ], [ -118.3333, 52.0833 ], [ -118.3333, 51.875 ], [ -118.3333, 51.4583 ], [ -118.3333, 51.25 ], [ -118.125, 51.0417 ], [ -118.125, 50.8333 ], [ -117.9167, 50.4167 ], [ -118.3333, 50.0 ], [ -118.5417, 49.7917 ], [ -118.125, 49.375 ], [ -117.7083, 49.1667 ], [ -117.5, 48.9583 ], [ -117.2917, 48.5417 ], [ -117.5, 48.3333 ], [ -117.9167, 47.9167 ], [ -117.9167, 47.7083 ], [ -118.5417, 47.5 ], [ -118.5417, 47.2917 ], [ -118.3333, 47.0833 ], [ -117.9167, 47.0833 ], [ -117.7083, 46.6667 ], [ -117.2917, 46.25 ], [ -116.875, 46.25 ], [ -116.6667, 45.8333 ], [ -116.6667, 45.625 ], [ -117.0833, 45.2083 ], [ -117.2917, 45.4167 ], [ -117.5, 45.4167 ], [ -117.9167, 45.625 ], [ -118.125, 45.625 ], [ -118.5417, 45.625 ], [ -118.75, 45.8333 ], [ -118.9583, 45.8333 ], [ -119.1667, 45.8333 ], [ -119.5833, 45.8333 ], [ -119.7917, 45.8333 ], [ -119.7917, 46.0417 ], [ -119.7917, 46.25 ], [ -120.0, 46.4583 ], [ -120.0, 46.6667 ], [ -120.0, 47.0833 ], [ -120.4167, 47.2917 ], [ -120.625, 47.0833 ], [ -120.8333, 46.6667 ], [ -120.625, 46.4583 ], [ -120.625, 46.0417 ], [ -120.4167, 45.8333 ], [ -120.4167, 45.625 ], [ -120.625, 45.4167 ], [ -121.25, 45.4167 ], [ -121.4583, 45.2083 ], [ -121.875, 45.625 ], [ -122.2917, 45.625 ], [ -122.2917, 45.4167 ], [ -122.0833, 45.0 ], [ -121.875, 44.7917 ], [ -121.875, 44.375 ], [ -121.6667, 44.375 ], [ -121.6667, 43.9583 ], [ -121.875, 43.75 ], [ -122.2917, 43.3333 ], [ -122.0833, 43.3333 ], [ -122.2917, 42.9167 ], [ -122.5, 42.7083 ], [ -122.5, 42.5 ], [ -122.5, 42.2917 ], [ -122.5, 42.0833 ], [ -122.2917, 41.875 ], [ -122.5, 41.4583 ], [ -122.2917, 41.25 ], [ -122.2917, 41.0417 ], [ -122.2917, 40.625 ], [ -122.0833, 40.2083 ], [ -122.0833, 40.0 ], [ -122.0833, 39.5833 ], [ -122.0833, 39.375 ], [ -121.6667, 39.1667 ], [ -121.25, 39.1667 ], [ -121.0417, 39.1667 ], [ -120.8333, 38.9583 ], [ -120.625, 38.75 ], [ -120.2083, 38.5417 ], [ -120.0, 38.5417 ], [ -119.5833, 38.5417 ], [ -119.375, 38.3333 ], [ -119.375, 38.125 ], [ -119.375, 37.9167 ], [ -119.375, 37.5 ], [ -118.9583, 37.5 ], [ -118.5417, 37.9167 ], [ -118.3333, 37.7083 ], [ -117.7083, 37.7083 ], [ -117.2917, 37.9167 ], [ -117.0833, 37.7083 ], [ -117.0833, 37.2917 ], [ -116.875, 36.875 ], [ -116.6667, 36.875 ], [ -116.25, 37.2917 ], [ -116.25, 37.5 ], [ -115.625, 37.5 ], [ -115.4167, 37.2917 ], [ -115.4167, 37.0833 ], [ -115.2083, 36.875 ], [ -115.2083, 36.6667 ], [ -115.4167, 36.25 ], [ -115.4167, 35.625 ], [ -115.8333, 35.625 ], [ -116.0417, 35.2083 ], [ -116.25, 35.0 ], [ -116.0417, 34.5833 ], [ -116.4583, 34.1667 ], [ -116.6667, 34.1667 ], [ -117.0833, 33.9583 ], [ -117.2917, 33.9583 ], [ -117.5, 33.9583 ], [ -117.7083, 33.5417 ], [ -117.7083, 33.125 ], [ -117.5, 32.7083 ], [ -117.7083, 32.7083 ], [ -118.125, 32.5 ], [ -118.5417, 32.5 ], [ -118.75, 32.7083 ], [ -119.1667, 32.5 ], [ -119.1667, 32.9167 ], [ -118.9583, 33.125 ], [ -118.9583, 33.5417 ], [ -118.75, 33.75 ], [ -119.1667, 34.1667 ], [ -119.5833, 34.1667 ], [ -119.7917, 33.75 ], [ -120.4167, 33.3333 ], [ -120.8333, 33.3333 ], [ -121.0417, 33.3333 ], [ -121.0417, 33.9583 ], [ -120.8333, 34.1667 ], [ -120.625, 34.375 ], [ -120.8333, 34.5833 ], [ -121.0417, 34.7917 ], [ -121.4583, 34.5833 ], [ -121.4583, 33.9583 ], [ -121.875, 33.75 ], [ -122.0833, 33.9583 ], [ -122.2917, 33.9583 ], [ -122.7083, 33.9583 ], [ -122.7083, 33.75 ], [ -123.3333, 33.75 ], [ -123.75, 33.75 ], [ -123.9583, 33.9583 ], [ -124.1667, 33.75 ], [ -124.375, 33.9583 ], [ -124.5833, 33.75 ], [ -125.0, 33.75 ], [ -125.0, 33.5417 ], [ -125.625, 33.5417 ], [ -125.8333, 33.5417 ], [ -126.0417, 33.5417 ], [ -126.25, 33.75 ], [ -126.6667, 33.75 ], [ -126.875, 33.9583 ], [ -127.2917, 33.75 ], [ -127.2917, 33.5417 ], [ -127.7083, 33.3333 ], [ -128.125, 33.125 ], [ -128.125, 32.7083 ], [ -128.3333, 32.5 ], [ -128.5417, 32.5 ], [ -128.75, 32.2917 ], [ -129.1667, 32.5 ], [ -129.5833, 32.5 ], [ -129.5833, 32.2917 ], [ -129.7917, 32.2917 ], [ -129.7917, 32.0833 ], [ -129.7917, 31.875 ], [ -130.0, 31.6667 ], [ -130.0, 31.4583 ], [ -130.4167, 31.25 ], [ -130.625, 31.0417 ], [ -130.625, 30.625 ], [ -130.4167, 30.4167 ], [ -130.4167, 30.0 ], [ -130.625, 30.0 ], [ -131.25, 29.7917 ], [ -131.25, 29.5833 ], [ -131.0417, 29.1667 ], [ -131.25, 28.9583 ], [ -131.25, 28.5417 ], [ -131.4583, 28.3333 ], [ -131.0417, 27.9167 ], [ -130.8333, 27.5 ], [ -130.8333, 27.2917 ], [ -130.8333, 26.875 ], [ -130.625, 26.6667 ], [ -130.8333, 26.4583 ], [ -131.0417, 26.25 ], [ -131.25, 25.8333 ], [ -130.8333, 25.4167 ], [ -130.625, 25.4167 ], [ -130.4167, 25.2083 ], [ -130.2083, 25.2083 ], [ -130.0, 24.7917 ], [ -130.0, 24.375 ], [ -130.0, 24.1667 ], [ -129.7917, 23.9583 ], [ -129.7917, 23.75 ], [ -129.5833, 23.5417 ], [ -129.375, 23.3333 ], [ -128.9583, 23.3333 ], [ -128.5417, 23.5417 ], [ -128.125, 23.3333 ], [ -128.3333, 22.9167 ], [ -128.5417, 22.7083 ], [ -128.9583, 22.2917 ], [ -128.5417, 21.875 ], [ -128.125, 21.4583 ], [ -128.3333, 21.25 ], [ -128.3333, 20.8333 ], [ -128.3333, 20.625 ], [ -128.3333, 20.2083 ], [ -128.3333, 20.0 ], [ -128.3333, 19.7917 ], [ -128.3333, 19.5833 ], [ -128.125, 19.1667 ], [ -128.125, 18.9583 ], [ -127.9167, 18.5417 ], [ -127.7083, 18.75 ], [ -127.5, 18.5417 ], [ -127.5, 18.125 ], [ -127.9167, 18.125 ], [ -128.125, 18.125 ], [ -128.3333, 17.9167 ], [ -128.5417, 17.7083 ], [ -128.125, 17.2917 ], [ -128.3333, 16.875 ], [ -128.125, 16.875 ], [ -128.3333, 16.4583 ], [ -128.3333, 16.25 ], [ -128.3333, 15.8333 ], [ -128.125, 15.4167 ], [ -127.9167, 15.4167 ], [ -127.7083, 15.0 ], [ -127.5, 15.0 ], [ -127.2917, 15.0 ], [ -126.6667, 15.2083 ], [ -126.6667, 15.0 ], [ -126.4583, 14.7917 ], [ -126.25, 14.7917 ], [ -126.0417, 14.375 ], [ -125.625, 14.1667 ], [ -125.4167, 14.375 ], [ -125.2083, 14.7917 ], [ -125.0, 15.4167 ], [ -124.5833, 15.8333 ], [ -124.1667, 16.4583 ], [ -123.9583, 16.4583 ], [ -123.5417, 16.0417 ], [ -123.5417, 15.8333 ], [ -123.5417, 15.625 ], [ -123.5417, 15.4167 ], [ -123.5417, 15.2083 ], [ -123.125, 15.2083 ], [ -122.7083, 15.0 ], [ -122.7083, 14.7917 ], [ -122.2917, 14.375 ], [ -122.0833, 14.375 ], [ -122.0833, 14.1667 ], [ -122.5, 13.75 ], [ -122.7083, 13.3333 ], [ -122.5, 13.3333 ], [ -122.5, 13.125 ], [ -122.0833, 12.9167 ], [ -121.6667, 12.9167 ], [ -121.0417, 12.9167 ], [ -120.4167, 13.125 ], [ -120.2083, 12.9167 ], [ -120.0, 12.9167 ], [ -119.7917, 12.5 ], [ -119.7917, 12.0833 ], [ -119.375, 12.0833 ], [ -119.1667, 12.2917 ], [ -118.75, 12.0833 ], [ -118.75, 11.6667 ], [ -118.9583, 11.4583 ], [ -119.375, 11.25 ], [ -120.0, 11.0417 ], [ -119.7917, 10.8333 ], [ -120.0, 10.4167 ], [ -120.2083, 10.0 ], [ -120.0, 9.7917 ], [ -119.5833, 9.7917 ], [ -119.375, 9.5833 ], [ -119.1667, 9.7917 ], [ -118.9583, 9.5833 ], [ -118.75, 9.375 ], [ -118.5417, 9.375 ], [ -118.3333, 9.375 ], [ -117.9167, 9.5833 ], [ -117.5, 9.7917 ], [ -117.5, 10.0 ], [ -117.2917, 10.2083 ], [ -116.875, 10.0 ], [ -116.6667, 9.7917 ], [ -116.875, 9.5833 ], [ -116.875, 9.375 ], [ -116.6667, 9.1667 ], [ -116.875, 8.75 ], [ -116.875, 8.125 ], [ -116.875, 7.7083 ], [ -116.875, 7.5 ], [ -117.0833, 7.0833 ], [ -117.0833, 6.875 ], [ -116.875, 6.6667 ], [ -116.6667, 6.6667 ], [ -116.4583, 6.875 ], [ -116.4583, 7.0833 ], [ -116.4583, 7.2917 ], [ -116.25, 7.5 ], [ -115.8333, 7.5 ], [ -115.625, 7.2917 ], [ -115.625, 6.875 ], [ -115.4167, 6.6667 ], [ -115.2083, 6.4583 ], [ -115.625, 6.0417 ], [ -115.625, 5.8333 ], [ -115.8333, 5.625 ], [ -116.0417, 5.2083 ], [ -116.25, 5.2083 ], [ -116.4583, 4.7917 ], [ -116.4583, 4.5833 ], [ -116.4583, 4.375 ], [ -116.4583, 4.1667 ], [ -116.875, 3.75 ], [ -116.6667, 3.5417 ], [ -116.6667, 3.3333 ], [ -116.4583, 3.5417 ], [ -116.25, 3.125 ], [ -116.0417, 3.125 ], [ -116.4583, 2.7083 ], [ -116.25, 2.5 ], [ -116.25, 2.2917 ], [ -116.0417, 2.0833 ], [ -116.25, 1.6667 ], [ -116.25, 1.25 ], [ -116.25, 1.0417 ], [ -116.0417, 0.625 ], [ -115.8333, 0.4167 ], [ -115.8333, 0.2083 ], [ -116.0417, -0.2083 ], [ -116.0417, -0.4167 ], [ -115.8333, -0.8333 ], [ -115.625, -1.0417 ], [ -115.4167, -1.4583 ], [ -115.0, -1.875 ], [ -114.5833, -1.875 ], [ -114.375, -1.875 ], [ -114.1667, -2.2917 ], [ -113.75, -2.0833 ], [ -113.75, -1.875 ], [ -113.3333, -1.6667 ], [ -112.9167, -1.875 ], [ -112.5, -2.2917 ], [ -112.0833, -2.2917 ], [ -112.0833, -2.0833 ], [ -111.875, -1.875 ], [ -111.25, -2.2917 ], [ -111.0417, -2.5 ], [ -110.8333, -2.5 ], [ -110.625, -2.5 ], [ -110.2083, -2.5 ], [ -110.0, -2.9167 ], [ -110.2083, -3.125 ], [ -110.4167, -3.125 ], [ -110.625, -3.3333 ], [ -110.8333, -3.5417 ], [ -110.625, -3.75 ], [ -110.4167, -3.9583 ], [ -110.2083, -3.9583 ], [ -110.2083, -4.1667 ], [ -110.0, -4.1667 ], [ -109.5833, -4.375 ], [ -109.5833, -4.7917 ], [ -109.7917, -4.7917 ], [ -109.7917, -5.2083 ], [ -110.0, -5.2083 ], [ -110.0, -5.625 ], [ -110.2083, -5.8333 ], [ -110.2083, -6.25 ], [ -110.0, -6.4583 ], [ -110.0, -6.6667 ], [ -109.7917, -6.875 ], [ -109.7917, -7.0833 ], [ -110.0, -7.7083 ], [ -109.7917, -7.9167 ], [ -110.0, -8.3333 ], [ -109.7917, -8.3333 ], [ -110.0, -8.75 ], [ -109.7917, -8.9583 ], [ -109.7917, -9.1667 ], [ -109.375, -9.375 ], [ -109.375, -9.7917 ], [ -109.7917, -10.0 ], [ -109.7917, -10.2083 ], [ -110.0, -10.2083 ], [ -110.2083, -10.4167 ], [ -110.4167, -10.4167 ], [ -110.625, -10.625 ], [ -110.8333, -10.8333 ], [ -110.8333, -11.0417 ], [ -111.0417, -11.25 ], [ -111.0417, -11.4583 ], [ -111.0417, -11.6667 ], [ -111.0417, -12.0833 ], [ -111.25, -12.5 ], [ -110.8333, -12.7083 ], [ -110.8333, -13.125 ], [ -110.625, -13.3333 ], [ -111.0417, -13.75 ], [ -110.625, -13.9583 ], [ -111.0417, -14.375 ], [ -110.625, -14.7917 ], [ -110.625, -15.0 ], [ -110.8333, -15.0 ], [ -110.625, -15.4167 ], [ -110.8333, -15.625 ], [ -110.625, -16.0417 ], [ -110.2083, -16.4583 ], [ -110.2083, -16.6667 ], [ -110.0, -16.6667 ], [ -110.0, -17.0833 ], [ -110.2083, -17.2917 ], [ -110.2083, -17.7083 ], [ -110.2083, -17.9167 ], [ -109.7917, -18.125 ], [ -109.375, -18.5417 ], [ -109.1667, -18.3333 ], [ -108.9583, -18.75 ], [ -108.75, -18.75 ], [ -108.5417, -18.9583 ], [ -108.3333, -18.9583 ], [ -108.125, -19.1667 ], [ -107.9167, -18.9583 ], [ -107.7083, -19.1667 ], [ -107.2917, -18.9583 ], [ -107.0833, -19.375 ], [ -107.0833, -19.5833 ], [ -106.875, -20.0 ], [ -106.4583, -20.0 ], [ -106.4583, -19.5833 ], [ -106.0417, -19.375 ], [ -105.8333, -19.1667 ], [ -105.4167, -19.375 ], [ -105.4167, -19.5833 ], [ -105.4167, -20.0 ], [ -105.4167, -20.4167 ], [ -104.7917, -20.4167 ], [ -104.375, -20.0 ], [ -103.9583, -19.7917 ], [ -103.75, -20.0 ], [ -103.3333, -19.7917 ], [ -103.3333, -20.2083 ], [ -103.3333, -20.625 ], [ -102.9167, -20.8333 ], [ -102.5, -21.0417 ], [ -102.2917, -21.25 ], [ -102.2917, -21.4583 ], [ -102.0833, -21.6667 ], [ -101.875, -21.875 ], [ -101.875, -22.0833 ], [ -101.875, -22.7083 ], [ -101.875, -22.9167 ], [ -102.0833, -23.125 ], [ -102.0833, -23.3333 ], [ -102.2917, -23.75 ], [ -102.7083, -23.9583 ], [ -102.9167, -24.1667 ], [ -103.3333, -24.5833 ], [ -103.3333, -24.7917 ], [ -103.125, -25.0 ], [ -103.3333, -25.2083 ], [ -103.125, -25.625 ], [ -103.3333, -25.625 ], [ -103.9583, -26.0417 ], [ -104.1667, -26.25 ], [ -104.1667, -26.6667 ], [ -104.1667, -27.0833 ], [ -103.9583, -27.5 ], [ -103.9583, -27.7083 ], [ -103.9583, -28.125 ], [ -104.1667, -28.5417 ], [ -103.75, -28.75 ], [ -104.1667, -28.9583 ], [ -103.9583, -29.375 ], [ -104.1667, -29.7917 ], [ -103.75, -30.0 ], [ -104.1667, -30.4167 ], [ -103.9583, -30.8333 ], [ -104.1667, -31.25 ], [ -103.9583, -31.4583 ], [ -103.75, -31.4583 ], [ -103.5417, -31.25 ], [ -103.125, -31.4583 ], [ -102.9167, -31.4583 ], [ -102.9167, -31.6667 ], [ -102.7083, -31.875 ], [ -102.7083, -32.0833 ], [ -102.5, -32.2917 ], [ -102.2917, -32.2917 ], [ -102.0833, -32.7083 ], [ -101.6667, -32.9167 ], [ -101.875, -33.3333 ], [ -101.4583, -33.5417 ], [ -101.25, -33.75 ], [ -100.8333, -33.9583 ], [ -100.2083, -34.1667 ], [ -100.2083, -34.375 ], [ -100.0, -34.5833 ], [ -99.7917, -34.7917 ], [ -99.7917, -35.0 ], [ -99.5833, -35.0 ], [ -99.375, -35.0 ], [ -98.9583, -35.0 ], [ -98.75, -35.0 ], [ -98.3333, -35.0 ], [ -98.125, -35.0 ], [ -97.7083, -35.0 ], [ -97.2917, -35.0 ], [ -97.0833, -34.7917 ], [ -96.875, -34.7917 ], [ -96.6667, -34.5833 ], [ -96.4583, -34.5833 ], [ -96.0417, -34.1667 ], [ -95.625, -33.9583 ], [ -95.4167, -34.1667 ], [ -95.4167, -34.375 ], [ -95.4167, -34.5833 ], [ -95.0, -35.0 ], [ -94.5833, -35.0 ], [ -93.9583, -34.7917 ], [ -93.75, -35.0 ], [ -93.75, -35.625 ], [ -93.5417, -35.625 ], [ -93.3333, -35.625 ], [ -93.3333, -36.25 ], [ -93.125, -36.25 ], [ -93.125, -36.6667 ], [ -92.9167, -36.875 ], [ -93.125, -37.2917 ], [ -93.5417, -37.2917 ], [ -93.75, -37.2917 ], [ -94.1667, -37.0833 ], [ -94.5833, -37.2917 ], [ -94.375, -37.5 ], [ -94.375, -37.7083 ], [ -94.375, -38.125 ], [ -94.1667, -38.3333 ], [ -93.9583, -38.75 ], [ -93.5417, -39.1667 ], [ -93.75, -39.5833 ], [ -94.1667, -39.5833 ], [ -94.1667, -39.7917 ], [ -93.9583, -40.2083 ], [ -93.75, -40.2083 ], [ -93.5417, -40.4167 ], [ -93.3333, -40.8333 ], [ -93.3333, -41.25 ], [ -93.5417, -41.6667 ], [ -93.75, -41.6667 ], [ -93.75, -42.0833 ], [ -93.5417, -42.5 ], [ -93.3333, -42.5 ], [ -93.125, -42.5 ], [ -92.9167, -42.7083 ], [ -92.2917, -42.5 ], [ -92.2917, -42.7083 ], [ -92.5, -43.125 ], [ -92.5, -43.5417 ], [ -92.2917, -43.9583 ], [ -91.875, -43.75 ], [ -91.4583, -43.5417 ], [ -91.25, -43.75 ], [ -91.0417, -43.9583 ], [ -91.0417, -44.1667 ], [ -91.0417, -44.375 ], [ -91.0417, -44.7917 ], [ -90.4167, -44.7917 ], [ -90.4167, -45.0 ], [ -90.2083, -45.0 ], [ -90.0, -45.0 ], [ -89.5833, -45.2083 ], [ -89.1667, -45.4167 ], [ -88.9583, -45.625 ], [ -88.75, -45.625 ], [ -88.5417, -45.625 ], [ -88.3333, -45.625 ], [ -87.9167, -45.2083 ], [ -87.5, -45.4167 ], [ -87.5, -45.625 ], [ -87.0833, -45.8333 ], [ -86.875, -45.625 ], [ -86.6667, -45.625 ], [ -86.4583, -45.4167 ], [ -86.0417, -45.4167 ], [ -85.625, -45.625 ], [ -85.4167, -45.625 ], [ -85.2083, -45.4167 ], [ -85.0, -45.0 ], [ -84.5833, -45.0 ], [ -84.5833, -45.2083 ], [ -84.1667, -45.0 ], [ -84.1667, -44.7917 ], [ -83.75, -44.7917 ], [ -83.5417, -45.0 ], [ -83.125, -45.0 ], [ -82.9167, -45.0 ], [ -82.5, -44.7917 ], [ -82.2917, -45.0 ], [ -82.0833, -45.0 ], [ -82.0833, -44.5833 ], [ -81.875, -44.5833 ], [ -81.875, -44.1667 ], [ -81.4583, -44.1667 ], [ -81.25, -44.1667 ], [ -81.0417, -44.1667 ], [ -80.625, -44.1667 ], [ -80.625, -43.9583 ], [ -80.2083, -43.9583 ], [ -80.0, -43.9583 ], [ -79.5833, -43.9583 ], [ -79.375, -44.1667 ], [ -78.9583, -44.375 ], [ -78.75, -44.5833 ], [ -78.3333, -44.5833 ], [ -78.125, -44.7917 ], [ -78.125, -45.2083 ], [ -78.3333, -45.4167 ], [ -78.3333, -46.0417 ], [ -78.125, -46.0417 ], [ -78.125, -46.4583 ], [ -78.125, -46.6667 ], [ -78.125, -46.875 ], [ -77.9167, -47.5 ], [ -77.7083, -47.9167 ], [ -77.7083, -48.125 ], [ -77.2917, -48.3333 ], [ -77.2917, -48.5417 ], [ -77.2917, -48.75 ], [ -77.0833, -48.75 ], [ -76.6667, -48.5417 ], [ -76.4583, -48.9583 ], [ -76.6667, -49.375 ], [ -76.875, -49.375 ], [ -77.5, -49.375 ], [ -77.5, -49.7917 ], [ -77.5, -50.2083 ], [ -77.5, -50.4167 ], [ -77.5, -50.625 ], [ -77.5, -50.8333 ], [ -77.5, -51.25 ], [ -77.5, -51.6667 ], [ -77.5, -52.0833 ], [ -77.5, -52.5 ], [ -77.5, -52.7083 ], [ -77.2917, -52.9167 ], [ -77.5, -53.125 ], [ -77.2917, -53.5417 ], [ -77.2917, -53.75 ], [ -77.2917, -53.9583 ], [ -77.2917, -54.1667 ], [ -77.2917, -54.7917 ], [ -77.7083, -55.2083 ], [ -77.5, -55.625 ], [ -77.0833, -55.4167 ], [ -76.6667, -55.625 ], [ -76.6667, -56.0417 ], [ -76.875, -56.0417 ], [ -76.875, -56.4583 ], [ -76.875, -56.6667 ], [ -76.4583, -57.0833 ], [ -76.4583, -57.2917 ], [ -76.6667, -57.5 ], [ -76.6667, -57.7083 ], [ -76.875, -58.125 ], [ -76.4583, -58.3333 ], [ -76.4583, -58.5417 ], [ -76.0417, -58.5417 ], [ -76.0417, -59.1667 ], [ -76.0417, -59.5833 ], [ -76.0417, -59.7917 ], [ -76.0417, -60.0 ], [ -75.4167, -60.2083 ], [ -75.0, -60.2083 ], [ -74.7917, -60.2083 ], [ -74.5833, -60.2083 ], [ -74.5833, -60.625 ], [ -74.1667, -60.8333 ], [ -73.9583, -60.8333 ], [ -73.3333, -60.8333 ], [ -73.125, -60.8333 ], [ -72.7083, -61.0417 ], [ -72.9167, -61.4583 ], [ -73.3333, -61.4583 ], [ -73.3333, -61.875 ], [ -73.75, -61.875 ], [ -73.9583, -62.0833 ], [ -73.9583, -62.2917 ], [ -73.9583, -62.5 ], [ -74.375, -62.7083 ], [ -74.1667, -63.3333 ], [ -74.1667, -63.75 ], [ -74.1667, -64.1667 ], [ -74.1667, -64.375 ], [ -73.9583, -64.7917 ], [ -74.1667, -65.2083 ], [ -74.375, -65.625 ], [ -74.375, -65.8333 ], [ -74.375, -66.0417 ], [ -74.5833, -66.6667 ], [ -74.5833, -67.0833 ], [ -74.5833, -67.2917 ], [ -74.5833, -67.7083 ], [ -74.7917, -67.9167 ], [ -74.7917, -68.125 ], [ -75.0, -68.125 ], [ -75.2083, -68.5417 ], [ -75.625, -68.75 ], [ -75.625, -68.9583 ], [ -76.0417, -69.1667 ], [ -75.8333, -69.5833 ], [ -76.0417, -69.5833 ], [ -76.0417, -70.0 ], [ -76.0417, -70.4167 ], [ -75.8333, -70.625 ], [ -75.8333, -70.8333 ], [ -75.625, -71.0417 ], [ -75.4167, -71.0417 ], [ -75.0, -71.4583 ], [ -75.2083, -71.6667 ], [ -75.0, -72.0833 ], [ -74.7917, -72.2917 ], [ -74.7917, -72.5 ], [ -74.375, -72.5 ], [ -74.375, -72.7083 ], [ -73.9583, -72.7083 ], [ -73.75, -73.125 ], [ -73.5417, -73.5417 ], [ -73.125, -73.75 ], [ -73.125, -73.9583 ], [ -72.7083, -74.1667 ], [ -72.7083, -74.375 ], [ -72.5, -74.7917 ], [ -72.7083, -75.0 ], [ -72.5, -75.2083 ], [ -72.0833, -75.2083 ], [ -71.875, -75.2083 ], [ -71.4583, -75.4167 ], [ -71.25, -75.2083 ], [ -71.0417, -75.4167 ], [ -70.625, -75.2083 ], [ -70.625, -75.0 ], [ -70.4167, -74.5833 ], [ -70.2083, -74.5833 ], [ -70.0, -74.5833 ], [ -69.7917, -74.375 ], [ -69.5833, -74.5833 ], [ -68.9583, -74.375 ], [ -68.75, -74.5833 ], [ -68.3333, -74.5833 ], [ -68.125, -74.5833 ], [ -68.125, -74.375 ], [ -67.7083, -74.1667 ], [ -67.7083, -73.9583 ], [ -67.0833, -73.75 ], [ -66.6667, -73.5417 ], [ -66.25, -73.75 ], [ -66.0417, -73.3333 ], [ -66.25, -72.9167 ], [ -66.0417, -72.7083 ], [ -66.0417, -72.5 ], [ -65.8333, -72.2917 ], [ -65.8333, -72.0833 ], [ -65.8333, -71.875 ], [ -65.625, -71.4583 ], [ -65.625, -71.0417 ], [ -65.4167, -71.0417 ], [ -65.4167, -70.625 ], [ -65.625, -70.4167 ], [ -66.0417, -70.4167 ], [ -66.25, -70.0 ], [ -66.0417, -69.7917 ], [ -66.0417, -69.375 ], [ -66.25, -69.375 ], [ -66.25, -69.1667 ], [ -66.4583, -68.9583 ], [ -66.6667, -68.75 ], [ -66.6667, -68.5417 ], [ -66.4583, -68.3333 ], [ -66.4583, -68.125 ], [ -66.25, -68.125 ], [ -66.25, -67.7083 ], [ -66.6667, -67.5 ], [ -66.25, -67.2917 ], [ -66.25, -67.0833 ], [ -66.0417, -66.875 ], [ -66.0417, -66.4583 ], [ -66.0417, -66.25 ], [ -66.4583, -66.25 ], [ -66.875, -66.25 ], [ -67.0833, -66.0417 ], [ -67.5, -66.25 ], [ -67.9167, -66.25 ], [ -68.125, -66.0417 ], [ -68.5417, -65.625 ], [ -68.3333, -65.4167 ], [ -67.7083, -65.625 ], [ -67.2917, -65.4167 ], [ -67.0833, -65.4167 ], [ -66.875, -65.0 ], [ -66.875, -64.7917 ], [ -66.875, -64.1667 ], [ -66.4583, -64.1667 ], [ -66.25, -64.375 ], [ -66.0417, -64.5833 ], [ -65.8333, -64.5833 ], [ -65.4167, -64.375 ], [ -65.4167, -63.9583 ], [ -65.4167, -63.75 ], [ -65.4167, -63.3333 ], [ -65.2083, -63.3333 ], [ -65.0, -63.3333 ], [ -64.5833, -62.9167 ], [ -64.375, -62.9167 ], [ -64.1667, -62.9167 ], [ -63.75, -62.7083 ], [ -63.3333, -62.2917 ], [ -63.125, -62.2917 ], [ -62.9167, -62.0833 ], [ -62.7083, -61.875 ], [ -62.2917, -61.4583 ], [ -62.0833, -61.0417 ], [ -62.0833, -60.8333 ], [ -61.875, -60.4167 ], [ -61.4583, -60.625 ], [ -61.25, -60.4167 ], [ -60.8333, -60.625 ], [ -60.625, -60.2083 ], [ -60.4167, -60.2083 ], [ -60.0, -60.0 ], [ -59.7917, -60.2083 ], [ -59.375, -59.7917 ], [ -59.375, -59.5833 ], [ -59.7917, -59.375 ], [ -60.2083, -58.9583 ], [ -60.2083, -58.5417 ], [ -59.5833, -58.3333 ], [ -59.1667, -58.125 ], [ -58.9583, -57.9167 ], [ -58.75, -57.7083 ], [ -58.125, -58.125 ], [ -58.5417, -58.3333 ], [ -58.5417, -58.75 ], [ -58.5417, -58.9583 ], [ -58.125, -58.9583 ], [ -57.9167, -58.9583 ], [ -57.5, -59.1667 ], [ -57.2917, -59.1667 ], [ -56.875, -59.1667 ], [ -56.6667, -59.1667 ], [ -56.4583, -59.1667 ], [ -56.0417, -59.375 ], [ -55.8333, -59.375 ], [ -55.625, -59.375 ], [ -55.625, -59.5833 ], [ -55.2083, -60.0 ], [ -54.7917, -59.5833 ], [ -54.1667, -59.1667 ], [ -54.1667, -59.375 ], [ -53.9583, -59.7917 ], [ -53.5417, -59.7917 ], [ -53.3333, -59.5833 ], [ -52.7083, -59.5833 ], [ -52.5, -60.2083 ], [ -52.5, -60.625 ], [ -52.2917, -60.8333 ], [ -51.875, -60.625 ], [ -51.6667, -61.25 ], [ -51.875, -61.25 ], [ -51.6667, -61.6667 ], [ -51.0417, -61.4583 ], [ -50.8333, -61.25 ], [ -50.625, -61.25 ], [ -50.4167, -60.8333 ], [ -50.4167, -60.625 ], [ -50.0, -60.625 ], [ -49.7917, -60.625 ], [ -49.375, -61.0417 ], [ -49.5833, -61.4583 ], [ -49.5833, -61.875 ], [ -49.375, -62.2917 ], [ -49.1667, -62.2917 ], [ -48.9583, -62.2917 ], [ -48.75, -62.2917 ], [ -48.5417, -62.2917 ], [ -48.3333, -62.2917 ], [ -47.9167, -62.0833 ], [ -47.9167, -61.875 ], [ -47.5, -61.6667 ], [ -47.2917, -61.875 ], [ -47.0833, -62.2917 ], [ -47.2917, -62.5 ], [ -47.0833, -62.7083 ], [ -46.875, -62.7083 ], [ -46.6667, -63.3333 ], [ -46.25, -63.3333 ], [ -45.8333, -63.5417 ], [ -45.625, -63.5417 ], [ -45.625, -63.3333 ], [ -45.4167, -62.9167 ], [ -45.2083, -62.7083 ], [ -44.7917, -62.5 ], [ -44.5833, -62.7083 ], [ -44.5833, -62.9167 ], [ -44.1667, -63.3333 ], [ -44.1667, -63.5417 ], [ -43.9583, -63.75 ], [ -43.75, -63.9583 ], [ -43.5417, -63.75 ], [ -43.3333, -63.5417 ], [ -43.125, -63.75 ], [ -42.7083, -64.1667 ], [ -42.5, -63.75 ], [ -42.5, -63.5417 ], [ -42.0833, -63.3333 ], [ -41.6667, -63.5417 ], [ -41.875, -63.9583 ], [ -42.0833, -64.375 ], [ -41.875, -64.7917 ], [ -41.4583, -64.7917 ], [ -41.25, -64.7917 ], [ -41.0417, -65.2083 ], [ -40.8333, -65.4167 ], [ -40.4167, -65.4167 ], [ -40.4167, -65.625 ], [ -40.0, -65.8333 ], [ -40.0, -66.0417 ], [ -39.7917, -66.0417 ], [ -39.7917, -66.4583 ], [ -39.5833, -66.6667 ], [ -39.5833, -66.875 ], [ -39.375, -66.875 ], [ -39.375, -67.2917 ], [ -39.375, -67.7083 ], [ -38.9583, -67.9167 ], [ -38.9583, -68.125 ], [ -38.75, -68.125 ], [ -38.75, -68.5417 ], [ -38.9583, -68.9583 ], [ -38.75, -69.1667 ], [ -38.75, -69.375 ], [ -38.3333, -69.7917 ], [ -38.125, -69.7917 ], [ -37.5, -69.7917 ], [ -37.5, -70.0 ], [ -36.875, -70.0 ], [ -36.25, -70.4167 ], [ -36.0417, -70.625 ], [ -35.8333, -70.625 ], [ -35.625, -70.625 ], [ -35.4167, -70.8333 ], [ -35.2083, -70.8333 ], [ -34.5833, -71.25 ], [ -34.7917, -71.6667 ], [ -34.375, -72.0833 ], [ -34.1667, -72.0833 ], [ -33.75, -71.875 ], [ -33.3333, -71.6667 ], [ -33.125, -71.4583 ], [ -33.125, -71.6667 ], [ -32.7083, -71.4583 ], [ -32.5, -71.4583 ], [ -31.875, -71.25 ], [ -31.4583, -71.0417 ], [ -31.4583, -70.8333 ], [ -31.6667, -70.625 ], [ -31.25, -70.2083 ], [ -31.0417, -70.2083 ], [ -30.625, -70.2083 ], [ -30.625, -70.0 ], [ -30.2083, -70.0 ], [ -29.7917, -69.7917 ], [ -29.7917, -69.5833 ], [ -29.7917, -69.1667 ], [ -29.7917, -68.9583 ], [ -29.5833, -68.75 ], [ -29.5833, -68.5417 ], [ -29.375, -68.125 ], [ -29.1667, -68.125 ], [ -28.75, -67.9167 ], [ -28.75, -67.7083 ], [ -28.9583, -67.7083 ], [ -28.9583, -67.2917 ], [ -28.5417, -67.0833 ], [ -28.3333, -67.0833 ], [ -28.125, -67.0833 ], [ -27.9167, -67.0833 ], [ -27.7083, -67.0833 ], [ -27.5, -66.875 ], [ -27.5, -66.6667 ], [ -27.2917, -66.4583 ], [ -27.2917, -66.25 ], [ -27.0833, -66.25 ], [ -26.6667, -66.0417 ], [ -26.4583, -65.8333 ], [ -25.8333, -65.625 ], [ -25.8333, -65.4167 ], [ -25.4167, -65.4167 ], [ -25.2083, -65.625 ], [ -25.0, -65.625 ], [ -24.7917, -65.625 ], [ -24.5833, -65.2083 ], [ -24.375, -65.2083 ], [ -24.1667, -65.2083 ], [ -23.9583, -65.2083 ], [ -23.5417, -65.4167 ], [ -23.125, -65.4167 ], [ -22.9167, -65.2083 ], [ -22.2917, -65.0 ], [ -22.2917, -65.2083 ], [ -22.0833, -65.2083 ], [ -21.875, -65.2083 ], [ -21.6667, -65.4167 ], [ -21.25, -65.0 ], [ -21.0417, -65.0 ], [ -20.625, -64.7917 ], [ -20.4167, -64.7917 ], [ -20.2083, -64.7917 ], [ -20.0, -64.5833 ], [ -19.7917, -64.5833 ], [ -19.5833, -64.5833 ], [ -19.5833, -63.9583 ], [ -19.375, -63.9583 ], [ -18.9583, -63.75 ], [ -18.9583, -63.5417 ], [ -18.9583, -63.125 ], [ -18.5417, -62.9167 ], [ -18.5417, -62.7083 ], [ -18.3333, -62.5 ], [ -18.125, -62.2917 ], [ -17.9167, -61.6667 ], [ -17.7083, -61.4583 ], [ -17.2917, -61.4583 ], [ -16.875, -61.875 ], [ -16.875, -62.0833 ], [ -16.4583, -62.0833 ], [ -16.25, -62.0833 ], [ -15.8333, -62.2917 ], [ -15.625, -62.2917 ], [ -15.4167, -62.5 ], [ -15.2083, -62.5 ], [ -14.7917, -62.5 ], [ -14.5833, -62.2917 ], [ -14.5833, -61.875 ], [ -14.1667, -61.6667 ], [ -13.9583, -61.875 ], [ -13.5417, -62.2917 ], [ -13.5417, -62.5 ], [ -13.125, -62.2917 ], [ -12.9167, -62.2917 ], [ -12.7083, -62.2917 ], [ -12.2917, -62.5 ], [ -12.0833, -62.5 ], [ -11.875, -62.7083 ], [ -11.875, -62.9167 ], [ -11.4583, -63.125 ], [ -11.25, -62.9167 ], [ -11.4583, -62.2917 ], [ -11.0417, -62.2917 ], [ -10.8333, -62.7083 ], [ -10.4167, -62.7083 ], [ -10.2083, -62.9167 ], [ -9.7917, -62.7083 ], [ -9.375, -62.7083 ], [ -9.1667, -62.7083 ], [ -8.75, -62.5 ], [ -8.5417, -62.5 ], [ -8.9583, -62.0833 ], [ -9.1667, -62.0833 ], [ -9.375, -61.875 ], [ -9.375, -61.6667 ], [ -9.375, -61.4583 ], [ -9.1667, -61.0417 ], [ -8.75, -60.625 ], [ -8.5417, -60.8333 ], [ -8.125, -60.625 ], [ -7.9167, -61.0417 ], [ -7.9167, -61.25 ], [ -7.9167, -61.4583 ], [ -7.9167, -61.875 ], [ -7.5, -62.2917 ], [ -7.2917, -62.0833 ], [ -7.0833, -62.2917 ], [ -6.6667, -62.2917 ], [ -6.6667, -62.5 ], [ -6.4583, -62.7083 ], [ -6.25, -63.125 ], [ -5.8333, -63.125 ], [ -5.625, -63.125 ], [ -5.2083, -63.125 ], [ -5.2083, -63.5417 ], [ -5.2083, -63.75 ], [ -5.4167, -63.75 ], [ -5.625, -64.1667 ], [ -5.4167, -64.375 ], [ -5.0, -64.5833 ], [ -4.7917, -64.5833 ], [ -4.5833, -64.5833 ], [ -4.375, -64.5833 ], [ -4.1667, -65.0 ], [ -3.75, -65.0 ], [ -3.75, -65.2083 ], [ -3.3333, -65.4167 ], [ -2.9167, -65.2083 ], [ -2.9167, -64.7917 ], [ -2.7083, -64.7917 ], [ -2.7083, -64.5833 ], [ -2.0833, -64.375 ], [ -1.875, -64.5833 ], [ -1.4583, -64.5833 ], [ -1.4583, -64.1667 ], [ -1.25, -63.9583 ], [ -1.0417, -63.9583 ], [ -0.8333, -64.1667 ], [ -0.625, -64.375 ], [ -0.4167, -64.5833 ], [ -0.2083, -64.5833 ], [ 0.0, -64.7917 ], [ 0.625, -64.5833 ], [ 1.0417, -64.5833 ], [ 1.25, -64.5833 ], [ 1.6667, -64.5833 ], [ 1.875, -64.5833 ], [ 2.2917, -64.5833 ], [ 2.5, -64.7917 ], [ 2.2917, -65.2083 ], [ 2.5, -65.4167 ], [ 3.125, -65.2083 ], [ 3.3333, -65.2083 ], [ 3.5417, -65.2083 ], [ 3.9583, -65.2083 ], [ 4.1667, -65.2083 ], [ 4.5833, -65.4167 ], [ 4.7917, -65.2083 ], [ 5.2083, -65.4167 ], [ 5.4167, -65.2083 ], [ 5.625, -65.2083 ], [ 6.0417, -65.2083 ], [ 6.25, -65.2083 ], [ 6.6667, -65.0 ], [ 6.875, -64.7917 ], [ 7.0833, -64.7917 ], [ 7.2917, -64.7917 ], [ 7.5, -64.375 ], [ 7.2917, -64.1667 ], [ 7.5, -63.75 ], [ 7.9167, -63.75 ], [ 8.125, -63.5417 ], [ 8.125, -63.3333 ], [ 8.125, -63.125 ], [ 8.3333, -62.7083 ], [ 8.3333, -62.5 ], [ 8.5417, -62.5 ], [ 8.75, -62.2917 ], [ 8.9583, -62.0833 ], [ 9.1667, -61.6667 ], [ 9.375, -61.4583 ], [ 9.375, -61.25 ], [ 9.375, -61.0417 ], [ 9.7917, -61.0417 ], [ 10.0, -60.8333 ], [ 10.0, -60.4167 ], [ 10.0, -60.2083 ], [ 10.0, -59.7917 ], [ 10.0, -59.5833 ], [ 10.0, -59.1667 ], [ 9.5833, -59.1667 ], [ 9.7917, -58.75 ], [ 10.0, -58.5417 ], [ 10.0, -58.3333 ], [ 10.0, -58.125 ], [ 10.0, -57.7083 ], [ 10.0, -57.5 ], [ 9.7917, -57.2917 ], [ 9.5833, -56.875 ], [ 9.5833, -56.4583 ], [ 9.375, -56.25 ], [ 9.375, -56.0417 ], [ 9.1667, -55.8333 ], [ 9.1667, -55.4167 ], [ 8.9583, -55.2083 ], [ 8.75, -55.4167 ], [ 8.3333, -55.0 ], [ 8.3333, -54.7917 ], [ 8.3333, -54.5833 ], [ 8.3333, -54.375 ], [ 8.3333, -54.1667 ], [ 8.125, -53.9583 ], [ 7.7083, -53.9583 ], [ 7.5, -53.3333 ], [ 7.2917, -53.125 ], [ 6.875, -52.9167 ], [ 6.875, -52.5 ], [ 6.6667, -52.5 ], [ 6.6667, -52.2917 ], [ 6.6667, -52.0833 ], [ 6.0417, -51.6667 ], [ 6.0417, -51.4583 ], [ 6.25, -51.0417 ], [ 6.0417, -50.8333 ], [ 6.25, -50.625 ], [ 6.0417, -50.2083 ], [ 5.625, -50.0 ], [ 5.4167, -50.2083 ], [ 5.4167, -50.4167 ], [ 5.2083, -50.625 ], [ 5.0, -50.8333 ], [ 4.5833, -51.0417 ], [ 4.375, -50.8333 ], [ 4.1667, -50.8333 ], [ 3.9583, -50.625 ], [ 3.75, -50.625 ], [ 3.3333, -50.0 ], [ 3.3333, -50.2083 ], [ 2.7083, -50.2083 ], [ 2.7083, -50.0 ], [ 2.5, -49.7917 ], [ 2.2917, -49.5833 ], [ 1.875, -49.5833 ], [ 1.6667, -49.5833 ], [ 1.4583, -49.375 ], [ 1.25, -49.5833 ], [ 1.0417, -49.375 ], [ 0.625, -49.5833 ], [ 0.4167, -49.375 ], [ 0.2083, -49.5833 ], [ 0.0, -49.5833 ], [ -0.4167, -49.7917 ], [ -0.625, -49.5833 ], [ -0.8333, -49.7917 ], [ -1.25, -49.5833 ], [ -1.4583, -49.5833 ], [ -1.6667, -49.5833 ], [ -2.2917, -49.1667 ], [ -2.2917, -48.75 ], [ -2.2917, -48.3333 ], [ -1.875, -47.9167 ], [ -1.4583, -48.125 ], [ -1.25, -47.7083 ], [ -1.6667, -47.5 ], [ -1.875, -47.0833 ], [ -2.2917, -46.875 ], [ -2.2917, -46.4583 ], [ -2.5, -46.25 ], [ -2.5, -46.0417 ], [ -2.2917, -45.2083 ], [ -2.0833, -45.2083 ], [ -1.875, -44.7917 ], [ -1.4583, -44.7917 ], [ -1.0417, -44.7917 ], [ -0.8333, -44.7917 ], [ -0.4167, -44.7917 ], [ 0.2083, -44.5833 ], [ -0.2083, -43.9583 ], [ 0.0, -43.9583 ], [ 0.4167, -44.1667 ], [ 0.625, -43.9583 ], [ 0.8333, -43.9583 ], [ 1.25, -43.5417 ], [ 1.875, -43.9583 ], [ 1.6667, -44.375 ], [ 1.4583, -44.5833 ], [ 1.4583, -44.7917 ], [ 1.875, -45.2083 ], [ 2.2917, -45.2083 ], [ 2.5, -44.5833 ], [ 2.2917, -44.5833 ], [ 2.7083, -43.9583 ], [ 2.7083, -43.75 ], [ 2.7083, -43.5417 ], [ 2.2917, -42.9167 ], [ 2.0833, -42.7083 ], [ 2.2917, -42.0833 ], [ 2.7083, -42.0833 ], [ 2.9167, -41.875 ], [ 3.125, -41.875 ], [ 3.125, -41.6667 ], [ 3.5417, -41.25 ], [ 3.75, -41.0417 ], [ 3.75, -40.8333 ], [ 3.5417, -40.625 ], [ 3.125, -40.4167 ], [ 3.125, -40.0 ], [ 3.3333, -39.7917 ], [ 3.3333, -39.5833 ], [ 3.5417, -39.375 ], [ 3.75, -38.9583 ], [ 3.5417, -38.75 ], [ 3.75, -38.5417 ], [ 3.75, -38.3333 ], [ 4.1667, -38.125 ], [ 4.375, -38.125 ], [ 4.5833, -37.7083 ], [ 4.375, -37.5 ], [ 4.5833, -37.0833 ], [ 4.375, -36.4583 ], [ 3.9583, -36.4583 ], [ 3.5417, -36.4583 ], [ 3.5417, -36.25 ], [ 3.125, -36.4583 ], [ 2.9167, -36.0417 ], [ 3.125, -35.625 ], [ 2.9167, -35.625 ], [ 3.125, -35.2083 ], [ 2.5, -34.7917 ], [ 2.2917, -34.7917 ], [ 1.875, -34.7917 ] ], [ [ -80.2083, -58.5417 ], [ -79.7917, -58.125 ], [ -79.7917, -57.9167 ], [ -80.0, -57.7083 ], [ -80.4167, -57.7083 ], [ -80.625, -58.125 ], [ -80.4167, -58.5417 ], [ -80.2083, -58.5417 ] ], [ [ -112.5, -58.75 ], [ -112.9167, -58.3333 ], [ -113.125, -58.5417 ], [ -113.3333, -58.3333 ], [ -113.5417, -58.5417 ], [ -113.75, -58.9583 ], [ -114.1667, -59.375 ], [ -114.375, -59.1667 ], [ -114.5833, -58.9583 ], [ -115.0, -58.3333 ], [ -115.0, -58.125 ], [ -114.7917, -57.7083 ], [ -114.7917, -57.2917 ], [ -114.375, -57.2917 ], [ -114.375, -57.0833 ], [ -113.9583, -56.875 ], [ -113.9583, -56.6667 ], [ -114.1667, -56.4583 ], [ -114.375, -56.25 ], [ -114.5833, -56.0417 ], [ -114.5833, -55.8333 ], [ -114.5833, -55.4167 ], [ -114.5833, -55.0 ], [ -114.375, -54.7917 ], [ -114.375, -54.5833 ], [ -114.5833, -54.1667 ], [ -115.0, -53.5417 ], [ -114.7917, -53.5417 ], [ -115.0, -53.3333 ], [ -115.0, -52.7083 ], [ -115.2083, -52.7083 ], [ -115.2083, -52.2917 ], [ -115.625, -51.875 ], [ -116.0417, -51.6667 ], [ -116.0417, -51.25 ], [ -116.4583, -51.0417 ], [ -116.6667, -50.8333 ], [ -116.875, -50.8333 ], [ -117.0833, -50.8333 ], [ -117.7083, -50.4167 ], [ -117.7083, -50.2083 ], [ -117.9167, -50.2083 ], [ -118.3333, -50.2083 ], [ -118.3333, -50.625 ], [ -118.3333, -50.8333 ], [ -118.5417, -51.25 ], [ -118.9583, -51.25 ], [ -118.9583, -51.0417 ], [ -119.1667, -50.8333 ], [ -119.1667, -50.625 ], [ -119.1667, -50.4167 ], [ -119.7917, -50.2083 ], [ -120.0, -50.2083 ], [ -120.2083, -50.625 ], [ -120.0, -50.8333 ], [ -120.4167, -51.25 ], [ -120.8333, -51.4583 ], [ -121.0417, -51.4583 ], [ -121.4583, -51.25 ], [ -121.4583, -50.8333 ], [ -121.25, -50.4167 ], [ -121.4583, -50.2083 ], [ -121.875, -50.2083 ], [ -122.2917, -50.2083 ], [ -122.5, -50.2083 ], [ -122.9167, -50.0 ], [ -122.7083, -49.5833 ], [ -123.125, -49.1667 ], [ -123.125, -48.9583 ], [ -123.5417, -48.75 ], [ -123.75, -48.75 ], [ -124.1667, -48.5417 ], [ -124.1667, -48.3333 ], [ -124.5833, -48.125 ], [ -124.5833, -47.9167 ], [ -124.7917, -47.7083 ], [ -125.2083, -47.7083 ], [ -125.4167, -47.7083 ], [ -125.625, -47.7083 ], [ -126.0417, -47.5 ], [ -125.8333, -47.2917 ], [ -125.8333, -47.0833 ], [ -125.8333, -46.6667 ], [ -125.8333, -46.4583 ], [ -126.25, -46.6667 ], [ -126.4583, -46.0417 ], [ -126.4583, -45.625 ], [ -126.4583, -45.4167 ], [ -126.6667, -45.2083 ], [ -126.875, -45.0 ], [ -127.0833, -45.0 ], [ -127.5, -44.7917 ], [ -127.7083, -44.7917 ], [ -128.125, -44.5833 ], [ -127.9167, -44.1667 ], [ -127.7083, -43.9583 ], [ -127.5, -43.5417 ], [ -127.5, -43.125 ], [ -127.5, -42.9167 ], [ -127.5, -42.5 ], [ -127.5, -42.0833 ], [ -127.5, -41.6667 ], [ -127.5, -41.4583 ], [ -127.5, -41.0417 ], [ -127.5, -40.8333 ], [ -127.5, -40.625 ], [ -127.9167, -40.2083 ], [ -128.3333, -39.7917 ], [ -128.3333, -39.5833 ], [ -128.125, -39.375 ], [ -128.3333, -38.75 ], [ -128.75, -38.75 ], [ -128.9583, -38.3333 ], [ -128.75, -38.125 ], [ -128.9583, -37.9167 ], [ -129.1667, -37.9167 ], [ -129.5833, -37.5 ], [ -129.375, -37.2917 ], [ -129.375, -36.875 ], [ -129.5833, -36.875 ], [ -129.5833, -36.4583 ], [ -129.7917, -36.0417 ], [ -130.2083, -36.4583 ], [ -130.625, -36.4583 ], [ -130.8333, -36.4583 ], [ -131.25, -36.0417 ], [ -131.0417, -35.625 ], [ -130.4167, -35.625 ], [ -130.0, -35.4167 ], [ -130.0, -35.0 ], [ -130.4167, -34.7917 ], [ -130.625, -34.7917 ], [ -131.0417, -34.7917 ], [ -131.25, -34.5833 ], [ -131.25, -33.9583 ], [ -131.4583, -33.9583 ], [ -131.4583, -33.5417 ], [ -131.875, -33.5417 ], [ -131.875, -33.3333 ], [ -132.0833, -33.125 ], [ -132.0833, -32.9167 ], [ -132.2917, -32.7083 ], [ -132.0833, -32.2917 ], [ -132.2917, -32.0833 ], [ -132.7083, -32.0833 ], [ -132.9167, -31.875 ], [ -133.125, -31.6667 ], [ -132.9167, -31.4583 ], [ -133.125, -31.25 ], [ -132.9167, -31.0417 ], [ -133.125, -30.8333 ], [ -133.125, -30.625 ], [ -133.5417, -30.2083 ], [ -133.3333, -30.0 ], [ -133.5417, -29.7917 ], [ -133.75, -29.5833 ], [ -134.1667, -29.5833 ], [ -134.375, -29.1667 ], [ -134.5833, -29.1667 ], [ -134.375, -28.75 ], [ -134.375, -28.5417 ], [ -133.9583, -28.3333 ], [ -133.9583, -28.125 ], [ -134.5833, -27.7083 ], [ -134.7917, -27.0833 ], [ -135.0, -27.0833 ], [ -135.0, -26.875 ], [ -135.2083, -26.4583 ], [ -135.0, -26.0417 ], [ -135.4167, -25.8333 ], [ -135.625, -25.4167 ], [ -135.625, -25.2083 ], [ -135.625, -24.7917 ], [ -135.8333, -24.5833 ], [ -135.8333, -24.375 ], [ -136.0417, -23.9583 ], [ -136.25, -23.9583 ], [ -136.4583, -23.5417 ], [ -136.4583, -23.3333 ], [ -136.4583, -22.5 ], [ -136.6667, -22.5 ], [ -136.4583, -22.0833 ], [ -136.6667, -21.875 ], [ -136.4583, -21.6667 ], [ -136.4583, -21.25 ], [ -136.6667, -21.0417 ], [ -136.875, -21.0417 ], [ -137.0833, -21.0417 ], [ -137.2917, -21.0417 ], [ -137.7083, -21.0417 ], [ -138.3333, -21.0417 ], [ -138.3333, -20.8333 ], [ -138.125, -20.4167 ], [ -138.3333, -20.4167 ], [ -138.125, -20.0 ], [ -138.5417, -19.5833 ], [ -138.75, -19.7917 ], [ -138.9583, -19.7917 ], [ -138.9583, -19.375 ], [ -138.5417, -19.1667 ], [ -138.75, -18.9583 ], [ -139.1667, -18.9583 ], [ -139.5833, -18.9583 ], [ -139.7917, -19.1667 ], [ -140.0, -18.9583 ], [ -140.0, -18.75 ], [ -140.4167, -18.75 ], [ -140.4167, -18.3333 ], [ -141.0417, -18.3333 ], [ -141.25, -18.3333 ], [ -141.25, -18.125 ], [ -140.8333, -17.7083 ], [ -140.625, -17.2917 ], [ -140.625, -17.0833 ], [ -140.8333, -16.875 ], [ -140.8333, -16.6667 ], [ -141.0417, -16.25 ], [ -141.0417, -16.0417 ], [ -141.25, -15.8333 ], [ -141.25, -15.4167 ], [ -141.25, -15.0 ], [ -141.4583, -14.7917 ], [ -141.6667, -14.375 ], [ -142.0833, -13.9583 ], [ -141.875, -13.75 ], [ -142.0833, -13.5417 ], [ -141.875, -13.3333 ], [ -142.0833, -13.3333 ], [ -141.875, -13.125 ], [ -141.875, -12.7083 ], [ -141.875, -12.5 ], [ -142.0833, -12.5 ], [ -142.2917, -12.5 ], [ -142.7083, -12.2917 ], [ -143.125, -12.2917 ], [ -143.5417, -12.2917 ], [ -143.75, -12.5 ], [ -143.9583, -12.5 ], [ -144.1667, -12.0833 ], [ -144.1667, -11.875 ], [ -144.1667, -11.6667 ], [ -144.375, -11.6667 ], [ -144.5833, -11.875 ], [ -145.0, -12.2917 ], [ -145.2083, -12.2917 ], [ -145.4167, -12.5 ], [ -145.8333, -12.2917 ], [ -146.25, -12.5 ], [ -146.25, -12.7083 ], [ -146.6667, -12.9167 ], [ -146.875, -13.125 ], [ -147.2917, -13.125 ], [ -147.5, -13.5417 ], [ -147.5, -13.75 ], [ -147.7083, -13.9583 ], [ -147.5, -14.375 ], [ -147.9167, -14.5833 ], [ -147.7083, -15.0 ], [ -147.7083, -15.625 ], [ -147.7083, -16.0417 ], [ -147.5, -16.4583 ], [ -147.5, -16.6667 ], [ -147.5, -16.875 ], [ -147.5, -17.0833 ], [ -147.5, -17.2917 ], [ -147.0833, -17.7083 ], [ -147.0833, -18.125 ], [ -147.0833, -18.5417 ], [ -147.0833, -18.75 ], [ -146.6667, -18.9583 ], [ -146.4583, -18.9583 ], [ -146.4583, -19.1667 ], [ -146.0417, -19.375 ], [ -146.0417, -19.7917 ], [ -146.25, -19.7917 ], [ -146.25, -20.0 ], [ -146.6667, -20.2083 ], [ -146.6667, -20.4167 ], [ -146.25, -20.625 ], [ -146.0417, -20.625 ], [ -145.8333, -20.8333 ], [ -145.625, -21.0417 ], [ -145.625, -21.4583 ], [ -145.625, -21.6667 ], [ -145.8333, -21.875 ], [ -145.8333, -22.2917 ], [ -145.625, -22.2917 ], [ -145.4167, -22.2917 ], [ -145.2083, -22.5 ], [ -144.7917, -22.7083 ], [ -144.375, -22.9167 ], [ -144.375, -23.5417 ], [ -144.375, -23.75 ], [ -144.1667, -23.9583 ], [ -144.1667, -24.1667 ], [ -144.1667, -24.375 ], [ -144.375, -24.7917 ], [ -144.1667, -25.0 ], [ -144.375, -25.2083 ], [ -144.375, -25.4167 ], [ -144.375, -25.625 ], [ -144.375, -25.8333 ], [ -144.375, -26.0417 ], [ -143.75, -25.8333 ], [ -143.5417, -26.25 ], [ -143.3333, -26.6667 ], [ -143.125, -26.875 ], [ -142.9167, -26.875 ], [ -142.5, -27.2917 ], [ -142.2917, -27.2917 ], [ -142.0833, -27.2917 ], [ -141.875, -27.2917 ], [ -141.6667, -27.2917 ], [ -141.25, -27.7083 ], [ -141.4583, -28.125 ], [ -141.875, -28.5417 ], [ -141.875, -28.75 ], [ -141.875, -28.9583 ], [ -141.875, -29.1667 ], [ -142.0833, -29.375 ], [ -142.0833, -29.5833 ], [ -142.0833, -30.2083 ], [ -142.5, -30.4167 ], [ -142.5, -30.625 ], [ -142.5, -30.8333 ], [ -142.7083, -30.8333 ], [ -142.9167, -31.25 ], [ -143.5417, -31.0417 ], [ -143.75, -30.8333 ], [ -143.9583, -30.625 ], [ -144.1667, -30.8333 ], [ -144.1667, -31.4583 ], [ -144.1667, -32.0833 ], [ -144.1667, -32.2917 ], [ -144.1667, -32.5 ], [ -143.9583, -32.7083 ], [ -143.75, -32.9167 ], [ -143.5417, -32.9167 ], [ -143.125, -32.7083 ], [ -143.125, -32.9167 ], [ -142.7083, -32.7083 ], [ -142.7083, -32.5 ], [ -142.5, -32.2917 ], [ -142.2917, -32.2917 ], [ -142.0833, -32.2917 ], [ -141.875, -32.5 ], [ -141.875, -33.125 ], [ -141.875, -33.3333 ], [ -142.0833, -33.75 ], [ -141.6667, -34.1667 ], [ -141.875, -34.375 ], [ -141.6667, -34.5833 ], [ -141.4583, -35.0 ], [ -141.0417, -35.625 ], [ -141.4583, -35.8333 ], [ -141.0417, -36.25 ], [ -141.25, -36.25 ], [ -141.25, -36.6667 ], [ -140.8333, -36.875 ], [ -140.4167, -36.875 ], [ -140.2083, -36.6667 ], [ -139.7917, -36.6667 ], [ -139.5833, -37.0833 ], [ -139.1667, -37.0833 ], [ -138.9583, -37.0833 ], [ -138.75, -37.0833 ], [ -138.5417, -36.6667 ], [ -138.125, -36.6667 ], [ -138.125, -37.0833 ], [ -137.9167, -37.2917 ], [ -137.9167, -37.5 ], [ -137.7083, -37.5 ], [ -137.5, -37.7083 ], [ -137.7083, -38.125 ], [ -137.5, -38.3333 ], [ -137.7083, -38.5417 ], [ -137.5, -38.9583 ], [ -137.7083, -39.1667 ], [ -137.5, -39.5833 ], [ -137.7083, -40.0 ], [ -137.5, -40.0 ], [ -137.2917, -40.4167 ], [ -137.7083, -40.625 ], [ -137.7083, -41.0417 ], [ -137.5, -41.0417 ], [ -137.5, -41.6667 ], [ -137.9167, -41.875 ], [ -138.125, -41.875 ], [ -138.3333, -42.0833 ], [ -138.125, -42.5 ], [ -138.3333, -42.7083 ], [ -138.5417, -42.7083 ], [ -138.5417, -42.5 ], [ -138.9583, -42.5 ], [ -139.375, -42.5 ], [ -139.5833, -42.7083 ], [ -139.375, -43.125 ], [ -139.5833, -43.3333 ], [ -139.5833, -43.75 ], [ -139.5833, -44.1667 ], [ -139.7917, -44.375 ], [ -140.2083, -44.1667 ], [ -140.4167, -44.1667 ], [ -140.8333, -43.9583 ], [ -141.0417, -43.9583 ], [ -141.0417, -44.5833 ], [ -141.0417, -44.7917 ], [ -141.25, -45.2083 ], [ -141.0417, -45.2083 ], [ -141.25, -45.625 ], [ -141.25, -46.0417 ], [ -141.4583, -46.4583 ], [ -141.6667, -46.875 ], [ -141.6667, -47.2917 ], [ -141.875, -47.7083 ], [ -141.875, -47.9167 ], [ -141.875, -48.125 ], [ -142.2917, -48.5417 ], [ -142.2917, -48.75 ], [ -142.7083, -48.75 ], [ -142.5, -49.1667 ], [ -142.7083, -49.1667 ], [ -142.7083, -49.5833 ], [ -142.9167, -49.7917 ], [ -142.9167, -50.2083 ], [ -142.9167, -50.4167 ], [ -142.7083, -50.625 ], [ -142.7083, -51.0417 ], [ -142.7083, -51.4583 ], [ -142.5, -51.6667 ], [ -142.2917, -51.875 ], [ -142.0833, -51.875 ], [ -141.6667, -52.2917 ], [ -141.4583, -52.5 ], [ -141.0417, -52.5 ], [ -140.8333, -52.5 ], [ -140.4167, -52.9167 ], [ -140.625, -53.3333 ], [ -140.4167, -53.75 ], [ -140.4167, -53.9583 ], [ -140.0, -54.1667 ], [ -139.7917, -54.1667 ], [ -139.375, -54.5833 ], [ -139.375, -54.7917 ], [ -139.375, -55.2083 ], [ -139.375, -55.4167 ], [ -139.1667, -55.625 ], [ -138.9583, -55.625 ], [ -138.5417, -56.0417 ], [ -138.125, -56.4583 ], [ -138.3333, -56.6667 ], [ -138.125, -56.875 ], [ -138.3333, -57.2917 ], [ -138.125, -57.7083 ], [ -138.3333, -57.9167 ], [ -138.3333, -58.125 ], [ -138.5417, -58.3333 ], [ -138.9583, -58.75 ], [ -139.375, -58.5417 ], [ -139.5833, -58.5417 ], [ -139.7917, -58.9583 ], [ -139.5833, -59.375 ], [ -139.7917, -59.7917 ], [ -140.0, -60.2083 ], [ -139.5833, -60.4167 ], [ -139.7917, -61.0417 ], [ -140.0, -61.0417 ], [ -140.2083, -61.4583 ], [ -140.4167, -61.6667 ], [ -140.625, -61.6667 ], [ -140.8333, -61.4583 ], [ -141.25, -61.25 ], [ -141.4583, -61.25 ], [ -141.6667, -61.25 ], [ -141.875, -61.6667 ], [ -141.875, -61.875 ], [ -142.0833, -61.875 ], [ -141.875, -62.2917 ], [ -142.0833, -62.7083 ], [ -141.875, -62.9167 ], [ -142.2917, -63.3333 ], [ -142.9167, -63.5417 ], [ -142.9167, -63.75 ], [ -143.125, -63.75 ], [ -143.5417, -64.1667 ], [ -143.5417, -64.375 ], [ -143.3333, -64.5833 ], [ -143.3333, -64.7917 ], [ -143.5417, -65.2083 ], [ -143.3333, -65.4167 ], [ -143.5417, -65.8333 ], [ -143.75, -66.0417 ], [ -143.9583, -66.0417 ], [ -144.1667, -66.4583 ], [ -144.1667, -66.875 ], [ -144.1667, -67.2917 ], [ -144.1667, -67.5 ], [ -144.1667, -67.7083 ], [ -143.75, -67.9167 ], [ -143.5417, -67.9167 ], [ -143.125, -68.125 ], [ -142.9167, -68.3333 ], [ -142.5, -68.75 ], [ -142.5, -69.375 ], [ -142.7083, -70.0 ], [ -142.7083, -70.2083 ], [ -142.5, -70.2083 ], [ -142.2917, -70.625 ], [ -142.0833, -70.625 ], [ -141.875, -70.4167 ], [ -141.4583, -70.8333 ], [ -140.8333, -70.8333 ], [ -140.625, -71.25 ], [ -140.2083, -71.4583 ], [ -140.4167, -71.875 ], [ -140.2083, -72.2917 ], [ -140.0, -72.2917 ], [ -139.7917, -72.2917 ], [ -139.5833, -72.2917 ], [ -139.1667, -72.5 ], [ -138.5417, -72.9167 ], [ -138.3333, -72.9167 ], [ -138.125, -72.9167 ], [ -137.7083, -73.125 ], [ -137.5, -72.9167 ], [ -137.2917, -72.9167 ], [ -137.0833, -72.9167 ], [ -136.875, -72.9167 ], [ -136.6667, -72.5 ], [ -136.25, -72.0833 ], [ -135.8333, -72.7083 ], [ -136.0417, -72.9167 ], [ -135.625, -73.125 ], [ -135.2083, -73.125 ], [ -135.0, -72.9167 ], [ -134.7917, -72.9167 ], [ -134.5833, -72.2917 ], [ -134.1667, -72.2917 ], [ -133.75, -72.2917 ], [ -133.5417, -72.2917 ], [ -133.3333, -72.5 ], [ -133.3333, -72.7083 ], [ -133.75, -72.9167 ], [ -134.1667, -72.9167 ], [ -134.1667, -73.3333 ], [ -134.1667, -73.5417 ], [ -133.75, -73.5417 ], [ -133.5417, -73.3333 ], [ -133.3333, -73.125 ], [ -133.125, -73.125 ], [ -132.9167, -72.9167 ], [ -132.7083, -73.125 ], [ -132.2917, -73.125 ], [ -132.0833, -72.9167 ], [ -131.6667, -72.9167 ], [ -131.6667, -73.5417 ], [ -131.4583, -73.5417 ], [ -131.4583, -73.75 ], [ -130.8333, -73.9583 ], [ -130.8333, -73.75 ], [ -130.625, -73.9583 ], [ -130.4167, -73.5417 ], [ -130.0, -73.75 ], [ -129.5833, -73.5417 ], [ -129.375, -73.5417 ], [ -129.1667, -73.125 ], [ -129.5833, -72.5 ], [ -129.7917, -72.5 ], [ -130.0, -72.2917 ], [ -130.4167, -72.5 ], [ -130.625, -72.0833 ], [ -130.625, -71.875 ], [ -130.625, -71.6667 ], [ -130.4167, -71.6667 ], [ -130.4167, -71.4583 ], [ -130.0, -71.25 ], [ -129.7917, -71.0417 ], [ -129.5833, -71.0417 ], [ -129.1667, -70.625 ], [ -129.1667, -70.8333 ], [ -128.75, -70.625 ], [ -128.3333, -70.8333 ], [ -127.7083, -71.0417 ], [ -127.0833, -71.25 ], [ -127.7083, -71.6667 ], [ -127.2917, -72.0833 ], [ -127.0833, -71.875 ], [ -126.4583, -72.0833 ], [ -126.4583, -72.5 ], [ -126.6667, -72.7083 ], [ -126.875, -73.125 ], [ -126.6667, -73.125 ], [ -126.875, -73.5417 ], [ -127.2917, -73.75 ], [ -127.2917, -73.9583 ], [ -127.5, -74.1667 ], [ -127.5, -74.375 ], [ -127.2917, -74.5833 ], [ -127.0833, -74.7917 ], [ -126.875, -75.2083 ], [ -126.6667, -75.625 ], [ -126.4583, -75.8333 ], [ -126.4583, -76.25 ], [ -126.0417, -76.25 ], [ -126.0417, -76.4583 ], [ -126.25, -76.875 ], [ -126.4583, -77.0833 ], [ -126.25, -77.2917 ], [ -126.0417, -77.5 ], [ -125.8333, -77.7083 ], [ -125.8333, -78.125 ], [ -125.4167, -78.5417 ], [ -125.2083, -78.9583 ], [ -125.2083, -79.1667 ], [ -124.7917, -79.375 ], [ -124.7917, -79.7917 ], [ -124.5833, -80.2083 ], [ -124.5833, -80.4167 ], [ -124.5833, -80.625 ], [ -124.1667, -80.8333 ], [ -123.75, -80.625 ], [ -123.5417, -80.4167 ], [ -123.3333, -80.2083 ], [ -122.9167, -80.2083 ], [ -122.7083, -80.4167 ], [ -122.5, -80.625 ], [ -122.2917, -80.625 ], [ -122.0833, -80.8333 ], [ -121.4583, -80.625 ], [ -121.4583, -80.8333 ], [ -121.0417, -80.4167 ], [ -120.625, -80.625 ], [ -120.625, -80.2083 ], [ -120.2083, -80.0 ], [ -120.2083, -79.7917 ], [ -119.375, -79.5833 ], [ -119.1667, -79.7917 ], [ -118.9583, -79.7917 ], [ -118.75, -79.7917 ], [ -118.3333, -79.5833 ], [ -117.7083, -79.375 ], [ -117.5, -79.5833 ], [ -117.2917, -79.5833 ], [ -117.0833, -79.1667 ], [ -117.0833, -78.9583 ], [ -116.875, -78.5417 ], [ -116.875, -78.3333 ], [ -116.875, -77.9167 ], [ -116.4583, -77.7083 ], [ -116.25, -77.7083 ], [ -115.8333, -77.5 ], [ -115.625, -77.2917 ], [ -115.4167, -77.2917 ], [ -115.4167, -76.875 ], [ -115.8333, -76.6667 ], [ -116.0417, -76.25 ], [ -115.8333, -76.0417 ], [ -115.4167, -76.0417 ], [ -115.2083, -75.8333 ], [ -115.2083, -75.625 ], [ -114.7917, -75.625 ], [ -114.5833, -75.8333 ], [ -114.375, -75.8333 ], [ -113.9583, -75.625 ], [ -113.9583, -75.4167 ], [ -114.375, -75.2083 ], [ -114.375, -74.7917 ], [ -114.5833, -74.7917 ], [ -114.5833, -74.375 ], [ -114.7917, -73.9583 ], [ -114.7917, -73.75 ], [ -115.2083, -73.3333 ], [ -115.0, -73.3333 ], [ -115.2083, -72.7083 ], [ -115.4167, -72.0833 ], [ -115.625, -72.0833 ], [ -115.8333, -72.0833 ], [ -115.8333, -71.6667 ], [ -116.25, -71.4583 ], [ -116.25, -71.0417 ], [ -115.8333, -70.8333 ], [ -115.4167, -70.8333 ], [ -115.0, -70.4167 ], [ -114.5833, -70.8333 ], [ -114.375, -70.8333 ], [ -114.1667, -70.8333 ], [ -113.9583, -70.8333 ], [ -113.75, -70.625 ], [ -113.75, -70.0 ], [ -113.5417, -70.0 ], [ -113.3333, -70.0 ], [ -113.125, -70.0 ], [ -112.7083, -69.7917 ], [ -112.5, -70.0 ], [ -112.2917, -70.4167 ], [ -112.2917, -71.0417 ], [ -112.0833, -71.4583 ], [ -111.6667, -71.4583 ], [ -111.4583, -72.0833 ], [ -111.25, -72.0833 ], [ -111.25, -72.2917 ], [ -111.0417, -72.2917 ], [ -110.8333, -72.2917 ], [ -110.625, -72.2917 ], [ -110.4167, -72.2917 ], [ -109.7917, -72.5 ], [ -109.7917, -72.7083 ], [ -110.0, -72.9167 ], [ -110.4167, -73.125 ], [ -110.4167, -72.9167 ], [ -110.8333, -72.9167 ], [ -111.0417, -73.125 ], [ -110.8333, -73.5417 ], [ -111.0417, -73.75 ], [ -111.0417, -73.9583 ], [ -111.0417, -74.1667 ], [ -111.25, -74.5833 ], [ -111.6667, -74.5833 ], [ -111.6667, -75.0 ], [ -111.6667, -75.2083 ], [ -111.4583, -75.4167 ], [ -111.6667, -76.0417 ], [ -111.6667, -76.4583 ], [ -111.4583, -76.4583 ], [ -111.25, -76.875 ], [ -111.0417, -76.875 ], [ -111.0417, -77.5 ], [ -110.625, -77.7083 ], [ -110.4167, -77.7083 ], [ -110.0, -77.5 ], [ -109.7917, -77.5 ], [ -109.5833, -77.5 ], [ -109.375, -77.5 ], [ -108.9583, -77.7083 ], [ -108.75, -77.2917 ], [ -108.3333, -77.5 ], [ -108.125, -77.2917 ], [ -107.7083, -77.0833 ], [ -107.7083, -76.875 ], [ -107.5, -76.875 ], [ -107.2917, -76.6667 ], [ -107.0833, -76.6667 ], [ -107.0833, -76.4583 ], [ -107.0833, -76.0417 ], [ -107.2917, -75.8333 ], [ -107.0833, -75.4167 ], [ -107.0833, -75.0 ], [ -106.6667, -74.5833 ], [ -106.4583, -74.5833 ], [ -106.25, -74.375 ], [ -106.25, -74.1667 ], [ -106.4583, -73.9583 ], [ -106.4583, -73.3333 ], [ -106.25, -73.3333 ], [ -106.25, -73.125 ], [ -105.8333, -72.9167 ], [ -105.8333, -72.7083 ], [ -105.4167, -72.2917 ], [ -105.2083, -72.0833 ], [ -105.2083, -71.6667 ], [ -105.0, -71.25 ], [ -104.7917, -71.25 ], [ -104.7917, -71.0417 ], [ -104.5833, -71.0417 ], [ -104.375, -70.625 ], [ -103.9583, -70.625 ], [ -103.75, -70.2083 ], [ -103.75, -70.0 ], [ -103.9583, -69.7917 ], [ -104.1667, -69.375 ], [ -104.1667, -69.1667 ], [ -104.1667, -68.9583 ], [ -104.1667, -68.3333 ], [ -103.75, -68.3333 ], [ -103.5417, -68.125 ], [ -103.125, -68.125 ], [ -102.9167, -67.9167 ], [ -102.9167, -67.7083 ], [ -102.5, -67.2917 ], [ -102.5, -67.0833 ], [ -102.5, -66.875 ], [ -102.5, -66.4583 ], [ -102.5, -66.25 ], [ -102.5, -66.0417 ], [ -102.5, -65.625 ], [ -102.5, -65.0 ], [ -102.5, -64.7917 ], [ -102.7083, -64.5833 ], [ -102.5, -64.375 ], [ -102.7083, -63.9583 ], [ -102.7083, -63.75 ], [ -102.7083, -63.5417 ], [ -102.7083, -63.3333 ], [ -103.125, -63.125 ], [ -103.5417, -63.3333 ], [ -103.9583, -63.3333 ], [ -103.9583, -63.125 ], [ -104.375, -63.125 ], [ -104.5833, -62.7083 ], [ -104.7917, -62.2917 ], [ -105.0, -62.2917 ], [ -105.2083, -62.0833 ], [ -105.4167, -62.0833 ], [ -105.625, -61.875 ], [ -105.8333, -61.6667 ], [ -106.25, -61.6667 ], [ -106.4583, -61.6667 ], [ -106.875, -62.0833 ], [ -107.2917, -61.6667 ], [ -107.5, -61.6667 ], [ -107.5, -61.25 ], [ -107.7083, -61.25 ], [ -107.9167, -60.8333 ], [ -108.125, -60.8333 ], [ -108.5417, -61.0417 ], [ -108.75, -60.8333 ], [ -108.9583, -61.0417 ], [ -109.375, -60.8333 ], [ -109.5833, -60.8333 ], [ -110.0, -60.8333 ], [ -110.2083, -60.8333 ], [ -110.4167, -60.8333 ], [ -110.625, -60.625 ], [ -110.8333, -60.625 ], [ -111.0417, -60.4167 ], [ -111.25, -60.2083 ], [ -111.4583, -59.7917 ], [ -111.6667, -59.7917 ], [ -111.875, -59.7917 ], [ -112.2917, -59.7917 ], [ -112.2917, -59.5833 ], [ -112.0833, -59.375 ], [ -111.875, -58.9583 ], [ -111.6667, -58.9583 ], [ -111.4583, -58.75 ], [ -111.25, -58.75 ], [ -110.8333, -58.3333 ], [ -110.8333, -58.125 ], [ -111.25, -57.9167 ], [ -111.4583, -57.9167 ], [ -111.875, -58.125 ], [ -112.0833, -58.3333 ], [ -112.0833, -58.5417 ], [ -112.5, -58.75 ] ], [ [ -127.5, 42.0833 ], [ -127.0833, 42.5 ], [ -127.2917, 42.9167 ], [ -127.2917, 43.125 ], [ -127.5, 42.9167 ], [ -127.7083, 42.5 ], [ -127.7083, 42.0833 ], [ -127.5, 42.0833 ] ], [ [ -130.8333, -20.8333 ], [ -131.25, -21.0417 ], [ -131.4583, -21.6667 ], [ -130.8333, -21.6667 ], [ -130.625, -21.0417 ], [ -130.625, -20.8333 ], [ -130.8333, -20.8333 ] ], [ [ -138.3333, 24.375 ], [ -138.125, 24.1667 ], [ -137.9167, 23.9583 ], [ -137.7083, 24.375 ], [ -137.7083, 24.5833 ], [ -137.9167, 24.5833 ], [ -138.3333, 24.375 ] ], [ [ -134.5833, 58.9583 ], [ -135.2083, 58.9583 ], [ -135.2083, 58.75 ], [ -135.4167, 58.75 ], [ -135.2083, 58.125 ], [ -135.0, 58.125 ], [ -134.5833, 58.5417 ], [ -134.5833, 58.9583 ] ], [ [ -120.0, -44.375 ], [ -120.2083, -44.1667 ], [ -120.625, -44.1667 ], [ -120.8333, -44.375 ], [ -120.8333, -44.5833 ], [ -120.625, -44.7917 ], [ -120.4167, -44.7917 ], [ -120.0, -44.375 ] ], [ [ -126.6667, 3.125 ], [ -126.6667, 2.9167 ], [ -126.4583, 2.7083 ], [ -126.25, 2.9167 ], [ -126.0417, 3.3333 ], [ -126.25, 3.5417 ], [ -126.4583, 3.5417 ], [ -126.6667, 3.125 ] ], [ [ -118.125, -27.5 ], [ -117.9167, -27.5 ], [ -117.7083, -27.2917 ], [ -117.7083, -27.0833 ], [ -117.7083, -26.875 ], [ -118.3333, -26.4583 ], [ -118.3333, -26.6667 ], [ -118.5417, -26.875 ], [ -118.5417, -27.2917 ], [ -118.125, -27.5 ] ], [ [ -100.8333, -65.2083 ], [ -100.625, -64.7917 ], [ -101.0417, -64.375 ], [ -101.25, -64.375 ], [ -101.6667, -65.0 ], [ -101.4583, -65.0 ], [ -101.25, -65.2083 ], [ -101.25, -65.4167 ], [ -100.8333, -65.2083 ] ], [ [ -102.7083, -78.75 ], [ -102.5, -78.75 ], [ -102.5, -78.3333 ], [ -102.9167, -78.125 ], [ -103.3333, -78.5417 ], [ -102.9167, -78.9583 ], [ -102.7083, -78.75 ] ], [ [ -98.125, -40.4167 ], [ -98.5417, -40.2083 ], [ -98.75, -40.2083 ], [ -98.75, -40.625 ], [ -98.75, -40.8333 ], [ -98.5417, -41.0417 ], [ -98.3333, -40.8333 ], [ -98.125, -40.4167 ] ], [ [ -107.9167, 65.2083 ], [ -108.125, 65.2083 ], [ -108.5417, 65.2083 ], [ -108.75, 64.7917 ], [ -108.5417, 64.5833 ], [ -108.3333, 64.375 ], [ -108.125, 64.1667 ], [ -107.7083, 64.1667 ], [ -107.5, 63.9583 ], [ -107.0833, 64.375 ], [ -107.0833, 64.5833 ], [ -107.5, 65.0 ], [ -107.9167, 65.2083 ] ], [ [ -100.4167, 5.4167 ], [ -100.2083, 5.4167 ], [ -100.0, 5.625 ], [ -100.0, 6.0417 ], [ -100.2083, 6.0417 ], [ -100.625, 6.25 ], [ -100.8333, 6.0417 ], [ -101.0417, 5.625 ], [ -100.8333, 5.4167 ], [ -100.4167, 5.4167 ] ], [ [ -99.375, 0.8333 ], [ -98.75, 1.0417 ], [ -98.75, 1.25 ], [ -99.1667, 1.4583 ], [ -99.375, 1.25 ], [ -99.375, 0.8333 ] ], [ [ -91.0417, 0.8333 ], [ -90.8333, 0.625 ], [ -90.625, 0.625 ], [ -90.4167, 0.625 ], [ -90.0, 0.2083 ], [ -90.0, 0.0 ], [ -89.5833, -0.2083 ], [ -89.375, 0.4167 ], [ -89.5833, 0.8333 ], [ -90.0, 1.25 ], [ -90.2083, 1.25 ], [ -90.625, 1.4583 ], [ -91.0417, 1.4583 ], [ -91.25, 1.0417 ], [ -91.0417, 0.8333 ] ], [ [ -97.0833, -3.3333 ], [ -97.0833, -3.75 ], [ -96.6667, -3.9583 ], [ -96.4583, -3.75 ], [ -96.4583, -3.5417 ], [ -96.6667, -3.3333 ], [ -97.0833, -3.3333 ] ], [ [ -82.9167, -30.8333 ], [ -83.3333, -30.4167 ], [ -83.9583, -30.625 ], [ -83.75, -31.0417 ], [ -83.5417, -31.25 ], [ -83.3333, -31.25 ], [ -83.125, -31.0417 ], [ -82.9167, -30.8333 ] ], [ [ -83.125, 32.5 ], [ -83.5417, 32.2917 ], [ -83.5417, 32.0833 ], [ -83.125, 31.875 ], [ -82.7083, 32.0833 ], [ -82.7083, 32.2917 ], [ -83.125, 32.5 ] ], [ [ -88.125, 34.375 ], [ -88.3333, 34.7917 ], [ -88.75, 34.7917 ], [ -88.9583, 34.5833 ], [ -88.9583, 34.375 ], [ -88.3333, 34.1667 ], [ -88.125, 34.375 ] ], [ [ -47.5, 8.75 ], [ -47.7083, 8.75 ], [ -47.7083, 8.3333 ], [ -47.7083, 8.125 ], [ -47.7083, 7.7083 ], [ -47.7083, 7.5 ], [ -47.7083, 7.2917 ], [ -47.9167, 7.0833 ], [ -47.7083, 6.6667 ], [ -47.9167, 6.25 ], [ -47.9167, 5.8333 ], [ -47.9167, 5.4167 ], [ -47.9167, 5.0 ], [ -47.7083, 5.0 ], [ -47.2917, 5.2083 ], [ -46.875, 5.2083 ], [ -46.6667, 5.2083 ], [ -46.4583, 5.2083 ], [ -46.0417, 5.2083 ], [ -45.8333, 4.7917 ], [ -45.2083, 4.5833 ], [ -45.0, 4.5833 ], [ -44.7917, 4.375 ], [ -44.7917, 3.9583 ], [ -44.1667, 3.5417 ], [ -43.9583, 3.125 ], [ -43.5417, 2.7083 ], [ -43.3333, 2.2917 ], [ -43.125, 2.0833 ], [ -42.9167, 2.0833 ], [ -42.9167, 1.6667 ], [ -42.5, 1.6667 ], [ -42.5, 1.25 ], [ -42.5, 1.0417 ], [ -42.0833, 1.25 ], [ -41.875, 0.8333 ], [ -41.6667, 0.8333 ], [ -41.25, 0.625 ], [ -41.0417, 0.625 ], [ -40.8333, 0.625 ], [ -40.8333, 0.4167 ], [ -41.0417, 0.0 ], [ -40.8333, -0.2083 ], [ -40.4167, -0.4167 ], [ -40.2083, -0.2083 ], [ -40.0, -0.2083 ], [ -39.7917, 0.0 ], [ -39.7917, 0.8333 ], [ -39.7917, 1.25 ], [ -39.5833, 1.4583 ], [ -39.5833, 1.6667 ], [ -39.5833, 1.875 ], [ -39.375, 2.2917 ], [ -39.5833, 2.5 ], [ -40.0, 2.9167 ], [ -40.2083, 2.9167 ], [ -40.4167, 3.5417 ], [ -40.0, 3.5417 ], [ -39.7917, 3.75 ], [ -40.0, 4.1667 ], [ -40.2083, 4.1667 ], [ -40.625, 4.1667 ], [ -40.8333, 4.5833 ], [ -41.25, 4.375 ], [ -41.4583, 4.5833 ], [ -41.6667, 4.5833 ], [ -41.875, 5.0 ], [ -41.875, 5.2083 ], [ -42.5, 5.4167 ], [ -42.7083, 5.2083 ], [ -43.125, 5.2083 ], [ -43.5417, 5.2083 ], [ -43.75, 5.4167 ], [ -44.1667, 5.8333 ], [ -44.1667, 6.0417 ], [ -44.375, 6.25 ], [ -44.375, 6.4583 ], [ -44.5833, 6.6667 ], [ -44.7917, 6.6667 ], [ -45.2083, 6.6667 ], [ -45.4167, 7.0833 ], [ -45.4167, 7.2917 ], [ -45.4167, 7.7083 ], [ -45.625, 8.125 ], [ -45.8333, 8.125 ], [ -46.0417, 8.3333 ], [ -46.25, 8.5417 ], [ -46.4583, 8.75 ], [ -46.875, 8.75 ], [ -47.2917, 8.75 ], [ -47.5, 8.75 ] ], [ [ -45.0, 1.6667 ], [ -44.7917, 1.875 ], [ -45.0, 2.2917 ], [ -45.2083, 2.2917 ], [ -45.4167, 2.2917 ], [ -45.8333, 1.875 ], [ -45.625, 1.6667 ], [ -45.4167, 1.4583 ], [ -45.0, 1.6667 ] ], [ [ -46.6667, -18.5417 ], [ -46.875, -18.5417 ], [ -46.875, -18.75 ], [ -46.875, -19.1667 ], [ -46.25, -19.1667 ], [ -45.8333, -19.1667 ], [ -45.4167, -18.75 ], [ -45.625, -18.3333 ], [ -45.8333, -18.3333 ], [ -46.0417, -18.3333 ], [ -46.4583, -18.5417 ], [ -46.6667, -18.5417 ] ], [ [ -63.5417, 41.0417 ], [ -63.75, 40.8333 ], [ -63.9583, 40.8333 ], [ -64.375, 40.625 ], [ -64.375, 40.4167 ], [ -64.5833, 40.2083 ], [ -64.7917, 40.2083 ], [ -65.2083, 40.2083 ], [ -65.4167, 39.5833 ], [ -65.2083, 39.375 ], [ -65.4167, 38.9583 ], [ -65.4167, 38.5417 ], [ -65.8333, 38.3333 ], [ -65.8333, 38.125 ], [ -66.25, 37.9167 ], [ -66.25, 37.7083 ], [ -66.6667, 37.5 ], [ -66.4583, 37.0833 ], [ -66.0417, 36.875 ], [ -66.0417, 36.4583 ], [ -66.0417, 36.0417 ], [ -66.0417, 35.8333 ], [ -65.8333, 35.625 ], [ -65.625, 35.4167 ], [ -65.2083, 35.4167 ], [ -65.0, 35.0 ], [ -64.5833, 35.0 ], [ -64.375, 35.0 ], [ -64.1667, 35.2083 ], [ -63.75, 35.625 ], [ -63.9583, 35.8333 ], [ -63.75, 36.0417 ], [ -63.9583, 36.25 ], [ -63.75, 36.4583 ], [ -63.5417, 36.4583 ], [ -63.75, 36.875 ], [ -63.3333, 37.0833 ], [ -63.125, 36.4583 ], [ -62.9167, 36.25 ], [ -62.7083, 36.25 ], [ -62.5, 36.25 ], [ -62.0833, 36.6667 ], [ -62.2917, 36.875 ], [ -62.0833, 37.2917 ], [ -62.2917, 37.5 ], [ -62.2917, 37.9167 ], [ -62.5, 38.125 ], [ -62.5, 38.3333 ], [ -61.875, 38.5417 ], [ -61.6667, 38.5417 ], [ -61.4583, 38.5417 ], [ -61.4583, 38.75 ], [ -61.6667, 39.1667 ], [ -61.4583, 39.375 ], [ -61.4583, 39.5833 ], [ -61.25, 39.7917 ], [ -61.0417, 39.7917 ], [ -60.625, 39.375 ], [ -60.2083, 39.5833 ], [ -59.7917, 39.7917 ], [ -59.5833, 39.7917 ], [ -59.5833, 40.0 ], [ -59.1667, 40.0 ], [ -58.9583, 39.7917 ], [ -58.9583, 39.5833 ], [ -58.75, 39.375 ], [ -58.75, 39.1667 ], [ -58.125, 38.9583 ], [ -57.9167, 39.1667 ], [ -57.2917, 39.1667 ], [ -56.875, 39.1667 ], [ -56.6667, 39.1667 ], [ -56.25, 39.5833 ], [ -56.4583, 40.2083 ], [ -56.0417, 40.4167 ], [ -55.8333, 40.2083 ], [ -55.4167, 40.625 ], [ -55.4167, 40.8333 ], [ -55.2083, 40.8333 ], [ -55.0, 41.0417 ], [ -54.5833, 41.4583 ], [ -54.375, 41.4583 ], [ -53.9583, 41.6667 ], [ -53.9583, 42.0833 ], [ -54.1667, 42.5 ], [ -54.1667, 42.7083 ], [ -54.375, 42.9167 ], [ -54.5833, 42.9167 ], [ -54.5833, 43.125 ], [ -54.5833, 43.5417 ], [ -54.7917, 43.75 ], [ -54.7917, 44.375 ], [ -54.1667, 44.5833 ], [ -53.9583, 44.5833 ], [ -53.9583, 44.7917 ], [ -53.75, 45.4167 ], [ -53.75, 45.8333 ], [ -53.9583, 46.0417 ], [ -54.1667, 46.25 ], [ -54.1667, 46.6667 ], [ -53.9583, 46.875 ], [ -53.75, 46.875 ], [ -53.3333, 46.875 ], [ -53.3333, 47.2917 ], [ -53.5417, 47.5 ], [ -53.5417, 47.7083 ], [ -53.9583, 47.9167 ], [ -53.9583, 48.3333 ], [ -53.75, 48.5417 ], [ -53.75, 48.75 ], [ -53.9583, 48.9583 ], [ -54.375, 48.9583 ], [ -54.5833, 48.9583 ], [ -55.0, 48.9583 ], [ -55.2083, 48.9583 ], [ -55.8333, 48.75 ], [ -56.0417, 48.9583 ], [ -56.25, 48.5417 ], [ -56.4583, 48.75 ], [ -56.6667, 48.3333 ], [ -57.0833, 48.3333 ], [ -57.0833, 47.9167 ], [ -57.2917, 47.5 ], [ -57.7083, 47.7083 ], [ -58.125, 47.9167 ], [ -58.5417, 47.7083 ], [ -58.75, 47.5 ], [ -58.5417, 47.2917 ], [ -58.5417, 47.0833 ], [ -58.5417, 46.6667 ], [ -58.75, 46.25 ], [ -58.9583, 46.0417 ], [ -59.1667, 46.0417 ], [ -59.5833, 45.8333 ], [ -59.7917, 46.0417 ], [ -60.0, 45.8333 ], [ -60.4167, 45.8333 ], [ -60.625, 45.8333 ], [ -60.8333, 45.8333 ], [ -61.0417, 45.625 ], [ -61.0417, 45.4167 ], [ -61.4583, 45.4167 ], [ -61.6667, 45.0 ], [ -61.6667, 44.7917 ], [ -61.6667, 44.375 ], [ -61.875, 44.1667 ], [ -62.0833, 43.9583 ], [ -62.0833, 43.75 ], [ -62.2917, 43.5417 ], [ -62.0833, 42.9167 ], [ -62.2917, 42.9167 ], [ -62.2917, 42.5 ], [ -62.7083, 42.2917 ], [ -63.125, 42.0833 ], [ -63.3333, 41.6667 ], [ -63.5417, 41.6667 ], [ -63.5417, 41.0417 ] ], [ [ -64.375, -3.75 ], [ -64.5833, -4.1667 ], [ -64.7917, -4.1667 ], [ -64.7917, -4.5833 ], [ -64.5833, -5.0 ], [ -64.375, -5.0 ], [ -64.7917, -5.4167 ], [ -64.7917, -5.625 ], [ -65.2083, -6.0417 ], [ -65.2083, -6.25 ], [ -65.2083, -6.4583 ], [ -65.0, -7.0833 ], [ -64.7917, -7.0833 ], [ -64.7917, -7.5 ], [ -64.5833, -7.7083 ], [ -64.375, -7.5 ], [ -64.1667, -7.7083 ], [ -63.75, -7.5 ], [ -63.5417, -7.7083 ], [ -63.3333, -7.7083 ], [ -62.9167, -7.7083 ], [ -62.7083, -7.7083 ], [ -62.5, -7.9167 ], [ -62.2917, -7.7083 ], [ -62.0833, -7.5 ], [ -61.875, -7.5 ], [ -61.4583, -7.2917 ], [ -61.25, -7.2917 ], [ -60.8333, -6.875 ], [ -61.0417, -6.6667 ], [ -60.8333, -6.4583 ], [ -60.4167, -6.4583 ], [ -60.4167, -6.25 ], [ -60.0, -6.4583 ], [ -59.7917, -6.25 ], [ -59.375, -6.0417 ], [ -59.375, -5.8333 ], [ -59.1667, -5.4167 ], [ -59.1667, -5.0 ], [ -59.1667, -4.7917 ], [ -59.1667, -4.375 ], [ -58.9583, -3.9583 ], [ -58.75, -3.9583 ], [ -58.5417, -3.75 ], [ -58.5417, -3.3333 ], [ -58.3333, -2.7083 ], [ -58.3333, -2.5 ], [ -58.3333, -2.2917 ], [ -58.3333, -2.0833 ], [ -58.75, -1.6667 ], [ -58.9583, -1.6667 ], [ -59.1667, -1.4583 ], [ -59.5833, -1.6667 ], [ -59.5833, -1.4583 ], [ -60.2083, -1.6667 ], [ -60.4167, -1.4583 ], [ -60.8333, -1.875 ], [ -60.8333, -2.0833 ], [ -61.4583, -2.0833 ], [ -61.4583, -2.2917 ], [ -61.4583, -2.5 ], [ -61.6667, -2.7083 ], [ -61.6667, -2.9167 ], [ -61.875, -3.125 ], [ -62.0833, -3.125 ], [ -62.2917, -3.3333 ], [ -62.7083, -3.125 ], [ -62.9167, -3.125 ], [ -63.3333, -2.9167 ], [ -63.5417, -3.125 ], [ -63.75, -3.125 ], [ -63.9583, -3.3333 ], [ -64.375, -3.75 ] ], [ [ -72.0833, 6.4583 ], [ -72.0833, 6.6667 ], [ -72.5, 6.875 ], [ -72.7083, 6.6667 ], [ -72.9167, 6.4583 ], [ -72.7083, 6.0417 ], [ -72.2917, 5.8333 ], [ -72.2917, 6.0417 ], [ -72.0833, 6.4583 ] ], [ [ -80.4167, 65.4167 ], [ -80.8333, 65.0 ], [ -80.625, 64.5833 ], [ -80.4167, 64.375 ], [ -80.0, 64.375 ], [ -79.7917, 64.375 ], [ -79.375, 64.375 ], [ -79.1667, 64.5833 ], [ -79.1667, 64.7917 ], [ -79.5833, 65.0 ], [ -80.0, 65.2083 ], [ -80.4167, 65.4167 ] ], [ [ -63.75, -27.0833 ], [ -63.5417, -28.75 ], [ -63.3333, -28.9583 ], [ -63.125, -28.9583 ], [ -62.5, -28.5417 ], [ -62.5, -24.5833 ], [ -63.75, -27.0833 ] ], [ [ -67.5, -2.0833 ], [ -67.7083, -2.0833 ], [ -67.9167, -1.875 ], [ -68.3333, -1.875 ], [ -68.5417, -2.5 ], [ -68.3333, -2.7083 ], [ -68.3333, -2.9167 ], [ -67.7083, -2.9167 ], [ -67.5, -2.9167 ], [ -67.5, -2.5 ], [ -67.5, -2.0833 ] ], [ [ -66.875, -22.0833 ], [ -66.875, -21.4583 ], [ -67.2917, -21.4583 ], [ -67.5, -21.4583 ], [ -67.7083, -21.6667 ], [ -67.7083, -21.875 ], [ -67.5, -22.0833 ], [ -67.2917, -22.0833 ], [ -66.875, -22.0833 ] ], [ [ -65.4167, 6.25 ], [ -65.625, 6.6667 ], [ -66.0417, 6.4583 ], [ -65.8333, 5.8333 ], [ -65.4167, 5.8333 ], [ -65.4167, 6.25 ] ], [ [ -64.5833, 0.625 ], [ -64.5833, 1.0417 ], [ -64.7917, 1.25 ], [ -65.4167, 1.0417 ], [ -65.4167, 0.8333 ], [ -65.0, 0.4167 ], [ -64.5833, 0.625 ] ], [ [ -56.875, -0.2083 ], [ -56.6667, -0.2083 ], [ -56.4583, -0.2083 ], [ -56.25, -0.2083 ], [ -56.0417, -0.2083 ], [ -55.8333, 0.2083 ], [ -55.625, 0.0 ], [ -55.4167, 0.4167 ], [ -55.625, 0.8333 ], [ -56.0417, 0.8333 ], [ -56.0417, 0.625 ], [ -56.25, 0.625 ], [ -56.6667, 0.4167 ], [ -57.0833, 0.4167 ], [ -56.875, -0.2083 ] ], [ [ -58.3333, -12.0833 ], [ -57.9167, -12.0833 ], [ -57.7083, -12.0833 ], [ -57.5, -12.0833 ], [ -57.2917, -11.6667 ], [ -57.5, -11.4583 ], [ -57.9167, -11.4583 ], [ -58.75, -11.6667 ], [ -58.75, -11.875 ], [ -58.3333, -12.0833 ] ], [ [ -57.2917, 14.1667 ], [ -57.7083, 14.375 ], [ -57.9167, 13.9583 ], [ -57.7083, 13.75 ], [ -57.7083, 13.5417 ], [ -57.5, 13.125 ], [ -57.0833, 13.125 ], [ -57.0833, 13.3333 ], [ -57.0833, 13.75 ], [ -57.0833, 13.9583 ], [ -57.2917, 14.1667 ] ], [ [ -60.4167, 4.5833 ], [ -60.8333, 4.5833 ], [ -61.0417, 4.1667 ], [ -60.8333, 3.9583 ], [ -60.4167, 3.75 ], [ -60.2083, 3.75 ], [ -60.2083, 3.9583 ], [ -60.4167, 4.5833 ] ], [ [ -57.7083, 37.0833 ], [ -57.7083, 36.4583 ], [ -57.2917, 36.4583 ], [ -57.0833, 36.25 ], [ -56.6667, 36.25 ], [ -56.6667, 36.0417 ], [ -56.0417, 36.0417 ], [ -56.0417, 36.25 ], [ -56.0417, 36.6667 ], [ -56.0417, 36.875 ], [ -56.0417, 37.0833 ], [ -56.25, 37.2917 ], [ -56.25, 37.5 ], [ -56.4583, 37.5 ], [ -56.4583, 37.7083 ], [ -56.6667, 37.7083 ], [ -57.2917, 37.5 ], [ -57.5, 37.2917 ], [ -57.7083, 37.0833 ] ], [ [ -56.6667, 62.5 ], [ -56.25, 62.9167 ], [ -56.4583, 62.9167 ], [ -56.6667, 63.125 ], [ -56.875, 63.125 ], [ -56.875, 62.7083 ], [ -56.875, 62.5 ], [ -56.6667, 62.5 ] ], [ [ -52.5, 3.75 ], [ -52.5, 4.1667 ], [ -52.7083, 4.5833 ], [ -52.9167, 4.5833 ], [ -53.3333, 4.375 ], [ -53.3333, 4.5833 ], [ -53.75, 4.375 ], [ -53.9583, 3.9583 ], [ -53.9583, 3.75 ], [ -53.75, 3.5417 ], [ -53.3333, 3.5417 ], [ -53.125, 3.75 ], [ -52.7083, 3.75 ], [ -52.5, 3.75 ] ], [ [ -54.1667, -3.9583 ], [ -54.375, -3.9583 ], [ -54.375, -4.1667 ], [ -54.5833, -4.375 ], [ -54.5833, -4.5833 ], [ -54.375, -4.7917 ], [ -53.9583, -5.0 ], [ -53.75, -4.7917 ], [ -53.5417, -4.5833 ], [ -53.3333, -4.1667 ], [ -53.3333, -3.9583 ], [ -53.5417, -3.75 ], [ -53.75, -3.75 ], [ -54.1667, -3.9583 ] ], [ [ -48.125, -8.5417 ], [ -47.9167, -8.5417 ], [ -47.7083, -8.5417 ], [ -47.2917, -8.3333 ], [ -47.7083, -7.9167 ], [ -48.125, -7.5 ], [ -48.5417, -7.9167 ], [ -48.3333, -8.3333 ], [ -48.125, -8.5417 ] ], [ [ -52.5, 37.7083 ], [ -52.5, 37.5 ], [ -52.5, 37.2917 ], [ -51.875, 37.0833 ], [ -51.6667, 36.6667 ], [ -51.4583, 36.4583 ], [ -51.0417, 36.6667 ], [ -50.8333, 37.0833 ], [ -50.625, 37.5 ], [ -50.8333, 37.9167 ], [ -51.25, 37.9167 ], [ -51.4583, 37.9167 ], [ -51.875, 37.7083 ], [ -52.2917, 37.7083 ], [ -52.5, 37.7083 ] ], [ [ -34.1667, 29.5833 ], [ -34.1667, 29.375 ], [ -33.5417, 29.375 ], [ -33.9583, 29.7917 ], [ -33.9583, 30.0 ], [ -33.9583, 30.2083 ], [ -34.1667, 30.2083 ], [ -34.5833, 30.2083 ], [ -34.7917, 30.2083 ], [ -34.7917, 29.7917 ], [ -34.5833, 29.7917 ], [ -34.1667, 29.5833 ] ], [ [ -22.5, -3.75 ], [ -22.2917, -3.75 ], [ -22.0833, -3.3333 ], [ -22.5, -3.125 ], [ -22.7083, -3.125 ], [ -22.9167, -3.125 ], [ -23.125, -3.3333 ], [ -23.5417, -3.75 ], [ -23.3333, -3.9583 ], [ -23.125, -4.1667 ], [ -22.7083, -4.1667 ], [ -22.7083, -3.9583 ], [ -22.5, -3.75 ] ], [ [ -37.9167, 43.125 ], [ -38.3333, 43.3333 ], [ -38.75, 42.9167 ], [ -38.75, 42.7083 ], [ -38.3333, 42.5 ], [ -37.9167, 42.9167 ], [ -37.9167, 43.125 ] ], [ [ -28.9583, 12.2917 ], [ -28.5417, 12.0833 ], [ -28.125, 12.5 ], [ -28.3333, 12.7083 ], [ -28.75, 12.9167 ], [ -28.9583, 12.7083 ], [ -28.9583, 12.5 ], [ -28.9583, 12.2917 ] ], [ [ -31.25, 17.7083 ], [ -31.4583, 18.3333 ], [ -31.875, 17.9167 ], [ -31.6667, 17.5 ], [ -31.4583, 17.5 ], [ -31.25, 17.5 ], [ -31.25, 17.7083 ] ], [ [ -29.375, 55.625 ], [ -29.375, 56.0417 ], [ -29.1667, 56.25 ], [ -29.1667, 56.6667 ], [ -28.9583, 56.875 ], [ -28.9583, 57.0833 ], [ -28.9583, 57.7083 ], [ -28.9583, 58.125 ], [ -29.375, 58.3333 ], [ -29.5833, 58.125 ], [ -29.5833, 57.9167 ], [ -30.0, 57.5 ], [ -30.0, 57.2917 ], [ -30.4167, 57.2917 ], [ -30.625, 56.875 ], [ -30.8333, 56.875 ], [ -31.0417, 56.6667 ], [ -31.0417, 56.25 ], [ -31.0417, 56.0417 ], [ -31.0417, 55.8333 ], [ -30.8333, 55.625 ], [ -30.4167, 55.4167 ], [ -30.0, 55.0 ], [ -29.5833, 55.0 ], [ -29.5833, 55.4167 ], [ -29.375, 55.625 ] ], [ [ -6.25, 6.4583 ], [ -6.0417, 6.6667 ], [ -6.0417, 6.875 ], [ -6.0417, 7.2917 ], [ -6.6667, 7.2917 ], [ -6.875, 7.0833 ], [ -6.875, 6.6667 ], [ -6.6667, 6.4583 ], [ -6.25, 6.4583 ] ], [ [ -10.0, -22.2917 ], [ -10.0, -22.5 ], [ -9.5833, -22.7083 ], [ -9.375, -22.7083 ], [ -9.1667, -22.5 ], [ -9.1667, -22.2917 ], [ -9.7917, -22.0833 ], [ -10.0, -22.2917 ] ], [ [ -8.5417, -6.4583 ], [ -8.75, -6.4583 ], [ -8.9583, -6.6667 ], [ -9.1667, -6.6667 ], [ -8.75, -7.0833 ], [ -8.3333, -6.875 ], [ -7.7083, -6.875 ], [ -7.7083, -6.4583 ], [ -7.9167, -6.25 ], [ -8.125, -6.25 ], [ -8.5417, -6.4583 ] ], [ [ -10.0, 7.2917 ], [ -10.0, 7.5 ], [ -10.0, 7.9167 ], [ -10.2083, 7.9167 ], [ -10.4167, 7.9167 ], [ -10.625, 7.5 ], [ -10.4167, 7.2917 ], [ -10.0, 7.2917 ] ], [ [ -11.4583, 14.7917 ], [ -11.875, 15.2083 ], [ -12.2917, 15.0 ], [ -12.5, 14.7917 ], [ -12.2917, 14.5833 ], [ -12.0833, 14.375 ], [ -11.6667, 14.5833 ], [ -11.4583, 14.7917 ] ], [ [ -3.3333, 8.9583 ], [ -3.5417, 9.1667 ], [ -3.9583, 9.1667 ], [ -4.1667, 8.75 ], [ -4.1667, 8.5417 ], [ -3.9583, 7.9167 ], [ -3.9583, 7.7083 ], [ -3.75, 7.2917 ], [ -3.3333, 7.2917 ], [ -3.125, 7.5 ], [ -3.3333, 7.9167 ], [ -3.125, 8.125 ], [ -3.125, 8.3333 ], [ -3.3333, 8.5417 ], [ -3.3333, 8.9583 ] ], [ [ -1.25, 9.5833 ], [ -1.4583, 9.7917 ], [ -1.875, 9.7917 ], [ -2.0833, 9.5833 ], [ -2.2917, 9.375 ], [ -2.0833, 9.1667 ], [ -1.6667, 9.1667 ], [ -1.25, 9.5833 ] ], [ [ -17.2917, 52.0833 ], [ -17.0833, 52.2917 ], [ -17.0833, 52.9167 ], [ -17.2917, 52.9167 ], [ -17.7083, 52.9167 ], [ -17.7083, 52.5 ], [ -17.2917, 52.0833 ] ], [ [ -21.6667, 78.125 ], [ -22.0833, 78.125 ], [ -22.0833, 77.7083 ], [ -21.875, 77.5 ], [ -21.6667, 77.5 ], [ -21.4583, 77.7083 ], [ -21.6667, 78.125 ] ], [ [ -8.125, 58.9583 ], [ -7.9167, 58.9583 ], [ -7.5, 58.9583 ], [ -7.2917, 59.1667 ], [ -7.0833, 59.5833 ], [ -6.875, 59.7917 ], [ -6.875, 60.0 ], [ -6.875, 60.4167 ], [ -7.0833, 60.625 ], [ -7.0833, 61.25 ], [ -7.2917, 61.25 ], [ -7.7083, 61.25 ], [ -8.125, 61.0417 ], [ -8.5417, 60.8333 ], [ -8.5417, 60.625 ], [ -8.5417, 60.2083 ], [ -8.5417, 60.0 ], [ -8.5417, 59.5833 ], [ -8.5417, 59.1667 ], [ -8.125, 58.9583 ] ], [ [ -9.7917, 58.5417 ], [ -10.0, 58.3333 ], [ -10.2083, 57.9167 ], [ -10.0, 57.7083 ], [ -9.7917, 57.5 ], [ -9.5833, 57.5 ], [ -9.375, 57.5 ], [ -9.1667, 57.9167 ], [ -9.1667, 58.125 ], [ -9.5833, 58.5417 ], [ -9.7917, 58.5417 ] ], [ [ -57.5, -64.7917 ], [ -57.5, -65.0 ], [ -57.2917, -65.4167 ], [ -56.6667, -65.2083 ], [ -56.875, -65.0 ], [ -56.875, -64.7917 ], [ -57.2917, -64.5833 ], [ -57.5, -64.7917 ] ], [ [ -13.5417, -66.25 ], [ -13.75, -65.8333 ], [ -14.1667, -65.8333 ], [ -14.1667, -66.0417 ], [ -14.1667, -66.25 ], [ -13.9583, -66.4583 ], [ -13.5417, -66.25 ] ], [ [ 43.3333, 48.5417 ], [ 43.3333, 48.125 ], [ 43.3333, 47.9167 ], [ 43.5417, 47.9167 ], [ 43.75, 48.125 ], [ 43.75, 48.3333 ], [ 43.5417, 48.5417 ], [ 43.3333, 48.5417 ] ], [ [ 43.9583, 34.7917 ], [ 44.375, 34.5833 ], [ 44.7917, 34.7917 ], [ 44.5833, 35.2083 ], [ 44.1667, 35.4167 ], [ 43.9583, 35.2083 ], [ 43.9583, 34.7917 ] ], [ [ 53.75, 3.9583 ], [ 53.75, 3.75 ], [ 54.1667, 3.5417 ], [ 54.375, 3.5417 ], [ 54.5833, 3.3333 ], [ 54.7917, 2.9167 ], [ 54.7917, 2.7083 ], [ 54.7917, 2.5 ], [ 54.5833, 2.0833 ], [ 54.7917, 2.0833 ], [ 54.5833, 1.875 ], [ 55.0, 1.25 ], [ 55.2083, 0.8333 ], [ 55.2083, 0.625 ], [ 55.0, 0.625 ], [ 54.5833, 0.625 ], [ 54.375, 1.0417 ], [ 54.1667, 1.0417 ], [ 54.1667, 1.25 ], [ 53.9583, 1.25 ], [ 53.5417, 1.0417 ], [ 53.5417, 0.8333 ], [ 53.3333, 0.8333 ], [ 53.125, 0.2083 ], [ 52.9167, 0.2083 ], [ 52.7083, -0.2083 ], [ 52.5, -0.625 ], [ 52.5, -0.8333 ], [ 52.5, -1.0417 ], [ 52.5, -1.25 ], [ 52.5, -1.6667 ], [ 52.7083, -1.875 ], [ 53.125, -1.6667 ], [ 53.3333, -1.875 ], [ 53.75, -1.875 ], [ 53.9583, -2.2917 ], [ 54.1667, -2.2917 ], [ 54.375, -2.0833 ], [ 54.375, -1.875 ], [ 54.5833, -1.875 ], [ 55.0, -1.875 ], [ 55.2083, -1.6667 ], [ 55.4167, -1.875 ], [ 55.625, -1.875 ], [ 55.8333, -1.875 ], [ 56.25, -1.875 ], [ 56.4583, -1.875 ], [ 56.6667, -1.875 ], [ 56.875, -2.2917 ], [ 56.4583, -2.7083 ], [ 56.25, -2.5 ], [ 55.8333, -2.5 ], [ 55.4167, -2.5 ], [ 55.2083, -2.5 ], [ 55.2083, -2.7083 ], [ 55.4167, -2.9167 ], [ 55.2083, -3.3333 ], [ 55.4167, -3.5417 ], [ 55.2083, -3.9583 ], [ 55.0, -4.375 ], [ 55.0, -5.0 ], [ 55.2083, -5.4167 ], [ 55.2083, -5.625 ], [ 55.4167, -5.8333 ], [ 55.4167, -6.25 ], [ 55.2083, -6.4583 ], [ 55.0, -6.4583 ], [ 54.7917, -6.25 ], [ 54.375, -6.4583 ], [ 54.375, -6.25 ], [ 53.9583, -6.25 ], [ 53.75, -6.4583 ], [ 53.75, -6.6667 ], [ 54.1667, -6.875 ], [ 54.7917, -7.0833 ], [ 54.7917, -7.2917 ], [ 54.5833, -7.5 ], [ 54.7917, -7.7083 ], [ 54.375, -7.9167 ], [ 54.375, -8.3333 ], [ 53.9583, -8.5417 ], [ 53.75, -8.3333 ], [ 53.5417, -8.3333 ], [ 53.3333, -8.3333 ], [ 53.125, -8.5417 ], [ 52.9167, -8.75 ], [ 52.9167, -9.1667 ], [ 53.125, -9.1667 ], [ 53.3333, -9.375 ], [ 53.75, -9.5833 ], [ 53.9583, -9.7917 ], [ 54.1667, -9.7917 ], [ 54.375, -10.2083 ], [ 54.1667, -10.625 ], [ 53.9583, -10.625 ], [ 53.9583, -11.0417 ], [ 53.5417, -11.0417 ], [ 53.5417, -11.4583 ], [ 53.75, -11.4583 ], [ 54.1667, -11.4583 ], [ 54.1667, -11.875 ], [ 54.5833, -11.875 ], [ 54.5833, -12.0833 ], [ 54.375, -12.2917 ], [ 54.375, -12.5 ], [ 54.1667, -12.9167 ], [ 53.9583, -12.9167 ], [ 53.9583, -13.3333 ], [ 53.75, -13.5417 ], [ 53.75, -13.9583 ], [ 53.5417, -14.1667 ], [ 53.5417, -14.5833 ], [ 53.3333, -14.7917 ], [ 52.9167, -14.7917 ], [ 52.9167, -14.5833 ], [ 52.5, -14.375 ], [ 52.2917, -14.5833 ], [ 52.0833, -15.0 ], [ 51.875, -15.0 ], [ 51.6667, -15.2083 ], [ 51.25, -15.2083 ], [ 51.0417, -15.2083 ], [ 50.2083, -15.2083 ], [ 50.2083, -15.4167 ], [ 50.0, -15.625 ], [ 50.2083, -16.25 ], [ 50.0, -16.25 ], [ 50.2083, -16.4583 ], [ 50.0, -16.875 ], [ 50.2083, -16.875 ], [ 50.0, -17.2917 ], [ 50.0, -17.5 ], [ 50.625, -17.5 ], [ 50.8333, -17.9167 ], [ 50.4167, -18.125 ], [ 50.0, -17.9167 ], [ 49.7917, -18.125 ], [ 49.5833, -18.3333 ], [ 49.1667, -18.3333 ], [ 48.9583, -18.3333 ], [ 48.75, -18.125 ], [ 48.3333, -18.125 ], [ 48.125, -18.5417 ], [ 48.125, -18.75 ], [ 48.3333, -18.75 ], [ 48.3333, -19.1667 ], [ 48.5417, -19.375 ], [ 48.5417, -19.7917 ], [ 48.5417, -20.2083 ], [ 48.125, -20.2083 ], [ 47.9167, -20.4167 ], [ 47.5, -20.4167 ], [ 47.5, -20.8333 ], [ 47.5, -21.0417 ], [ 47.2917, -21.4583 ], [ 46.875, -21.25 ], [ 46.6667, -21.4583 ], [ 46.4583, -21.25 ], [ 46.0417, -21.4583 ], [ 46.0417, -21.6667 ], [ 46.0417, -21.875 ], [ 46.0417, -22.0833 ], [ 46.0417, -22.2917 ], [ 46.0417, -22.5 ], [ 45.8333, -22.9167 ], [ 45.625, -23.125 ], [ 45.625, -23.3333 ], [ 45.625, -23.5417 ], [ 45.625, -23.75 ], [ 45.625, -23.9583 ], [ 45.625, -24.1667 ], [ 45.625, -24.5833 ], [ 45.4167, -24.7917 ], [ 45.4167, -25.0 ], [ 45.625, -25.4167 ], [ 45.4167, -25.8333 ], [ 45.2083, -26.0417 ], [ 45.0, -26.0417 ], [ 44.7917, -26.25 ], [ 44.7917, -26.6667 ], [ 45.0, -26.875 ], [ 45.0, -27.0833 ], [ 44.7917, -27.2917 ], [ 44.7917, -27.7083 ], [ 44.5833, -27.7083 ], [ 44.5833, -28.125 ], [ 44.7917, -28.5417 ], [ 44.7917, -28.9583 ], [ 45.2083, -29.375 ], [ 45.4167, -29.375 ], [ 45.4167, -29.5833 ], [ 45.4167, -29.7917 ], [ 45.4167, -30.2083 ], [ 45.625, -30.4167 ], [ 45.8333, -30.4167 ], [ 45.8333, -30.625 ], [ 46.0417, -30.625 ], [ 46.25, -30.8333 ], [ 46.25, -31.0417 ], [ 46.25, -31.25 ], [ 46.25, -31.6667 ], [ 46.0417, -31.875 ], [ 46.0417, -32.0833 ], [ 46.0417, -32.5 ], [ 46.4583, -32.7083 ], [ 46.0417, -33.125 ], [ 46.25, -33.3333 ], [ 46.4583, -33.3333 ], [ 46.875, -33.75 ], [ 46.875, -34.1667 ], [ 47.2917, -34.5833 ], [ 47.7083, -35.0 ], [ 47.9167, -35.0 ], [ 48.125, -35.2083 ], [ 48.3333, -35.2083 ], [ 48.3333, -35.8333 ], [ 47.9167, -36.0417 ], [ 47.9167, -36.4583 ], [ 47.7083, -36.4583 ], [ 47.7083, -36.6667 ], [ 47.5, -36.875 ], [ 47.5, -37.0833 ], [ 47.0833, -37.5 ], [ 46.875, -37.5 ], [ 46.6667, -37.5 ], [ 46.4583, -37.0833 ], [ 46.0417, -37.0833 ], [ 45.8333, -36.875 ], [ 45.8333, -36.4583 ], [ 46.25, -36.25 ], [ 46.0417, -35.8333 ], [ 45.8333, -35.625 ], [ 45.625, -35.8333 ], [ 45.4167, -36.25 ], [ 45.2083, -36.25 ], [ 45.2083, -36.4583 ], [ 45.0, -36.6667 ], [ 44.7917, -37.0833 ], [ 44.7917, -37.2917 ], [ 44.5833, -37.5 ], [ 44.5833, -37.9167 ], [ 43.9583, -37.9167 ], [ 43.9583, -37.7083 ], [ 43.5417, -37.7083 ], [ 43.5417, -37.5 ], [ 42.9167, -37.7083 ], [ 42.9167, -37.9167 ], [ 42.7083, -38.125 ], [ 42.7083, -38.3333 ], [ 42.2917, -38.5417 ], [ 41.875, -38.5417 ], [ 41.6667, -38.3333 ], [ 41.6667, -38.125 ], [ 41.4583, -37.9167 ], [ 41.0417, -37.7083 ], [ 40.625, -37.7083 ], [ 40.625, -37.9167 ], [ 40.2083, -38.3333 ], [ 40.0, -38.5417 ], [ 40.0, -38.75 ], [ 40.2083, -39.1667 ], [ 40.0, -39.5833 ], [ 39.375, -39.375 ], [ 39.1667, -38.9583 ], [ 38.9583, -38.75 ], [ 38.3333, -38.75 ], [ 38.3333, -38.9583 ], [ 37.9167, -38.9583 ], [ 37.7083, -38.9583 ], [ 37.7083, -39.375 ], [ 37.2917, -39.5833 ], [ 37.2917, -39.7917 ], [ 37.0833, -39.7917 ], [ 36.875, -40.4167 ], [ 36.4583, -40.4167 ], [ 36.0417, -40.2083 ], [ 35.8333, -40.2083 ], [ 35.4167, -40.2083 ], [ 35.2083, -41.0417 ], [ 34.7917, -40.8333 ], [ 34.7917, -40.625 ], [ 34.1667, -40.625 ], [ 33.9583, -40.8333 ], [ 33.9583, -41.25 ], [ 33.75, -41.6667 ], [ 33.3333, -41.875 ], [ 33.125, -42.0833 ], [ 33.3333, -42.2917 ], [ 33.5417, -42.5 ], [ 33.5417, -42.7083 ], [ 33.75, -42.9167 ], [ 33.75, -43.3333 ], [ 33.3333, -43.75 ], [ 33.3333, -43.9583 ], [ 33.125, -44.1667 ], [ 33.125, -44.5833 ], [ 33.125, -44.7917 ], [ 33.125, -45.2083 ], [ 32.9167, -45.4167 ], [ 32.7083, -45.8333 ], [ 32.7083, -46.0417 ], [ 32.5, -46.25 ], [ 32.7083, -46.4583 ], [ 32.9167, -46.6667 ], [ 33.3333, -46.4583 ], [ 33.5417, -46.6667 ], [ 33.125, -47.2917 ], [ 33.3333, -47.2917 ], [ 33.125, -47.7083 ], [ 33.3333, -48.125 ], [ 33.75, -48.5417 ], [ 33.5417, -48.9583 ], [ 33.75, -49.1667 ], [ 34.1667, -48.9583 ], [ 34.375, -49.1667 ], [ 34.375, -49.375 ], [ 34.1667, -49.375 ], [ 33.9583, -49.7917 ], [ 34.1667, -50.2083 ], [ 34.5833, -50.4167 ], [ 34.7917, -50.625 ], [ 35.0, -51.25 ], [ 34.7917, -51.4583 ], [ 34.7917, -51.6667 ], [ 35.2083, -51.6667 ], [ 35.4167, -51.6667 ], [ 35.8333, -51.875 ], [ 36.0417, -51.875 ], [ 36.25, -52.5 ], [ 36.4583, -52.9167 ], [ 36.875, -53.125 ], [ 37.0833, -53.125 ], [ 37.2917, -53.5417 ], [ 37.2917, -53.9583 ], [ 37.2917, -54.5833 ], [ 37.2917, -55.0 ], [ 36.875, -55.2083 ], [ 36.6667, -55.4167 ], [ 36.875, -55.625 ], [ 37.2917, -55.625 ], [ 37.7083, -56.0417 ], [ 37.5, -56.25 ], [ 37.7083, -56.4583 ], [ 37.7083, -56.6667 ], [ 37.7083, -56.875 ], [ 38.125, -57.0833 ], [ 38.3333, -57.5 ], [ 38.3333, -57.7083 ], [ 38.5417, -57.9167 ], [ 38.5417, -58.125 ], [ 38.5417, -58.3333 ], [ 38.5417, -58.75 ], [ 38.5417, -59.375 ], [ 38.9583, -59.375 ], [ 38.75, -60.0 ], [ 38.9583, -60.0 ], [ 39.375, -60.0 ], [ 39.5833, -60.2083 ], [ 40.0, -60.0 ], [ 40.0, -60.2083 ], [ 40.4167, -59.7917 ], [ 40.625, -60.0 ], [ 40.8333, -60.4167 ], [ 40.625, -60.625 ], [ 40.2083, -60.625 ], [ 40.2083, -60.8333 ], [ 40.0, -61.25 ], [ 40.0, -61.4583 ], [ 40.0, -61.6667 ], [ 40.2083, -61.6667 ], [ 40.4167, -61.6667 ], [ 40.8333, -61.875 ], [ 40.8333, -62.0833 ], [ 40.8333, -62.5 ], [ 40.8333, -62.7083 ], [ 41.0417, -62.9167 ], [ 40.8333, -63.3333 ], [ 40.8333, -63.5417 ], [ 40.8333, -63.75 ], [ 40.8333, -64.1667 ], [ 40.8333, -64.5833 ], [ 40.8333, -64.7917 ], [ 41.25, -64.7917 ], [ 41.25, -65.0 ], [ 41.875, -65.2083 ], [ 42.2917, -65.4167 ], [ 42.2917, -65.625 ], [ 42.7083, -65.8333 ], [ 42.7083, -66.0417 ], [ 43.3333, -66.0417 ], [ 43.5417, -65.8333 ], [ 43.5417, -65.625 ], [ 43.75, -65.625 ], [ 43.9583, -65.4167 ], [ 44.375, -65.8333 ], [ 44.7917, -66.0417 ], [ 44.7917, -66.4583 ], [ 45.2083, -66.6667 ], [ 45.2083, -67.0833 ], [ 45.4167, -67.0833 ], [ 45.625, -67.0833 ], [ 46.0417, -67.2917 ], [ 46.0417, -67.5 ], [ 46.6667, -67.7083 ], [ 46.6667, -67.5 ], [ 47.0833, -67.2917 ], [ 47.0833, -66.875 ], [ 47.5, -66.875 ], [ 47.7083, -66.875 ], [ 48.125, -66.875 ], [ 48.5417, -67.2917 ], [ 48.3333, -67.5 ], [ 48.9583, -67.9167 ], [ 49.1667, -67.9167 ], [ 49.375, -67.9167 ], [ 49.5833, -67.5 ], [ 49.7917, -67.5 ], [ 50.0, -67.9167 ], [ 50.4167, -67.7083 ], [ 50.4167, -68.125 ], [ 50.8333, -68.125 ], [ 50.8333, -68.5417 ], [ 51.0417, -68.5417 ], [ 51.25, -68.3333 ], [ 51.4583, -68.3333 ], [ 51.6667, -68.125 ], [ 51.875, -68.125 ], [ 52.0833, -68.3333 ], [ 52.2917, -68.125 ], [ 52.5, -68.3333 ], [ 53.125, -68.75 ], [ 53.125, -68.9583 ], [ 53.125, -69.375 ], [ 53.5417, -69.5833 ], [ 53.5417, -69.7917 ], [ 53.75, -70.0 ], [ 53.9583, -70.2083 ], [ 53.9583, -70.4167 ], [ 54.1667, -71.0417 ], [ 54.375, -71.0417 ], [ 54.375, -71.25 ], [ 54.5833, -71.25 ], [ 54.7917, -71.4583 ], [ 55.0, -71.4583 ], [ 55.2083, -71.6667 ], [ 55.2083, -71.875 ], [ 55.4167, -72.0833 ], [ 56.0417, -72.5 ], [ 56.0417, -72.7083 ], [ 56.25, -72.7083 ], [ 56.6667, -73.125 ], [ 56.6667, -73.3333 ], [ 56.6667, -73.5417 ], [ 56.6667, -73.9583 ], [ 56.875, -73.9583 ], [ 57.2917, -73.9583 ], [ 57.5, -74.1667 ], [ 57.9167, -74.1667 ], [ 58.125, -74.375 ], [ 58.3333, -74.375 ], [ 58.5417, -74.375 ], [ 58.75, -74.5833 ], [ 59.1667, -74.5833 ], [ 59.375, -74.5833 ], [ 59.5833, -74.375 ], [ 59.7917, -74.7917 ], [ 60.0, -74.7917 ], [ 60.4167, -75.2083 ], [ 60.625, -75.2083 ], [ 60.8333, -75.2083 ], [ 61.25, -75.4167 ], [ 61.6667, -75.4167 ], [ 61.875, -75.2083 ], [ 62.2917, -75.4167 ], [ 62.2917, -75.2083 ], [ 62.9167, -75.2083 ], [ 63.125, -75.2083 ], [ 63.3333, -75.0 ], [ 63.5417, -75.0 ], [ 63.9583, -74.7917 ], [ 63.9583, -74.5833 ], [ 64.375, -74.375 ], [ 64.7917, -74.1667 ], [ 65.0, -74.5833 ], [ 65.4167, -74.375 ], [ 65.8333, -74.7917 ], [ 66.0417, -74.5833 ], [ 66.0417, -74.1667 ], [ 66.0417, -73.75 ], [ 66.0417, -73.5417 ], [ 66.0417, -73.125 ], [ 66.0417, -72.9167 ], [ 66.0417, -72.7083 ], [ 65.8333, -72.5 ], [ 66.4583, -71.875 ], [ 66.6667, -71.6667 ], [ 66.4583, -71.25 ], [ 66.6667, -71.0417 ], [ 66.6667, -70.625 ], [ 66.4583, -70.4167 ], [ 66.4583, -70.2083 ], [ 66.4583, -70.0 ], [ 66.4583, -69.5833 ], [ 66.4583, -69.1667 ], [ 66.6667, -68.9583 ], [ 66.6667, -68.75 ], [ 66.6667, -68.3333 ], [ 66.6667, -68.125 ], [ 66.875, -67.5 ], [ 67.2917, -67.5 ], [ 67.5, -67.2917 ], [ 67.7083, -67.0833 ], [ 67.9167, -66.6667 ], [ 68.125, -66.25 ], [ 68.3333, -66.0417 ], [ 68.75, -65.625 ], [ 68.9583, -65.625 ], [ 69.375, -65.4167 ], [ 69.375, -65.2083 ], [ 69.7917, -65.0 ], [ 69.7917, -64.7917 ], [ 70.0, -64.5833 ], [ 70.4167, -64.5833 ], [ 71.0417, -64.5833 ], [ 71.0417, -65.0 ], [ 71.25, -65.2083 ], [ 71.4583, -65.4167 ], [ 71.875, -65.4167 ], [ 72.5, -65.2083 ], [ 72.5, -65.625 ], [ 72.7083, -65.8333 ], [ 72.9167, -65.625 ], [ 73.3333, -65.625 ], [ 73.5417, -65.8333 ], [ 73.75, -65.8333 ], [ 73.9583, -66.0417 ], [ 74.375, -66.0417 ], [ 74.375, -66.6667 ], [ 74.5833, -66.6667 ], [ 75.0, -66.6667 ], [ 75.4167, -66.6667 ], [ 75.8333, -66.875 ], [ 76.0417, -66.875 ], [ 76.25, -67.2917 ], [ 76.6667, -67.2917 ], [ 76.875, -67.7083 ], [ 77.2917, -67.9167 ], [ 77.5, -67.5 ], [ 77.0833, -67.0833 ], [ 77.5, -66.875 ], [ 77.5, -66.4583 ], [ 77.7083, -66.4583 ], [ 77.7083, -66.25 ], [ 77.9167, -66.0417 ], [ 78.125, -65.8333 ], [ 78.3333, -65.625 ], [ 78.5417, -65.4167 ], [ 78.75, -65.2083 ], [ 78.75, -64.7917 ], [ 78.75, -64.5833 ], [ 78.5417, -64.375 ], [ 78.75, -63.9583 ], [ 78.3333, -63.5417 ], [ 78.5417, -63.3333 ], [ 78.75, -63.3333 ], [ 78.75, -63.125 ], [ 79.1667, -63.125 ], [ 79.375, -62.9167 ], [ 79.375, -62.7083 ], [ 79.5833, -62.5 ], [ 79.375, -62.2917 ], [ 79.5833, -61.6667 ], [ 79.375, -61.6667 ], [ 78.9583, -61.4583 ], [ 79.1667, -61.0417 ], [ 79.5833, -60.625 ], [ 79.7917, -60.2083 ], [ 80.2083, -60.0 ], [ 80.2083, -59.5833 ], [ 80.0, -59.1667 ], [ 80.2083, -58.9583 ], [ 80.0, -58.75 ], [ 79.375, -58.75 ], [ 79.1667, -58.5417 ], [ 78.9583, -58.3333 ], [ 78.75, -58.125 ], [ 78.5417, -57.9167 ], [ 78.3333, -57.7083 ], [ 78.125, -57.5 ], [ 78.5417, -57.2917 ], [ 78.5417, -57.0833 ], [ 78.75, -56.875 ], [ 78.75, -56.6667 ], [ 78.75, -56.4583 ], [ 78.5417, -55.8333 ], [ 78.75, -55.8333 ], [ 78.5417, -55.2083 ], [ 78.5417, -54.7917 ], [ 78.3333, -54.7917 ], [ 78.125, -54.7917 ], [ 77.9167, -54.375 ], [ 77.9167, -54.1667 ], [ 77.9167, -53.9583 ], [ 77.9167, -53.5417 ], [ 77.9167, -53.3333 ], [ 78.125, -52.9167 ], [ 77.9167, -52.7083 ], [ 77.9167, -52.2917 ], [ 77.7083, -51.875 ], [ 77.5, -51.6667 ], [ 77.5, -51.25 ], [ 77.9167, -51.0417 ], [ 78.125, -50.625 ], [ 78.3333, -50.4167 ], [ 78.5417, -50.2083 ], [ 78.75, -50.0 ], [ 78.9583, -49.7917 ], [ 78.9583, -49.1667 ], [ 78.75, -49.1667 ], [ 78.75, -48.9583 ], [ 78.9583, -48.5417 ], [ 79.1667, -48.5417 ], [ 79.5833, -48.125 ], [ 79.7917, -48.125 ], [ 80.0, -47.9167 ], [ 80.2083, -47.9167 ], [ 80.4167, -47.7083 ], [ 80.8333, -47.7083 ], [ 81.25, -47.9167 ], [ 81.6667, -47.9167 ], [ 82.0833, -48.125 ], [ 82.2917, -48.125 ], [ 82.5, -47.7083 ], [ 82.7083, -47.5 ], [ 82.7083, -47.2917 ], [ 82.7083, -47.0833 ], [ 82.9167, -47.0833 ], [ 83.3333, -46.875 ], [ 83.5417, -47.2917 ], [ 83.5417, -47.7083 ], [ 83.5417, -47.9167 ], [ 83.9583, -48.3333 ], [ 83.75, -48.75 ], [ 83.9583, -49.1667 ], [ 84.1667, -49.1667 ], [ 84.375, -49.5833 ], [ 84.5833, -49.7917 ], [ 84.5833, -50.4167 ], [ 84.7917, -50.4167 ], [ 85.0, -50.4167 ], [ 85.2083, -50.4167 ], [ 85.4167, -50.625 ], [ 85.625, -50.8333 ], [ 86.0417, -50.8333 ], [ 86.25, -51.0417 ], [ 86.4583, -51.0417 ], [ 86.875, -51.4583 ], [ 87.0833, -51.4583 ], [ 87.2917, -52.0833 ], [ 87.5, -52.5 ], [ 87.7083, -52.9167 ], [ 87.7083, -53.125 ], [ 87.5, -53.3333 ], [ 87.0833, -53.125 ], [ 86.4583, -53.125 ], [ 86.4583, -53.5417 ], [ 86.4583, -53.75 ], [ 86.6667, -53.9583 ], [ 86.6667, -54.1667 ], [ 86.875, -54.375 ], [ 87.0833, -54.375 ], [ 87.5, -54.7917 ], [ 87.9167, -54.5833 ], [ 88.125, -54.7917 ], [ 88.3333, -54.7917 ], [ 88.75, -55.2083 ], [ 88.5417, -55.4167 ], [ 88.75, -55.625 ], [ 88.75, -55.8333 ], [ 88.75, -56.25 ], [ 88.9583, -56.4583 ], [ 89.1667, -56.6667 ], [ 89.375, -56.875 ], [ 89.375, -57.0833 ], [ 89.1667, -57.0833 ], [ 89.375, -57.5 ], [ 89.7917, -57.9167 ], [ 90.0, -58.125 ], [ 90.2083, -58.3333 ], [ 90.2083, -58.75 ], [ 90.4167, -59.1667 ], [ 90.8333, -59.1667 ], [ 90.8333, -59.375 ], [ 91.0417, -59.375 ], [ 91.25, -59.7917 ], [ 91.0417, -60.2083 ], [ 91.0417, -60.4167 ], [ 91.4583, -61.0417 ], [ 91.6667, -61.0417 ], [ 91.875, -60.8333 ], [ 92.0833, -61.0417 ], [ 92.2917, -61.4583 ], [ 92.2917, -61.6667 ], [ 92.5, -61.875 ], [ 92.5, -62.0833 ], [ 92.7083, -62.2917 ], [ 92.9167, -62.5 ], [ 93.3333, -62.7083 ], [ 93.75, -62.9167 ], [ 93.75, -63.3333 ], [ 93.9583, -63.5417 ], [ 94.375, -63.9583 ], [ 94.5833, -63.9583 ], [ 94.5833, -64.1667 ], [ 94.7917, -64.375 ], [ 94.7917, -64.5833 ], [ 94.7917, -65.2083 ], [ 94.7917, -65.625 ], [ 94.5833, -65.625 ], [ 95.0, -66.25 ], [ 95.2083, -66.0417 ], [ 95.625, -66.0417 ], [ 95.625, -66.6667 ], [ 95.8333, -66.875 ], [ 96.0417, -66.875 ], [ 96.4583, -66.875 ], [ 96.6667, -66.875 ], [ 96.6667, -67.0833 ], [ 96.875, -67.5 ], [ 96.875, -67.7083 ], [ 97.0833, -67.9167 ], [ 97.7083, -67.7083 ], [ 98.3333, -67.7083 ], [ 98.3333, -67.5 ], [ 98.75, -67.2917 ], [ 98.5417, -66.4583 ], [ 99.1667, -66.875 ], [ 98.9583, -67.0833 ], [ 99.1667, -67.2917 ], [ 99.1667, -67.7083 ], [ 99.375, -67.7083 ], [ 99.375, -68.3333 ], [ 99.7917, -68.5417 ], [ 99.7917, -68.75 ], [ 100.2083, -68.3333 ], [ 100.4167, -68.3333 ], [ 100.625, -68.75 ], [ 100.625, -68.9583 ], [ 101.0417, -69.1667 ], [ 101.25, -69.1667 ], [ 101.4583, -69.375 ], [ 101.6667, -69.375 ], [ 101.6667, -69.7917 ], [ 102.0833, -70.0 ], [ 102.2917, -70.0 ], [ 102.2917, -69.7917 ], [ 102.5, -69.375 ], [ 102.7083, -69.1667 ], [ 103.125, -69.1667 ], [ 103.3333, -69.1667 ], [ 103.75, -69.1667 ], [ 103.75, -68.75 ], [ 103.75, -68.5417 ], [ 103.75, -68.3333 ], [ 103.75, -67.9167 ], [ 104.375, -67.7083 ], [ 104.5833, -67.7083 ], [ 105.0, -67.7083 ], [ 105.4167, -67.9167 ], [ 105.4167, -68.125 ], [ 105.625, -68.5417 ], [ 105.8333, -68.75 ], [ 105.8333, -68.9583 ], [ 106.25, -69.1667 ], [ 106.6667, -68.9583 ], [ 106.6667, -68.75 ], [ 107.0833, -68.75 ], [ 107.2917, -68.3333 ], [ 107.7083, -68.125 ], [ 107.7083, -67.9167 ], [ 107.7083, -67.2917 ], [ 107.9167, -67.0833 ], [ 107.9167, -66.875 ], [ 107.7083, -66.4583 ], [ 107.9167, -66.0417 ], [ 108.125, -66.0417 ], [ 108.125, -65.8333 ], [ 108.5417, -65.625 ], [ 107.9167, -65.0 ], [ 108.75, -65.0 ], [ 108.75, -64.7917 ], [ 109.1667, -64.375 ], [ 109.5833, -64.1667 ], [ 109.5833, -63.9583 ], [ 110.0, -63.75 ], [ 109.7917, -63.3333 ], [ 109.7917, -63.125 ], [ 109.7917, -62.7083 ], [ 110.0, -62.5 ], [ 110.2083, -62.2917 ], [ 110.4167, -62.2917 ], [ 110.8333, -62.0833 ], [ 111.0417, -62.0833 ], [ 111.25, -62.0833 ], [ 111.4583, -62.0833 ], [ 111.6667, -62.0833 ], [ 111.875, -62.0833 ], [ 111.875, -62.2917 ], [ 112.2917, -62.2917 ], [ 112.5, -62.2917 ], [ 112.7083, -62.0833 ], [ 112.9167, -61.875 ], [ 112.9167, -61.6667 ], [ 113.3333, -61.4583 ], [ 113.5417, -61.6667 ], [ 113.9583, -61.4583 ], [ 114.375, -61.4583 ], [ 114.5833, -61.4583 ], [ 115.0, -61.875 ], [ 115.0, -62.0833 ], [ 115.4167, -62.2917 ], [ 115.8333, -62.2917 ], [ 115.8333, -61.6667 ], [ 115.8333, -61.25 ], [ 116.0417, -61.0417 ], [ 116.0417, -60.625 ], [ 116.4583, -60.4167 ], [ 116.25, -60.2083 ], [ 116.6667, -59.7917 ], [ 116.6667, -60.4167 ], [ 116.875, -60.4167 ], [ 117.0833, -61.0417 ], [ 117.0833, -61.25 ], [ 117.7083, -61.4583 ], [ 117.9167, -61.4583 ], [ 118.125, -61.6667 ], [ 118.5417, -61.6667 ], [ 118.9583, -61.6667 ], [ 119.1667, -62.0833 ], [ 118.9583, -62.0833 ], [ 118.9583, -62.7083 ], [ 118.9583, -63.125 ], [ 118.75, -63.3333 ], [ 118.9583, -63.75 ], [ 119.1667, -63.75 ], [ 119.1667, -64.1667 ], [ 119.5833, -64.375 ], [ 119.5833, -64.5833 ], [ 119.5833, -64.7917 ], [ 120.0, -65.4167 ], [ 120.2083, -65.4167 ], [ 120.4167, -65.625 ], [ 120.625, -65.8333 ], [ 120.625, -66.25 ], [ 121.25, -66.4583 ], [ 121.25, -66.6667 ], [ 121.875, -66.6667 ], [ 121.875, -66.875 ], [ 122.2917, -66.875 ], [ 122.5, -67.0833 ], [ 122.7083, -66.875 ], [ 122.9167, -67.0833 ], [ 123.3333, -66.875 ], [ 123.5417, -66.875 ], [ 123.75, -66.875 ], [ 123.9583, -66.875 ], [ 124.5833, -66.875 ], [ 125.0, -66.875 ], [ 125.2083, -66.875 ], [ 125.4167, -66.875 ], [ 125.4167, -66.6667 ], [ 126.0417, -66.6667 ], [ 126.0417, -66.875 ], [ 126.6667, -66.875 ], [ 127.0833, -66.875 ], [ 127.5, -66.875 ], [ 127.7083, -66.25 ], [ 128.125, -65.8333 ], [ 127.9167, -65.4167 ], [ 127.9167, -65.2083 ], [ 127.9167, -65.0 ], [ 127.9167, -64.5833 ], [ 127.9167, -64.1667 ], [ 128.125, -64.1667 ], [ 128.125, -63.75 ], [ 128.125, -63.5417 ], [ 128.3333, -63.5417 ], [ 128.3333, -63.125 ], [ 128.5417, -62.9167 ], [ 128.9583, -62.9167 ], [ 129.1667, -62.9167 ], [ 129.5833, -62.5 ], [ 129.5833, -62.2917 ], [ 129.375, -62.0833 ], [ 129.5833, -61.4583 ], [ 129.7917, -61.25 ], [ 129.5833, -60.8333 ], [ 129.5833, -60.625 ], [ 129.375, -60.4167 ], [ 129.375, -60.2083 ], [ 129.5833, -59.7917 ], [ 129.5833, -59.5833 ], [ 129.375, -59.1667 ], [ 129.1667, -59.1667 ], [ 128.9583, -58.75 ], [ 128.9583, -58.5417 ], [ 128.75, -58.3333 ], [ 128.9583, -58.125 ], [ 128.9583, -57.9167 ], [ 128.9583, -57.7083 ], [ 128.75, -57.0833 ], [ 128.9583, -56.875 ], [ 128.9583, -56.6667 ], [ 129.1667, -56.4583 ], [ 129.1667, -56.0417 ], [ 129.375, -55.8333 ], [ 129.375, -55.4167 ], [ 129.5833, -55.2083 ], [ 129.5833, -55.0 ], [ 129.375, -54.7917 ], [ 128.75, -54.7917 ], [ 128.75, -55.0 ], [ 128.75, -55.4167 ], [ 128.5417, -55.4167 ], [ 128.125, -55.4167 ], [ 128.125, -55.0 ], [ 128.3333, -54.5833 ], [ 128.125, -54.375 ], [ 128.125, -54.1667 ], [ 128.125, -53.75 ], [ 128.125, -53.5417 ], [ 128.3333, -53.3333 ], [ 128.9583, -53.3333 ], [ 128.9583, -53.125 ], [ 129.375, -53.125 ], [ 129.5833, -52.9167 ], [ 129.7917, -52.9167 ], [ 130.2083, -52.2917 ], [ 130.0, -52.2917 ], [ 130.4167, -52.0833 ], [ 130.4167, -51.875 ], [ 130.625, -51.6667 ], [ 130.625, -51.25 ], [ 130.4167, -51.0417 ], [ 130.4167, -50.625 ], [ 130.4167, -50.4167 ], [ 130.4167, -50.0 ], [ 130.8333, -49.5833 ], [ 131.0417, -49.5833 ], [ 131.0417, -49.375 ], [ 131.25, -49.375 ], [ 131.25, -49.1667 ], [ 131.4583, -48.9583 ], [ 131.6667, -48.75 ], [ 132.0833, -48.75 ], [ 132.2917, -48.75 ], [ 132.5, -48.3333 ], [ 132.5, -47.9167 ], [ 132.0833, -47.7083 ], [ 131.875, -47.5 ], [ 131.875, -47.2917 ], [ 131.875, -47.0833 ], [ 131.875, -46.875 ], [ 131.875, -46.4583 ], [ 131.6667, -46.4583 ], [ 131.4583, -46.0417 ], [ 131.25, -46.0417 ], [ 131.0417, -45.625 ], [ 131.6667, -45.8333 ], [ 131.875, -45.4167 ], [ 132.0833, -45.4167 ], [ 132.2917, -45.2083 ], [ 132.2917, -45.0 ], [ 132.7083, -44.7917 ], [ 132.7083, -44.5833 ], [ 132.9167, -44.375 ], [ 133.125, -44.1667 ], [ 133.5417, -44.1667 ], [ 133.9583, -43.9583 ], [ 134.375, -43.5417 ], [ 134.1667, -43.125 ], [ 133.9583, -43.125 ], [ 133.5417, -42.7083 ], [ 133.5417, -42.5 ], [ 133.3333, -42.5 ], [ 133.3333, -42.0833 ], [ 133.75, -41.6667 ], [ 134.375, -41.4583 ], [ 134.5833, -41.0417 ], [ 134.7917, -40.8333 ], [ 134.5833, -40.2083 ], [ 134.375, -40.0 ], [ 134.375, -39.7917 ], [ 134.1667, -39.5833 ], [ 134.1667, -39.1667 ], [ 134.1667, -38.75 ], [ 134.375, -38.3333 ], [ 134.7917, -38.125 ], [ 134.7917, -37.7083 ], [ 134.7917, -37.5 ], [ 134.375, -37.5 ], [ 134.375, -37.0833 ], [ 134.375, -36.875 ], [ 134.1667, -36.4583 ], [ 134.375, -36.25 ], [ 134.1667, -35.8333 ], [ 134.375, -35.625 ], [ 134.1667, -35.625 ], [ 133.75, -35.2083 ], [ 133.75, -35.4167 ], [ 133.3333, -35.0 ], [ 133.3333, -34.7917 ], [ 133.5417, -34.5833 ], [ 133.9583, -34.5833 ], [ 134.1667, -34.7917 ], [ 134.375, -34.7917 ], [ 134.5833, -34.5833 ], [ 134.5833, -34.375 ], [ 133.9583, -34.1667 ], [ 133.9583, -33.9583 ], [ 133.5417, -33.9583 ], [ 133.5417, -33.5417 ], [ 133.9583, -33.5417 ], [ 134.1667, -33.125 ], [ 133.9583, -32.9167 ], [ 133.75, -32.7083 ], [ 133.5417, -32.7083 ], [ 133.5417, -32.9167 ], [ 133.3333, -33.3333 ], [ 132.9167, -33.3333 ], [ 132.7083, -33.3333 ], [ 132.5, -33.125 ], [ 132.7083, -32.7083 ], [ 132.7083, -32.5 ], [ 132.7083, -32.2917 ], [ 132.7083, -32.0833 ], [ 132.5, -31.875 ], [ 132.0833, -31.875 ], [ 131.875, -31.875 ], [ 131.6667, -32.0833 ], [ 131.25, -32.0833 ], [ 131.0417, -32.2917 ], [ 130.8333, -32.2917 ], [ 130.625, -32.7083 ], [ 130.4167, -32.9167 ], [ 130.2083, -32.7083 ], [ 130.4167, -32.5 ], [ 130.0, -32.0833 ], [ 129.5833, -32.2917 ], [ 129.375, -32.0833 ], [ 128.9583, -31.6667 ], [ 128.3333, -31.4583 ], [ 128.125, -31.4583 ], [ 127.9167, -31.25 ], [ 127.5, -30.625 ], [ 127.2917, -30.625 ], [ 126.6667, -30.4167 ], [ 126.25, -30.4167 ], [ 126.0417, -30.625 ], [ 125.8333, -30.4167 ], [ 125.625, -30.4167 ], [ 125.4167, -30.2083 ], [ 125.0, -30.4167 ], [ 124.5833, -30.4167 ], [ 124.1667, -30.4167 ], [ 123.75, -30.625 ], [ 123.3333, -30.625 ], [ 122.9167, -30.625 ], [ 122.5, -30.4167 ], [ 122.2917, -30.625 ], [ 122.0833, -30.625 ], [ 122.0833, -30.4167 ], [ 122.0833, -30.0 ], [ 122.0833, -29.5833 ], [ 122.0833, -29.375 ], [ 122.2917, -28.9583 ], [ 122.0833, -28.75 ], [ 121.875, -28.75 ], [ 121.4583, -28.75 ], [ 121.25, -28.3333 ], [ 121.0417, -28.3333 ], [ 121.0417, -27.9167 ], [ 120.625, -27.7083 ], [ 120.625, -27.5 ], [ 120.625, -27.0833 ], [ 120.4167, -26.875 ], [ 120.625, -26.4583 ], [ 120.4167, -26.25 ], [ 120.4167, -26.0417 ], [ 120.2083, -25.625 ], [ 120.0, -25.625 ], [ 120.0, -25.2083 ], [ 119.7917, -24.7917 ], [ 119.7917, -24.375 ], [ 119.7917, -24.1667 ], [ 120.2083, -24.1667 ], [ 120.4167, -24.1667 ], [ 120.8333, -23.9583 ], [ 121.0417, -23.9583 ], [ 121.25, -23.75 ], [ 121.25, -23.125 ], [ 121.25, -22.7083 ], [ 121.0417, -22.5 ], [ 121.25, -22.0833 ], [ 121.4583, -21.875 ], [ 121.4583, -21.6667 ], [ 121.4583, -21.25 ], [ 121.4583, -21.0417 ], [ 121.875, -20.625 ], [ 122.0833, -20.625 ], [ 122.2917, -20.625 ], [ 122.5, -20.4167 ], [ 122.9167, -20.2083 ], [ 123.125, -20.0 ], [ 123.3333, -19.7917 ], [ 123.5417, -20.0 ], [ 123.75, -20.0 ], [ 123.9583, -20.0 ], [ 124.375, -19.7917 ], [ 124.7917, -19.7917 ], [ 124.7917, -20.0 ], [ 125.2083, -19.7917 ], [ 125.625, -19.5833 ], [ 125.8333, -19.5833 ], [ 125.8333, -18.9583 ], [ 125.625, -18.5417 ], [ 125.625, -18.3333 ], [ 125.8333, -18.3333 ], [ 126.0417, -18.3333 ], [ 126.25, -18.125 ], [ 126.4583, -18.125 ], [ 126.6667, -18.125 ], [ 126.6667, -17.7083 ], [ 126.875, -17.7083 ], [ 127.0833, -17.5 ], [ 127.2917, -17.2917 ], [ 127.5, -17.5 ], [ 127.5, -17.7083 ], [ 127.7083, -18.125 ], [ 127.9167, -18.125 ], [ 127.9167, -18.75 ], [ 128.125, -18.75 ], [ 128.125, -19.375 ], [ 128.5417, -19.375 ], [ 128.75, -19.375 ], [ 128.9583, -19.1667 ], [ 129.375, -19.1667 ], [ 129.375, -18.9583 ], [ 129.5833, -18.75 ], [ 130.0, -18.75 ], [ 130.2083, -18.5417 ], [ 130.4167, -18.5417 ], [ 130.625, -18.125 ], [ 131.0417, -17.7083 ], [ 130.8333, -17.2917 ], [ 131.0417, -17.0833 ], [ 131.25, -16.4583 ], [ 131.25, -16.25 ], [ 130.625, -16.0417 ], [ 130.4167, -15.625 ], [ 130.4167, -15.2083 ], [ 130.4167, -15.0 ], [ 130.625, -14.7917 ], [ 130.4167, -14.5833 ], [ 130.625, -14.1667 ], [ 130.4167, -13.9583 ], [ 130.4167, -13.75 ], [ 130.4167, -13.5417 ], [ 130.2083, -13.3333 ], [ 130.0, -13.125 ], [ 130.0, -12.9167 ], [ 129.7917, -12.7083 ], [ 129.375, -12.5 ], [ 129.1667, -12.2917 ], [ 128.9583, -12.2917 ], [ 128.75, -11.875 ], [ 128.75, -11.6667 ], [ 128.5417, -11.4583 ], [ 128.75, -11.25 ], [ 128.5417, -10.8333 ], [ 128.75, -10.625 ], [ 128.75, -10.4167 ], [ 128.75, -10.2083 ], [ 128.75, -10.0 ], [ 128.9583, -9.7917 ], [ 128.75, -9.5833 ], [ 128.9583, -9.375 ], [ 128.75, -9.1667 ], [ 128.9583, -8.75 ], [ 128.9583, -8.5417 ], [ 128.3333, -8.5417 ], [ 127.9167, -8.5417 ], [ 127.7083, -8.5417 ], [ 127.7083, -8.3333 ], [ 127.2917, -8.3333 ], [ 126.875, -8.5417 ], [ 126.6667, -8.3333 ], [ 126.4583, -8.125 ], [ 126.4583, -7.9167 ], [ 126.4583, -7.7083 ], [ 126.4583, -7.5 ], [ 126.6667, -7.0833 ], [ 126.875, -6.875 ], [ 127.2917, -6.6667 ], [ 127.5, -6.4583 ], [ 128.125, -6.6667 ], [ 128.125, -6.875 ], [ 128.3333, -7.0833 ], [ 128.5417, -7.0833 ], [ 128.75, -6.6667 ], [ 128.75, -6.4583 ], [ 128.9583, -6.25 ], [ 128.9583, -6.0417 ], [ 128.9583, -5.8333 ], [ 128.5417, -5.0 ], [ 128.75, -4.7917 ], [ 128.75, -4.375 ], [ 128.9583, -4.375 ], [ 129.1667, -3.9583 ], [ 129.5833, -3.75 ], [ 129.7917, -3.3333 ], [ 130.0, -2.9167 ], [ 130.2083, -2.9167 ], [ 130.2083, -2.7083 ], [ 130.2083, -2.2917 ], [ 130.0, -2.0833 ], [ 130.0, -1.6667 ], [ 129.7917, -1.6667 ], [ 129.7917, -1.4583 ], [ 129.7917, -1.25 ], [ 129.7917, -1.0417 ], [ 129.5833, -0.8333 ], [ 129.5833, -0.4167 ], [ 129.5833, -0.2083 ], [ 129.5833, 0.0 ], [ 129.7917, 0.2083 ], [ 129.7917, 0.4167 ], [ 129.5833, 0.4167 ], [ 129.1667, 0.625 ], [ 128.75, 0.4167 ], [ 128.5417, 0.625 ], [ 128.125, 0.625 ], [ 127.9167, 1.0417 ], [ 128.125, 1.25 ], [ 128.125, 1.6667 ], [ 128.125, 2.0833 ], [ 127.9167, 2.0833 ], [ 127.5, 2.2917 ], [ 127.2917, 2.5 ], [ 127.2917, 2.7083 ], [ 127.9167, 2.9167 ], [ 127.9167, 2.7083 ], [ 128.3333, 2.9167 ], [ 128.125, 3.5417 ], [ 127.9167, 3.5417 ], [ 127.9167, 3.9583 ], [ 127.7083, 3.9583 ], [ 127.7083, 4.5833 ], [ 127.2917, 4.5833 ], [ 127.0833, 4.375 ], [ 126.6667, 4.5833 ], [ 126.6667, 4.7917 ], [ 126.4583, 5.0 ], [ 126.0417, 5.0 ], [ 125.8333, 4.7917 ], [ 125.625, 4.7917 ], [ 125.4167, 4.5833 ], [ 125.2083, 4.5833 ], [ 125.0, 4.375 ], [ 124.375, 4.5833 ], [ 124.375, 5.0 ], [ 123.9583, 5.0 ], [ 123.75, 5.0 ], [ 123.5417, 5.0 ], [ 123.3333, 5.0 ], [ 122.9167, 4.7917 ], [ 122.9167, 4.5833 ], [ 122.7083, 4.375 ], [ 122.0833, 4.5833 ], [ 121.875, 4.7917 ], [ 121.875, 5.0 ], [ 121.875, 5.2083 ], [ 121.6667, 5.8333 ], [ 121.4583, 5.8333 ], [ 121.25, 5.8333 ], [ 121.0417, 5.625 ], [ 121.0417, 5.4167 ], [ 120.8333, 5.0 ], [ 120.625, 5.0 ], [ 120.4167, 4.7917 ], [ 120.2083, 4.7917 ], [ 120.0, 4.5833 ], [ 119.7917, 4.5833 ], [ 119.7917, 5.0 ], [ 119.7917, 5.2083 ], [ 120.0, 5.4167 ], [ 120.2083, 5.4167 ], [ 120.2083, 5.625 ], [ 120.0, 6.0417 ], [ 119.5833, 5.8333 ], [ 119.375, 6.25 ], [ 119.1667, 6.0417 ], [ 118.9583, 6.4583 ], [ 119.1667, 6.875 ], [ 118.9583, 6.875 ], [ 119.1667, 7.0833 ], [ 118.9583, 7.5 ], [ 118.9583, 7.7083 ], [ 118.75, 7.9167 ], [ 118.9583, 8.125 ], [ 118.75, 8.5417 ], [ 118.5417, 8.9583 ], [ 118.9583, 9.1667 ], [ 118.75, 9.5833 ], [ 118.75, 9.7917 ], [ 118.5417, 9.5833 ], [ 118.125, 9.5833 ], [ 118.125, 10.0 ], [ 118.5417, 10.2083 ], [ 118.75, 10.2083 ], [ 119.1667, 10.4167 ], [ 119.1667, 10.8333 ], [ 118.9583, 11.0417 ], [ 118.9583, 11.4583 ], [ 118.9583, 11.875 ], [ 118.9583, 12.0833 ], [ 119.375, 12.2917 ], [ 119.375, 12.9167 ], [ 119.1667, 13.125 ], [ 119.375, 13.75 ], [ 119.5833, 13.9583 ], [ 119.5833, 14.375 ], [ 119.7917, 14.375 ], [ 119.7917, 14.7917 ], [ 119.5833, 15.0 ], [ 119.7917, 15.4167 ], [ 119.5833, 15.4167 ], [ 119.7917, 15.8333 ], [ 119.5833, 15.8333 ], [ 120.0, 16.25 ], [ 120.0, 16.0417 ], [ 120.625, 16.25 ], [ 121.0417, 16.4583 ], [ 121.25, 16.875 ], [ 121.0417, 17.0833 ], [ 121.0417, 17.2917 ], [ 120.625, 17.5 ], [ 120.625, 17.9167 ], [ 120.8333, 18.125 ], [ 120.625, 18.3333 ], [ 120.625, 18.5417 ], [ 120.625, 18.75 ], [ 120.4167, 19.1667 ], [ 120.625, 19.1667 ], [ 120.4167, 19.5833 ], [ 120.625, 20.2083 ], [ 120.4167, 20.2083 ], [ 120.625, 20.625 ], [ 120.4167, 20.625 ], [ 120.625, 21.0417 ], [ 120.4167, 21.4583 ], [ 120.4167, 21.875 ], [ 120.4167, 22.0833 ], [ 120.2083, 22.2917 ], [ 120.2083, 22.5 ], [ 120.0, 22.7083 ], [ 119.5833, 22.7083 ], [ 119.1667, 22.5 ], [ 119.1667, 23.125 ], [ 118.9583, 23.125 ], [ 118.9583, 23.5417 ], [ 118.75, 23.75 ], [ 118.9583, 24.375 ], [ 119.1667, 24.5833 ], [ 119.375, 24.7917 ], [ 119.5833, 25.2083 ], [ 119.375, 25.4167 ], [ 119.1667, 25.625 ], [ 118.9583, 25.625 ], [ 118.5417, 26.0417 ], [ 118.3333, 25.8333 ], [ 118.125, 26.0417 ], [ 118.125, 26.4583 ], [ 118.5417, 26.6667 ], [ 118.75, 26.875 ], [ 118.5417, 27.0833 ], [ 118.5417, 27.5 ], [ 118.75, 27.7083 ], [ 119.1667, 27.2917 ], [ 119.5833, 27.2917 ], [ 119.5833, 27.7083 ], [ 119.1667, 28.3333 ], [ 119.375, 28.3333 ], [ 119.5833, 28.75 ], [ 119.5833, 29.1667 ], [ 119.5833, 29.5833 ], [ 119.5833, 30.0 ], [ 120.2083, 30.2083 ], [ 120.625, 30.4167 ], [ 120.625, 30.8333 ], [ 121.25, 31.0417 ], [ 121.25, 31.25 ], [ 121.6667, 31.4583 ], [ 122.0833, 31.6667 ], [ 122.2917, 31.4583 ], [ 122.9167, 31.6667 ], [ 122.9167, 32.0833 ], [ 122.7083, 32.0833 ], [ 122.9167, 32.5 ], [ 122.7083, 32.7083 ], [ 122.9167, 32.9167 ], [ 122.7083, 33.5417 ], [ 122.0833, 33.125 ], [ 122.0833, 33.3333 ], [ 121.6667, 33.125 ], [ 121.4583, 33.3333 ], [ 121.4583, 33.75 ], [ 121.25, 33.75 ], [ 121.25, 34.1667 ], [ 121.0417, 34.375 ], [ 121.25, 34.5833 ], [ 121.6667, 34.5833 ], [ 121.6667, 35.0 ], [ 122.0833, 35.2083 ], [ 122.2917, 35.4167 ], [ 122.5, 35.625 ], [ 122.7083, 35.625 ], [ 122.9167, 35.625 ], [ 123.5417, 36.0417 ], [ 123.5417, 36.25 ], [ 123.3333, 36.4583 ], [ 123.3333, 36.875 ], [ 123.5417, 36.875 ], [ 123.5417, 37.2917 ], [ 123.75, 37.5 ], [ 123.9583, 37.5 ], [ 124.1667, 37.7083 ], [ 124.375, 37.5 ], [ 124.5833, 37.7083 ], [ 125.0, 37.5 ], [ 125.4167, 37.7083 ], [ 125.4167, 38.125 ], [ 125.2083, 38.3333 ], [ 125.0, 38.3333 ], [ 124.5833, 38.3333 ], [ 124.375, 38.3333 ], [ 124.375, 38.75 ], [ 124.375, 38.9583 ], [ 124.375, 39.5833 ], [ 124.1667, 39.7917 ], [ 123.9583, 40.0 ], [ 123.9583, 40.2083 ], [ 123.75, 40.4167 ], [ 123.5417, 40.625 ], [ 123.9583, 41.0417 ], [ 124.1667, 41.0417 ], [ 124.375, 41.4583 ], [ 124.375, 41.875 ], [ 124.5833, 41.875 ], [ 124.7917, 42.2917 ], [ 125.0, 42.2917 ], [ 125.4167, 42.5 ], [ 125.625, 42.5 ], [ 125.625, 42.7083 ], [ 125.8333, 42.9167 ], [ 125.4167, 43.3333 ], [ 125.4167, 43.5417 ], [ 125.0, 43.5417 ], [ 125.2083, 44.1667 ], [ 125.0, 44.1667 ], [ 124.5833, 43.9583 ], [ 124.5833, 43.75 ], [ 124.1667, 43.5417 ], [ 124.1667, 43.3333 ], [ 123.9583, 43.125 ], [ 123.5417, 43.3333 ], [ 123.5417, 43.5417 ], [ 123.125, 43.75 ], [ 122.9167, 43.9583 ], [ 122.5, 43.75 ], [ 122.0833, 44.1667 ], [ 122.2917, 44.375 ], [ 122.9167, 44.375 ], [ 122.9167, 44.5833 ], [ 123.125, 44.7917 ], [ 122.9167, 45.0 ], [ 122.9167, 45.4167 ], [ 122.9167, 45.625 ], [ 122.9167, 45.8333 ], [ 122.9167, 46.0417 ], [ 122.9167, 46.25 ], [ 123.3333, 46.4583 ], [ 123.5417, 46.6667 ], [ 123.3333, 46.875 ], [ 123.5417, 47.0833 ], [ 123.5417, 47.5 ], [ 123.5417, 48.125 ], [ 123.125, 48.3333 ], [ 122.9167, 48.75 ], [ 122.7083, 48.75 ], [ 122.7083, 49.375 ], [ 122.9167, 49.375 ], [ 123.125, 49.1667 ], [ 123.5417, 49.1667 ], [ 123.5417, 48.9583 ], [ 123.75, 48.9583 ], [ 124.1667, 49.1667 ], [ 124.1667, 49.5833 ], [ 124.375, 49.7917 ], [ 124.5833, 49.5833 ], [ 124.7917, 49.5833 ], [ 125.0, 49.375 ], [ 125.2083, 49.1667 ], [ 125.4167, 49.1667 ], [ 125.625, 49.375 ], [ 125.8333, 49.1667 ], [ 126.0417, 49.5833 ], [ 126.4583, 49.375 ], [ 126.6667, 49.7917 ], [ 126.4583, 50.2083 ], [ 126.6667, 50.4167 ], [ 126.6667, 50.625 ], [ 127.0833, 50.8333 ], [ 126.875, 51.0417 ], [ 127.0833, 51.25 ], [ 127.0833, 51.6667 ], [ 127.2917, 51.875 ], [ 127.5, 52.2917 ], [ 127.2917, 52.5 ], [ 127.5, 52.9167 ], [ 127.5, 53.3333 ], [ 127.5, 53.75 ], [ 127.7083, 53.75 ], [ 127.9167, 53.75 ], [ 128.3333, 53.5417 ], [ 128.5417, 53.3333 ], [ 128.75, 53.3333 ], [ 128.75, 53.125 ], [ 129.375, 53.125 ], [ 129.375, 52.7083 ], [ 129.375, 52.5 ], [ 129.5833, 52.2917 ], [ 130.0, 52.0833 ], [ 130.4167, 52.0833 ], [ 130.8333, 52.2917 ], [ 131.25, 52.2917 ], [ 131.4583, 52.0833 ], [ 131.6667, 52.2917 ], [ 132.0833, 52.0833 ], [ 132.2917, 51.875 ], [ 132.7083, 51.875 ], [ 132.9167, 52.0833 ], [ 133.3333, 52.0833 ], [ 133.75, 52.0833 ], [ 134.1667, 52.5 ], [ 134.375, 52.7083 ], [ 134.5833, 52.7083 ], [ 134.7917, 52.9167 ], [ 135.0, 52.7083 ], [ 135.4167, 52.9167 ], [ 135.4167, 53.3333 ], [ 135.625, 53.3333 ], [ 135.8333, 53.75 ], [ 136.0417, 53.75 ], [ 136.25, 54.1667 ], [ 136.4583, 54.375 ], [ 136.4583, 54.5833 ], [ 136.6667, 55.0 ], [ 136.875, 55.2083 ], [ 136.875, 55.4167 ], [ 137.2917, 55.625 ], [ 137.0833, 56.25 ], [ 137.2917, 56.25 ], [ 137.2917, 56.6667 ], [ 137.7083, 56.875 ], [ 137.7083, 57.0833 ], [ 137.9167, 57.2917 ], [ 137.9167, 57.5 ], [ 137.7083, 57.9167 ], [ 137.9167, 58.125 ], [ 137.9167, 58.5417 ], [ 137.9167, 58.75 ], [ 138.3333, 58.9583 ], [ 138.3333, 59.1667 ], [ 138.5417, 59.375 ], [ 138.75, 59.375 ], [ 139.1667, 59.5833 ], [ 139.375, 59.5833 ], [ 139.5833, 60.0 ], [ 139.375, 60.4167 ], [ 139.375, 60.8333 ], [ 139.1667, 61.0417 ], [ 139.1667, 61.4583 ], [ 138.9583, 61.6667 ], [ 138.9583, 62.0833 ], [ 138.9583, 62.2917 ], [ 139.1667, 62.5 ], [ 138.9583, 63.125 ], [ 138.75, 63.5417 ], [ 138.75, 63.75 ], [ 138.75, 63.9583 ], [ 139.1667, 64.1667 ], [ 139.375, 64.375 ], [ 139.375, 64.7917 ], [ 139.1667, 65.0 ], [ 139.1667, 65.2083 ], [ 138.75, 65.625 ], [ 138.9583, 66.0417 ], [ 138.9583, 66.25 ], [ 138.9583, 66.4583 ], [ 138.75, 66.6667 ], [ 138.75, 66.875 ], [ 138.75, 67.0833 ], [ 138.3333, 67.0833 ], [ 138.125, 67.0833 ], [ 137.7083, 67.5 ], [ 137.9167, 67.9167 ], [ 137.7083, 68.125 ], [ 137.9167, 68.5417 ], [ 137.7083, 68.75 ], [ 137.0833, 68.5417 ], [ 137.0833, 68.3333 ], [ 136.6667, 68.125 ], [ 136.6667, 68.3333 ], [ 136.6667, 68.75 ], [ 136.6667, 69.1667 ], [ 136.6667, 69.5833 ], [ 136.4583, 69.7917 ], [ 136.0417, 69.7917 ], [ 135.625, 70.0 ], [ 135.625, 70.2083 ], [ 135.4167, 70.2083 ], [ 135.2083, 70.4167 ], [ 134.7917, 70.4167 ], [ 134.7917, 71.0417 ], [ 134.7917, 71.25 ], [ 134.7917, 71.4583 ], [ 134.7917, 71.6667 ], [ 134.5833, 72.0833 ], [ 134.1667, 71.875 ], [ 133.5417, 71.875 ], [ 133.125, 71.6667 ], [ 132.7083, 71.6667 ], [ 132.5, 71.875 ], [ 132.0833, 71.875 ], [ 131.4583, 71.875 ], [ 131.25, 71.6667 ], [ 130.8333, 71.875 ], [ 130.8333, 71.6667 ], [ 130.4167, 71.875 ], [ 130.2083, 72.0833 ], [ 129.7917, 72.0833 ], [ 129.7917, 71.875 ], [ 129.375, 72.0833 ], [ 129.375, 71.875 ], [ 128.9583, 71.875 ], [ 128.75, 72.2917 ], [ 128.75, 72.5 ], [ 128.5417, 72.9167 ], [ 128.125, 72.9167 ], [ 127.9167, 72.9167 ], [ 127.5, 72.7083 ], [ 127.0833, 72.7083 ], [ 126.875, 72.7083 ], [ 126.6667, 72.7083 ], [ 126.6667, 72.5 ], [ 126.6667, 72.2917 ], [ 126.0417, 71.875 ], [ 125.8333, 71.875 ], [ 125.625, 71.875 ], [ 125.4167, 71.875 ], [ 125.0, 72.2917 ], [ 124.5833, 72.0833 ], [ 124.375, 72.0833 ], [ 124.375, 71.875 ], [ 124.1667, 71.4583 ], [ 123.5417, 71.25 ], [ 123.3333, 71.0417 ], [ 123.3333, 70.8333 ], [ 123.125, 70.625 ], [ 123.125, 70.2083 ], [ 122.7083, 70.0 ], [ 122.2917, 69.5833 ], [ 122.0833, 69.375 ], [ 122.0833, 69.1667 ], [ 121.875, 69.1667 ], [ 121.4583, 68.9583 ], [ 121.25, 68.9583 ], [ 121.25, 69.1667 ], [ 120.625, 69.1667 ], [ 120.4167, 68.9583 ], [ 120.2083, 69.1667 ], [ 119.7917, 69.1667 ], [ 119.375, 69.5833 ], [ 119.1667, 69.375 ], [ 118.9583, 69.5833 ], [ 118.75, 69.5833 ], [ 118.3333, 69.375 ], [ 117.7083, 69.375 ], [ 117.7083, 69.5833 ], [ 117.0833, 69.5833 ], [ 116.875, 69.5833 ], [ 116.4583, 69.5833 ], [ 116.0417, 69.5833 ], [ 115.8333, 70.0 ], [ 115.625, 70.0 ], [ 116.0417, 70.4167 ], [ 116.25, 70.625 ], [ 115.8333, 71.25 ], [ 115.4167, 71.4583 ], [ 115.4167, 71.875 ], [ 115.2083, 71.875 ], [ 114.7917, 71.875 ], [ 114.5833, 71.875 ], [ 114.375, 71.6667 ], [ 114.1667, 71.6667 ], [ 113.9583, 71.6667 ], [ 113.5417, 71.875 ], [ 113.5417, 72.5 ], [ 113.5417, 72.7083 ], [ 113.125, 72.9167 ], [ 113.125, 73.125 ], [ 113.125, 73.5417 ], [ 112.7083, 73.5417 ], [ 112.2917, 73.5417 ], [ 111.875, 73.3333 ], [ 111.6667, 73.5417 ], [ 111.6667, 73.75 ], [ 111.4583, 73.9583 ], [ 111.4583, 74.375 ], [ 111.4583, 74.5833 ], [ 111.4583, 75.0 ], [ 110.8333, 75.0 ], [ 110.625, 75.0 ], [ 110.625, 75.2083 ], [ 110.625, 75.4167 ], [ 110.4167, 75.4167 ], [ 110.625, 76.0417 ], [ 110.8333, 76.0417 ], [ 110.625, 76.6667 ], [ 110.625, 76.875 ], [ 110.2083, 77.2917 ], [ 110.0, 77.2917 ], [ 109.7917, 77.2917 ], [ 109.5833, 77.2917 ], [ 109.375, 77.2917 ], [ 109.375, 77.7083 ], [ 109.1667, 78.125 ], [ 109.1667, 78.5417 ], [ 109.375, 78.75 ], [ 109.1667, 78.9583 ], [ 109.375, 79.375 ], [ 109.1667, 79.5833 ], [ 108.75, 79.5833 ], [ 108.5417, 79.7917 ], [ 108.125, 79.375 ], [ 107.9167, 79.5833 ], [ 107.7083, 80.0 ], [ 107.5, 80.0 ], [ 107.5, 80.4167 ], [ 107.5, 80.625 ], [ 107.0833, 80.8333 ], [ 106.875, 80.8333 ], [ 106.6667, 81.0417 ], [ 106.4583, 81.0417 ], [ 106.25, 81.25 ], [ 106.0417, 81.25 ], [ 105.8333, 81.25 ], [ 105.625, 81.25 ], [ 105.625, 81.0417 ], [ 105.2083, 81.0417 ], [ 105.0, 80.8333 ], [ 104.7917, 80.8333 ], [ 104.5833, 81.4583 ], [ 104.5833, 81.875 ], [ 104.1667, 81.875 ], [ 103.9583, 81.4583 ], [ 103.75, 81.4583 ], [ 103.5417, 81.25 ], [ 103.5417, 81.0417 ], [ 102.9167, 80.8333 ], [ 102.5, 80.8333 ], [ 102.2917, 81.0417 ], [ 102.0833, 80.8333 ], [ 101.875, 81.0417 ], [ 101.6667, 81.0417 ], [ 101.4583, 81.25 ], [ 101.0417, 81.25 ], [ 100.8333, 81.0417 ], [ 100.8333, 80.8333 ], [ 100.8333, 80.4167 ], [ 100.625, 80.2083 ], [ 100.2083, 80.2083 ], [ 100.0, 80.2083 ], [ 99.5833, 80.625 ], [ 99.375, 80.625 ], [ 99.1667, 80.8333 ], [ 98.9583, 80.8333 ], [ 98.5417, 80.8333 ], [ 98.125, 80.625 ], [ 98.125, 80.4167 ], [ 97.7083, 80.4167 ], [ 97.5, 80.0 ], [ 97.2917, 80.2083 ], [ 96.875, 79.7917 ], [ 96.6667, 79.5833 ], [ 96.4583, 79.375 ], [ 96.0417, 79.375 ], [ 96.0417, 79.1667 ], [ 95.8333, 78.9583 ], [ 95.2083, 78.75 ], [ 95.4167, 78.3333 ], [ 95.4167, 78.125 ], [ 95.0, 78.125 ], [ 94.7917, 77.9167 ], [ 94.375, 78.125 ], [ 94.1667, 77.9167 ], [ 93.75, 77.9167 ], [ 93.5417, 77.9167 ], [ 93.125, 77.9167 ], [ 92.9167, 77.2917 ], [ 92.7083, 77.2917 ], [ 92.7083, 76.875 ], [ 92.5, 76.6667 ], [ 92.2917, 76.4583 ], [ 92.0833, 76.4583 ], [ 91.6667, 76.25 ], [ 91.4583, 76.0417 ], [ 91.0417, 76.0417 ], [ 90.8333, 76.25 ], [ 90.4167, 76.4583 ], [ 90.2083, 76.0417 ], [ 90.2083, 75.8333 ], [ 90.0, 75.8333 ], [ 90.0, 75.4167 ], [ 90.0, 74.7917 ], [ 90.2083, 74.5833 ], [ 90.0, 74.375 ], [ 90.2083, 74.1667 ], [ 90.0, 73.75 ], [ 90.0, 73.5417 ], [ 90.0, 73.3333 ], [ 90.0, 73.125 ], [ 89.7917, 72.9167 ], [ 89.375, 72.9167 ], [ 89.1667, 72.2917 ], [ 88.9583, 72.5 ], [ 88.75, 72.5 ], [ 88.5417, 72.7083 ], [ 88.125, 72.7083 ], [ 87.9167, 72.9167 ], [ 87.5, 72.7083 ], [ 87.5, 72.5 ], [ 87.0833, 72.2917 ], [ 87.0833, 72.0833 ], [ 86.875, 72.0833 ], [ 86.4583, 71.875 ], [ 86.4583, 71.6667 ], [ 86.4583, 71.25 ], [ 86.4583, 70.8333 ], [ 86.25, 70.625 ], [ 86.0417, 70.625 ], [ 86.0417, 70.4167 ], [ 85.625, 70.4167 ], [ 85.2083, 70.4167 ], [ 85.0, 70.2083 ], [ 85.0, 70.0 ], [ 85.0, 69.7917 ], [ 84.5833, 69.375 ], [ 84.375, 69.375 ], [ 84.1667, 69.5833 ], [ 83.75, 69.5833 ], [ 83.5417, 69.7917 ], [ 83.125, 69.5833 ], [ 82.7083, 69.375 ], [ 82.2917, 69.375 ], [ 82.0833, 69.5833 ], [ 81.875, 69.375 ], [ 81.6667, 69.375 ], [ 81.6667, 68.9583 ], [ 81.25, 68.75 ], [ 80.8333, 68.75 ], [ 80.625, 68.9583 ], [ 80.4167, 68.75 ], [ 80.0, 68.75 ], [ 79.7917, 68.75 ], [ 79.5833, 68.3333 ], [ 79.375, 68.3333 ], [ 79.1667, 68.125 ], [ 79.1667, 67.9167 ], [ 79.1667, 67.7083 ], [ 79.1667, 67.2917 ], [ 78.9583, 66.875 ], [ 78.9583, 66.6667 ], [ 78.75, 66.4583 ], [ 78.5417, 66.4583 ], [ 78.3333, 66.4583 ], [ 78.125, 66.4583 ], [ 77.9167, 66.4583 ], [ 77.7083, 66.4583 ], [ 77.5, 66.25 ], [ 77.2917, 66.25 ], [ 77.0833, 66.0417 ], [ 76.875, 66.0417 ], [ 76.6667, 65.8333 ], [ 76.4583, 65.625 ], [ 76.4583, 65.4167 ], [ 76.25, 65.4167 ], [ 76.0417, 64.7917 ], [ 75.8333, 64.7917 ], [ 75.625, 64.5833 ], [ 76.0417, 63.9583 ], [ 75.8333, 63.75 ], [ 75.8333, 63.3333 ], [ 75.8333, 63.125 ], [ 75.625, 63.125 ], [ 75.625, 62.9167 ], [ 75.625, 62.5 ], [ 75.625, 62.2917 ], [ 75.625, 61.875 ], [ 75.625, 61.4583 ], [ 75.8333, 61.25 ], [ 75.8333, 60.8333 ], [ 75.4167, 60.4167 ], [ 75.2083, 60.4167 ], [ 74.7917, 60.4167 ], [ 74.375, 60.0 ], [ 74.7917, 59.5833 ], [ 74.7917, 59.375 ], [ 74.7917, 58.9583 ], [ 74.5833, 58.9583 ], [ 74.375, 58.75 ], [ 74.375, 58.5417 ], [ 74.375, 58.125 ], [ 74.375, 57.9167 ], [ 74.5833, 57.7083 ], [ 74.5833, 57.5 ], [ 74.5833, 57.2917 ], [ 74.7917, 57.2917 ], [ 75.2083, 56.875 ], [ 75.4167, 56.6667 ], [ 75.625, 56.25 ], [ 75.8333, 55.625 ], [ 75.8333, 55.4167 ], [ 75.625, 55.2083 ], [ 75.8333, 54.7917 ], [ 75.625, 54.5833 ], [ 75.8333, 54.375 ], [ 75.8333, 54.1667 ], [ 75.625, 53.9583 ], [ 75.625, 53.75 ], [ 75.625, 53.125 ], [ 75.8333, 52.9167 ], [ 76.0417, 52.9167 ], [ 76.4583, 52.5 ], [ 76.4583, 52.0833 ], [ 76.4583, 51.875 ], [ 76.25, 51.4583 ], [ 76.0417, 51.0417 ], [ 75.4167, 50.8333 ], [ 75.4167, 50.625 ], [ 75.0, 50.2083 ], [ 75.2083, 49.7917 ], [ 75.0, 49.5833 ], [ 75.2083, 49.375 ], [ 75.0, 49.1667 ], [ 75.2083, 48.9583 ], [ 75.2083, 48.75 ], [ 75.2083, 48.5417 ], [ 75.2083, 48.3333 ], [ 75.2083, 47.9167 ], [ 75.0, 47.7083 ], [ 75.0, 47.2917 ], [ 74.7917, 47.0833 ], [ 74.7917, 46.6667 ], [ 74.7917, 46.25 ], [ 75.0, 46.0417 ], [ 75.0, 45.8333 ], [ 75.0, 45.625 ], [ 75.4167, 45.4167 ], [ 75.625, 45.4167 ], [ 75.8333, 45.0 ], [ 75.625, 44.7917 ], [ 75.4167, 44.5833 ], [ 75.4167, 44.375 ], [ 75.0, 44.1667 ], [ 75.2083, 43.9583 ], [ 75.2083, 43.75 ], [ 75.8333, 43.75 ], [ 75.8333, 43.3333 ], [ 75.8333, 43.125 ], [ 75.625, 42.9167 ], [ 75.2083, 42.7083 ], [ 75.2083, 42.2917 ], [ 75.4167, 42.0833 ], [ 75.625, 41.875 ], [ 75.8333, 41.4583 ], [ 75.625, 41.0417 ], [ 75.0, 40.8333 ], [ 75.0, 40.4167 ], [ 75.0, 40.0 ], [ 75.0, 39.7917 ], [ 75.0, 39.1667 ], [ 75.2083, 38.9583 ], [ 75.4167, 38.9583 ], [ 75.8333, 38.5417 ], [ 75.4167, 38.125 ], [ 75.625, 38.125 ], [ 75.4167, 37.7083 ], [ 75.2083, 37.5 ], [ 75.2083, 37.2917 ], [ 75.0, 37.0833 ], [ 74.7917, 36.875 ], [ 74.5833, 36.875 ], [ 74.1667, 36.875 ], [ 74.1667, 36.6667 ], [ 74.1667, 36.25 ], [ 74.1667, 35.8333 ], [ 74.1667, 35.625 ], [ 74.375, 35.4167 ], [ 74.5833, 35.2083 ], [ 75.0, 35.4167 ], [ 74.7917, 34.7917 ], [ 74.5833, 34.7917 ], [ 74.375, 34.5833 ], [ 74.1667, 34.5833 ], [ 74.1667, 34.375 ], [ 73.5417, 33.9583 ], [ 73.3333, 33.75 ], [ 73.125, 33.5417 ], [ 72.9167, 33.3333 ], [ 72.5, 33.125 ], [ 72.2917, 33.125 ], [ 72.2917, 33.3333 ], [ 71.875, 33.3333 ], [ 71.4583, 33.125 ], [ 71.0417, 33.3333 ], [ 70.8333, 33.125 ], [ 70.625, 33.3333 ], [ 70.4167, 33.3333 ], [ 70.0, 33.5417 ], [ 69.5833, 33.125 ], [ 69.1667, 32.9167 ], [ 68.9583, 32.7083 ], [ 68.75, 32.5 ], [ 68.3333, 32.7083 ], [ 67.9167, 32.5 ], [ 67.5, 32.0833 ], [ 67.5, 31.875 ], [ 67.2917, 31.4583 ], [ 67.0833, 31.4583 ], [ 66.6667, 31.875 ], [ 66.6667, 32.0833 ], [ 66.4583, 32.2917 ], [ 66.25, 32.5 ], [ 66.0417, 32.5 ], [ 65.625, 32.5 ], [ 65.4167, 32.5 ], [ 65.2083, 32.2917 ], [ 64.7917, 32.2917 ], [ 64.5833, 32.5 ], [ 64.375, 32.5 ], [ 63.9583, 32.0833 ], [ 63.9583, 31.875 ], [ 63.75, 31.4583 ], [ 63.3333, 31.0417 ], [ 62.9167, 30.625 ], [ 62.9167, 30.2083 ], [ 63.125, 30.2083 ], [ 63.5417, 30.2083 ], [ 63.5417, 29.7917 ], [ 63.125, 29.5833 ], [ 63.125, 29.375 ], [ 62.9167, 29.1667 ], [ 63.125, 28.75 ], [ 62.9167, 28.5417 ], [ 62.2917, 28.3333 ], [ 62.2917, 28.5417 ], [ 62.0833, 28.5417 ], [ 61.6667, 28.5417 ], [ 61.4583, 28.5417 ], [ 61.25, 28.3333 ], [ 61.0417, 28.3333 ], [ 60.625, 28.125 ], [ 60.4167, 28.3333 ], [ 60.0, 27.9167 ], [ 59.7917, 27.7083 ], [ 59.7917, 27.5 ], [ 59.375, 27.0833 ], [ 59.1667, 27.0833 ], [ 58.75, 27.0833 ], [ 58.75, 26.875 ], [ 58.3333, 26.6667 ], [ 58.125, 26.4583 ], [ 57.9167, 26.4583 ], [ 57.9167, 26.25 ], [ 57.5, 25.8333 ], [ 57.2917, 25.8333 ], [ 57.0833, 25.625 ], [ 56.875, 25.625 ], [ 56.6667, 25.2083 ], [ 56.875, 24.7917 ], [ 56.6667, 24.5833 ], [ 56.6667, 24.1667 ], [ 56.6667, 23.75 ], [ 56.4583, 23.5417 ], [ 56.25, 23.5417 ], [ 56.0417, 23.5417 ], [ 55.8333, 23.3333 ], [ 56.0417, 22.7083 ], [ 55.8333, 22.5 ], [ 55.8333, 22.0833 ], [ 55.8333, 21.6667 ], [ 55.8333, 21.4583 ], [ 55.8333, 21.0417 ], [ 55.4167, 21.0417 ], [ 55.2083, 20.625 ], [ 55.2083, 20.4167 ], [ 55.2083, 20.0 ], [ 55.2083, 19.7917 ], [ 55.0, 19.5833 ], [ 55.2083, 19.1667 ], [ 55.0, 18.75 ], [ 54.7917, 18.3333 ], [ 54.375, 18.125 ], [ 54.1667, 18.125 ], [ 53.9583, 18.125 ], [ 53.9583, 17.9167 ], [ 54.1667, 17.5 ], [ 54.1667, 17.2917 ], [ 54.375, 17.0833 ], [ 54.5833, 16.875 ], [ 54.5833, 16.6667 ], [ 54.375, 16.0417 ], [ 54.1667, 16.25 ], [ 53.9583, 16.0417 ], [ 53.75, 15.8333 ], [ 53.5417, 15.8333 ], [ 53.5417, 15.2083 ], [ 53.75, 15.0 ], [ 53.5417, 14.7917 ], [ 53.75, 14.5833 ], [ 53.5417, 14.375 ], [ 53.5417, 13.9583 ], [ 53.5417, 13.5417 ], [ 53.5417, 12.9167 ], [ 53.5417, 12.5 ], [ 53.9583, 12.0833 ], [ 54.5833, 12.0833 ], [ 54.5833, 12.2917 ], [ 55.0, 12.2917 ], [ 55.2083, 12.0833 ], [ 55.2083, 11.4583 ], [ 55.2083, 11.0417 ], [ 55.2083, 10.625 ], [ 55.4167, 10.4167 ], [ 55.625, 10.4167 ], [ 55.8333, 10.2083 ], [ 56.25, 10.2083 ], [ 56.875, 10.0 ], [ 57.2917, 9.7917 ], [ 57.5, 9.7917 ], [ 57.7083, 9.5833 ], [ 57.9167, 9.5833 ], [ 58.125, 9.1667 ], [ 58.5417, 9.1667 ], [ 58.75, 8.75 ], [ 59.1667, 8.75 ], [ 59.375, 8.75 ], [ 59.5833, 8.9583 ], [ 60.0, 8.9583 ], [ 60.2083, 8.3333 ], [ 60.4167, 7.9167 ], [ 60.625, 7.9167 ], [ 60.8333, 7.5 ], [ 61.25, 7.5 ], [ 61.25, 6.875 ], [ 61.4583, 6.6667 ], [ 61.6667, 6.6667 ], [ 61.875, 6.4583 ], [ 62.0833, 6.4583 ], [ 62.2917, 6.6667 ], [ 62.5, 6.4583 ], [ 62.7083, 6.6667 ], [ 62.9167, 6.875 ], [ 62.9167, 7.0833 ], [ 63.3333, 7.2917 ], [ 63.5417, 7.5 ], [ 63.75, 7.5 ], [ 64.1667, 7.5 ], [ 64.375, 7.2917 ], [ 64.5833, 7.2917 ], [ 64.7917, 7.2917 ], [ 64.7917, 7.5 ], [ 64.7917, 7.9167 ], [ 64.7917, 8.125 ], [ 65.4167, 8.125 ], [ 65.625, 8.125 ], [ 65.8333, 8.125 ], [ 66.25, 8.125 ], [ 66.6667, 8.3333 ], [ 66.875, 8.125 ], [ 67.0833, 8.3333 ], [ 67.2917, 8.3333 ], [ 67.5, 8.5417 ], [ 67.7083, 8.5417 ], [ 68.125, 8.75 ], [ 68.3333, 8.75 ], [ 68.5417, 9.1667 ], [ 68.3333, 9.1667 ], [ 68.3333, 9.5833 ], [ 68.5417, 9.7917 ], [ 68.9583, 9.5833 ], [ 69.1667, 9.5833 ], [ 69.375, 9.375 ], [ 69.5833, 9.7917 ], [ 69.5833, 10.2083 ], [ 69.7917, 10.4167 ], [ 70.0, 10.4167 ], [ 70.2083, 10.8333 ], [ 70.625, 10.8333 ], [ 70.625, 11.0417 ], [ 70.8333, 11.25 ], [ 70.8333, 11.4583 ], [ 71.0417, 11.6667 ], [ 71.0417, 11.875 ], [ 71.25, 12.0833 ], [ 71.0417, 12.2917 ], [ 71.4583, 12.7083 ], [ 71.875, 12.9167 ], [ 71.875, 13.125 ], [ 72.0833, 13.125 ], [ 72.2917, 13.3333 ], [ 72.2917, 13.5417 ], [ 72.7083, 13.75 ], [ 72.7083, 13.9583 ], [ 73.125, 14.1667 ], [ 73.3333, 14.1667 ], [ 73.5417, 14.375 ], [ 73.5417, 14.7917 ], [ 73.75, 14.7917 ], [ 73.5417, 15.2083 ], [ 73.5417, 15.4167 ], [ 73.3333, 15.8333 ], [ 73.3333, 16.25 ], [ 73.5417, 16.4583 ], [ 73.75, 16.4583 ], [ 73.9583, 16.875 ], [ 74.1667, 16.875 ], [ 74.1667, 17.5 ], [ 73.9583, 17.5 ], [ 73.75, 17.5 ], [ 73.5417, 17.7083 ], [ 73.125, 17.9167 ], [ 73.3333, 18.125 ], [ 73.3333, 18.3333 ], [ 73.3333, 18.5417 ], [ 73.3333, 18.9583 ], [ 73.5417, 19.1667 ], [ 73.5417, 19.375 ], [ 73.5417, 19.5833 ], [ 74.1667, 19.5833 ], [ 74.1667, 19.7917 ], [ 74.5833, 19.5833 ], [ 74.5833, 19.7917 ], [ 74.7917, 19.7917 ], [ 75.2083, 19.5833 ], [ 75.2083, 19.375 ], [ 75.4167, 18.9583 ], [ 75.625, 18.9583 ], [ 75.8333, 19.1667 ], [ 76.0417, 19.375 ], [ 76.4583, 19.375 ], [ 76.6667, 19.1667 ], [ 76.875, 18.9583 ], [ 77.0833, 18.75 ], [ 77.5, 18.75 ], [ 77.7083, 18.75 ], [ 78.3333, 18.75 ], [ 78.3333, 18.9583 ], [ 78.75, 18.9583 ], [ 78.9583, 18.75 ], [ 79.375, 18.75 ], [ 79.5833, 18.75 ], [ 79.7917, 18.75 ], [ 80.0, 19.1667 ], [ 80.4167, 19.1667 ], [ 80.4167, 19.375 ], [ 81.0417, 19.1667 ], [ 81.0417, 19.375 ], [ 81.6667, 19.375 ], [ 81.6667, 19.1667 ], [ 82.0833, 18.75 ], [ 82.2917, 18.75 ], [ 82.5, 19.1667 ], [ 82.9167, 19.5833 ], [ 83.125, 19.375 ], [ 83.3333, 19.7917 ], [ 83.5417, 19.7917 ], [ 83.75, 19.7917 ], [ 84.375, 19.5833 ], [ 84.5833, 19.5833 ], [ 84.5833, 19.375 ], [ 85.0, 19.1667 ], [ 85.2083, 18.75 ], [ 85.625, 18.5417 ], [ 85.8333, 18.5417 ], [ 86.0417, 18.5417 ], [ 86.0417, 18.125 ], [ 86.0417, 17.9167 ], [ 86.0417, 17.5 ], [ 86.25, 17.5 ], [ 86.4583, 17.2917 ], [ 86.6667, 17.5 ], [ 87.0833, 17.5 ], [ 87.2917, 17.0833 ], [ 87.7083, 16.6667 ], [ 88.125, 16.875 ], [ 88.125, 17.2917 ], [ 87.9167, 17.5 ], [ 87.9167, 17.9167 ], [ 87.7083, 18.125 ], [ 87.9167, 18.5417 ], [ 87.9167, 18.9583 ], [ 88.125, 18.9583 ], [ 88.5417, 18.9583 ], [ 88.75, 18.5417 ], [ 88.5417, 17.9167 ], [ 88.75, 17.9167 ], [ 88.5417, 17.2917 ], [ 88.5417, 17.0833 ], [ 88.9583, 17.2917 ], [ 89.1667, 16.875 ], [ 89.5833, 16.875 ], [ 89.7917, 16.6667 ], [ 90.2083, 16.6667 ], [ 90.4167, 16.6667 ], [ 90.625, 16.6667 ], [ 90.8333, 16.4583 ], [ 91.25, 16.4583 ], [ 91.4583, 16.25 ], [ 91.6667, 16.4583 ], [ 91.875, 16.25 ], [ 92.2917, 16.0417 ], [ 92.2917, 15.625 ], [ 92.7083, 15.625 ], [ 92.9167, 15.8333 ], [ 93.3333, 16.25 ], [ 93.125, 16.4583 ], [ 93.5417, 16.6667 ], [ 93.9583, 16.4583 ], [ 94.375, 16.4583 ], [ 95.0, 16.4583 ], [ 95.2083, 16.6667 ], [ 95.625, 16.6667 ], [ 95.625, 16.0417 ], [ 96.0417, 15.8333 ], [ 96.25, 15.8333 ], [ 96.4583, 15.8333 ], [ 96.875, 15.625 ], [ 97.2917, 15.8333 ], [ 97.2917, 15.625 ], [ 97.5, 15.8333 ], [ 97.7083, 15.625 ], [ 97.9167, 15.8333 ], [ 98.125, 15.8333 ], [ 98.3333, 15.8333 ], [ 98.9583, 15.4167 ], [ 99.1667, 15.625 ], [ 99.375, 15.625 ], [ 99.5833, 15.625 ], [ 100.0, 15.625 ], [ 99.7917, 15.0 ], [ 100.4167, 15.2083 ], [ 100.4167, 15.4167 ], [ 100.8333, 15.625 ], [ 100.8333, 16.25 ], [ 101.0417, 16.4583 ], [ 101.25, 16.4583 ], [ 101.875, 16.6667 ], [ 102.5, 16.4583 ], [ 102.9167, 16.4583 ], [ 103.125, 16.0417 ], [ 103.3333, 15.8333 ], [ 103.5417, 15.625 ], [ 103.75, 15.2083 ], [ 103.9583, 15.0 ], [ 103.9583, 14.7917 ], [ 104.375, 14.375 ], [ 104.5833, 14.375 ], [ 104.7917, 14.375 ], [ 105.0, 14.375 ], [ 105.4167, 14.1667 ], [ 105.2083, 13.75 ], [ 105.4167, 13.5417 ], [ 105.2083, 13.3333 ], [ 105.2083, 13.125 ], [ 105.8333, 13.125 ], [ 106.0417, 13.125 ], [ 106.4583, 13.3333 ], [ 106.6667, 13.3333 ], [ 106.875, 13.125 ], [ 107.2917, 12.9167 ], [ 107.7083, 12.7083 ], [ 107.7083, 12.5 ], [ 108.3333, 12.5 ], [ 108.3333, 12.0833 ], [ 108.3333, 11.6667 ], [ 108.3333, 11.25 ], [ 108.125, 11.25 ], [ 108.125, 10.8333 ], [ 108.3333, 10.625 ], [ 108.3333, 10.4167 ], [ 108.5417, 10.2083 ], [ 108.5417, 9.7917 ], [ 108.9583, 9.5833 ], [ 108.9583, 9.375 ], [ 109.1667, 9.1667 ], [ 109.1667, 8.75 ], [ 109.1667, 8.5417 ], [ 109.1667, 8.3333 ], [ 108.9583, 7.9167 ], [ 109.1667, 7.5 ], [ 109.7917, 7.5 ], [ 110.2083, 7.7083 ], [ 110.4167, 7.7083 ], [ 110.8333, 7.7083 ], [ 111.0417, 7.2917 ], [ 110.8333, 6.875 ], [ 110.625, 6.875 ], [ 110.625, 6.4583 ], [ 111.0417, 6.0417 ], [ 111.25, 6.0417 ], [ 111.25, 6.25 ], [ 111.6667, 6.25 ], [ 111.875, 6.4583 ], [ 112.5, 6.25 ], [ 112.5, 6.0417 ], [ 112.5, 5.8333 ], [ 112.2917, 5.4167 ], [ 112.2917, 5.0 ], [ 112.0833, 4.7917 ], [ 111.875, 4.7917 ], [ 111.4583, 4.5833 ], [ 111.4583, 4.1667 ], [ 111.25, 3.75 ], [ 111.25, 3.5417 ], [ 111.25, 3.3333 ], [ 111.0417, 3.3333 ], [ 111.0417, 2.7083 ], [ 110.8333, 2.7083 ], [ 110.625, 2.0833 ], [ 110.4167, 2.0833 ], [ 110.2083, 1.875 ], [ 110.0, 1.875 ], [ 109.7917, 1.6667 ], [ 109.375, 1.6667 ], [ 109.375, 1.875 ], [ 109.5833, 2.2917 ], [ 109.7917, 2.7083 ], [ 109.7917, 2.9167 ], [ 109.1667, 3.125 ], [ 109.1667, 2.9167 ], [ 108.75, 3.125 ], [ 108.5417, 3.125 ], [ 108.5417, 2.9167 ], [ 107.9167, 2.9167 ], [ 107.7083, 2.5 ], [ 107.5, 2.2917 ], [ 107.0833, 2.2917 ], [ 106.875, 2.0833 ], [ 106.4583, 2.0833 ], [ 105.625, 2.2917 ], [ 105.2083, 2.2917 ], [ 105.0, 2.2917 ], [ 104.7917, 2.2917 ], [ 104.375, 2.2917 ], [ 104.1667, 2.0833 ], [ 103.9583, 2.0833 ], [ 103.75, 2.0833 ], [ 103.5417, 2.0833 ], [ 103.3333, 1.875 ], [ 103.125, 1.875 ], [ 102.7083, 1.875 ], [ 102.5, 1.6667 ], [ 102.2917, 1.6667 ], [ 102.0833, 1.875 ], [ 101.6667, 2.0833 ], [ 101.4583, 2.0833 ], [ 101.4583, 1.875 ], [ 101.4583, 1.6667 ], [ 101.6667, 1.25 ], [ 101.6667, 1.0417 ], [ 101.0417, 0.8333 ], [ 101.0417, 0.625 ], [ 100.4167, 0.625 ], [ 100.2083, 0.2083 ], [ 100.2083, 0.0 ], [ 99.5833, -0.2083 ], [ 99.375, -0.2083 ], [ 99.1667, -0.2083 ], [ 98.9583, -0.2083 ], [ 98.5417, 0.0 ], [ 98.125, 0.0 ], [ 98.125, 0.2083 ], [ 97.7083, 0.2083 ], [ 97.5, 0.625 ], [ 97.0833, 0.4167 ], [ 96.875, 0.2083 ], [ 96.6667, 0.2083 ], [ 96.25, 0.2083 ], [ 96.0417, 0.8333 ], [ 96.0417, 1.0417 ], [ 95.8333, 1.25 ], [ 95.625, 1.25 ], [ 95.2083, 1.25 ], [ 95.0, 1.0417 ], [ 94.375, 0.8333 ], [ 94.1667, 0.625 ], [ 93.75, 0.625 ], [ 93.5417, 0.8333 ], [ 92.9167, 0.4167 ], [ 92.9167, 0.2083 ], [ 92.5, 0.0 ], [ 92.0833, 0.4167 ], [ 91.875, 0.625 ], [ 91.4583, 0.625 ], [ 91.25, 0.625 ], [ 90.8333, 0.2083 ], [ 90.625, -0.2083 ], [ 90.4167, -0.4167 ], [ 90.2083, -0.4167 ], [ 89.7917, -0.625 ], [ 89.1667, -0.8333 ], [ 88.9583, -0.8333 ], [ 88.5417, -0.4167 ], [ 88.5417, -0.2083 ], [ 88.125, 0.0 ], [ 87.9167, -0.4167 ], [ 87.2917, -0.625 ], [ 86.875, -0.2083 ], [ 86.4583, -0.4167 ], [ 86.25, -0.4167 ], [ 86.0417, -0.4167 ], [ 85.8333, -0.2083 ], [ 85.4167, -0.4167 ], [ 85.2083, -0.2083 ], [ 85.0, 0.0 ], [ 85.0, 0.2083 ], [ 84.5833, 0.2083 ], [ 84.1667, -0.2083 ], [ 84.1667, -0.625 ], [ 84.375, -0.8333 ], [ 84.375, -1.25 ], [ 84.375, -1.4583 ], [ 84.1667, -1.6667 ], [ 83.9583, -1.6667 ], [ 83.5417, -1.4583 ], [ 83.125, -1.6667 ], [ 83.125, -2.0833 ], [ 83.125, -2.5 ], [ 83.125, -2.7083 ], [ 83.125, -2.9167 ], [ 83.125, -3.125 ], [ 82.9167, -3.3333 ], [ 82.9167, -3.75 ], [ 82.7083, -3.75 ], [ 82.5, -4.375 ], [ 82.7083, -4.5833 ], [ 82.9167, -4.7917 ], [ 83.3333, -5.0 ], [ 83.5417, -5.2083 ], [ 83.3333, -5.625 ], [ 83.125, -5.8333 ], [ 83.125, -6.0417 ], [ 83.125, -6.4583 ], [ 83.3333, -6.6667 ], [ 83.3333, -7.0833 ], [ 83.3333, -7.2917 ], [ 82.9167, -7.5 ], [ 82.5, -7.2917 ], [ 82.0833, -7.2917 ], [ 81.875, -7.2917 ], [ 81.6667, -7.5 ], [ 81.25, -7.7083 ], [ 80.8333, -7.5 ], [ 81.0417, -7.0833 ], [ 80.4167, -7.0833 ], [ 80.0, -7.0833 ], [ 79.7917, -6.6667 ], [ 79.5833, -6.6667 ], [ 79.375, -6.4583 ], [ 78.9583, -6.4583 ], [ 78.9583, -6.25 ], [ 78.5417, -6.25 ], [ 78.3333, -6.25 ], [ 78.125, -5.8333 ], [ 78.125, -5.625 ], [ 78.125, -5.4167 ], [ 78.125, -5.2083 ], [ 78.125, -5.0 ], [ 77.9167, -4.5833 ], [ 77.9167, -4.375 ], [ 77.7083, -4.5833 ], [ 77.2917, -4.1667 ], [ 76.875, -3.75 ], [ 76.6667, -3.75 ], [ 76.25, -3.9583 ], [ 76.25, -4.1667 ], [ 75.8333, -4.1667 ], [ 75.4167, -4.5833 ], [ 75.0, -4.5833 ], [ 74.7917, -4.1667 ], [ 74.375, -4.1667 ], [ 74.1667, -3.9583 ], [ 74.1667, -3.5417 ], [ 74.1667, -3.3333 ], [ 73.9583, -3.125 ], [ 73.5417, -3.125 ], [ 73.3333, -3.125 ], [ 72.9167, -3.125 ], [ 72.7083, -2.7083 ], [ 72.2917, -2.5 ], [ 72.0833, -2.5 ], [ 72.0833, -2.7083 ], [ 71.6667, -3.125 ], [ 71.4583, -3.125 ], [ 71.25, -3.125 ], [ 70.8333, -3.3333 ], [ 70.625, -3.3333 ], [ 70.2083, -3.3333 ], [ 69.5833, -3.125 ], [ 69.5833, -2.9167 ], [ 69.375, -2.2917 ], [ 69.375, -2.0833 ], [ 68.9583, -2.0833 ], [ 68.75, -2.5 ], [ 68.3333, -2.2917 ], [ 67.9167, -2.5 ], [ 67.7083, -2.5 ], [ 67.2917, -2.5 ], [ 67.0833, -2.0833 ], [ 67.2917, -1.875 ], [ 67.0833, -1.6667 ], [ 66.875, -1.4583 ], [ 66.6667, -1.4583 ], [ 66.4583, -1.25 ], [ 66.25, -0.8333 ], [ 65.625, -1.0417 ], [ 65.4167, -0.8333 ], [ 65.2083, -1.0417 ], [ 64.7917, -0.625 ], [ 64.5833, -0.625 ], [ 64.1667, -0.4167 ], [ 63.75, 0.0 ], [ 63.5417, -0.2083 ], [ 63.5417, -0.8333 ], [ 63.3333, -0.8333 ], [ 62.9167, -0.8333 ], [ 62.7083, -0.625 ], [ 62.5, -0.2083 ], [ 62.2917, 0.2083 ], [ 62.2917, 0.4167 ], [ 62.0833, 0.625 ], [ 62.0833, 0.8333 ], [ 61.875, 1.0417 ], [ 61.6667, 1.4583 ], [ 61.6667, 1.6667 ], [ 61.0417, 1.4583 ], [ 61.0417, 1.25 ], [ 60.8333, 1.0417 ], [ 60.4167, 1.25 ], [ 60.4167, 1.4583 ], [ 60.0, 1.6667 ], [ 59.7917, 1.4583 ], [ 59.5833, 1.4583 ], [ 59.1667, 1.6667 ], [ 59.1667, 1.875 ], [ 59.5833, 2.2917 ], [ 60.0, 2.7083 ], [ 59.7917, 2.9167 ], [ 59.7917, 3.125 ], [ 59.5833, 3.3333 ], [ 59.375, 3.75 ], [ 59.1667, 3.75 ], [ 58.9583, 3.75 ], [ 58.75, 3.75 ], [ 58.5417, 3.75 ], [ 58.3333, 4.1667 ], [ 58.3333, 4.375 ], [ 58.5417, 4.5833 ], [ 58.9583, 4.7917 ], [ 58.9583, 5.0 ], [ 58.75, 5.2083 ], [ 58.5417, 5.2083 ], [ 58.3333, 5.625 ], [ 57.9167, 5.8333 ], [ 57.9167, 5.625 ], [ 57.5, 5.8333 ], [ 57.2917, 5.625 ], [ 56.875, 5.8333 ], [ 56.4583, 6.0417 ], [ 56.25, 6.25 ], [ 55.8333, 6.0417 ], [ 55.8333, 5.4167 ], [ 55.4167, 5.4167 ], [ 55.0, 5.2083 ], [ 54.7917, 5.4167 ], [ 54.5833, 5.4167 ], [ 54.375, 5.0 ], [ 54.375, 4.7917 ], [ 54.1667, 4.375 ], [ 54.1667, 4.1667 ], [ 53.75, 3.9583 ] ], [ [ 53.75, -3.5417 ], [ 53.75, -3.75 ], [ 54.1667, -3.75 ], [ 54.375, -3.5417 ], [ 54.1667, -3.125 ], [ 53.75, -2.9167 ], [ 53.5417, -3.125 ], [ 53.75, -3.5417 ] ], [ [ 20.2083, 30.2083 ], [ 19.7917, 30.0 ], [ 20.0, 29.5833 ], [ 20.4167, 29.5833 ], [ 20.625, 29.5833 ], [ 20.625, 29.1667 ], [ 20.625, 28.75 ], [ 20.625, 28.3333 ], [ 20.4167, 28.125 ], [ 20.4167, 27.9167 ], [ 20.4167, 27.7083 ], [ 20.2083, 27.5 ], [ 20.4167, 27.0833 ], [ 20.625, 26.875 ], [ 20.8333, 27.0833 ], [ 21.25, 27.0833 ], [ 21.6667, 27.0833 ], [ 22.0833, 27.2917 ], [ 22.2917, 27.2917 ], [ 22.9167, 27.0833 ], [ 23.3333, 27.0833 ], [ 23.5417, 27.0833 ], [ 23.5417, 27.2917 ], [ 23.5417, 27.7083 ], [ 23.5417, 27.9167 ], [ 23.5417, 28.3333 ], [ 23.3333, 28.5417 ], [ 23.5417, 28.75 ], [ 23.3333, 29.1667 ], [ 23.125, 29.5833 ], [ 23.3333, 30.0 ], [ 23.5417, 30.625 ], [ 23.75, 31.0417 ], [ 23.9583, 31.0417 ], [ 24.1667, 31.25 ], [ 24.375, 31.25 ], [ 24.5833, 31.4583 ], [ 24.7917, 31.4583 ], [ 25.0, 31.4583 ], [ 25.2083, 31.4583 ], [ 25.4167, 31.6667 ], [ 25.625, 31.6667 ], [ 25.8333, 31.875 ], [ 26.0417, 31.875 ], [ 26.25, 31.4583 ], [ 26.25, 31.0417 ], [ 26.4583, 31.0417 ], [ 26.875, 31.0417 ], [ 27.5, 31.0417 ], [ 27.7083, 31.0417 ], [ 28.125, 31.0417 ], [ 28.5417, 30.8333 ], [ 28.9583, 30.8333 ], [ 29.375, 30.8333 ], [ 29.5833, 30.8333 ], [ 30.0, 31.0417 ], [ 30.0, 31.25 ], [ 30.2083, 31.25 ], [ 30.0, 31.6667 ], [ 30.4167, 31.875 ], [ 30.625, 32.0833 ], [ 30.625, 31.875 ], [ 31.0417, 32.0833 ], [ 31.0417, 31.875 ], [ 31.6667, 32.0833 ], [ 31.875, 31.875 ], [ 32.2917, 32.0833 ], [ 32.2917, 32.5 ], [ 32.5, 32.7083 ], [ 32.7083, 32.9167 ], [ 32.5, 33.3333 ], [ 32.5, 33.75 ], [ 32.7083, 33.9583 ], [ 33.125, 34.1667 ], [ 32.9167, 34.7917 ], [ 32.7083, 35.2083 ], [ 33.125, 35.625 ], [ 33.3333, 35.4167 ], [ 33.5417, 35.8333 ], [ 33.5417, 36.0417 ], [ 33.75, 36.25 ], [ 33.9583, 36.25 ], [ 34.1667, 36.4583 ], [ 34.375, 36.4583 ], [ 34.7917, 36.6667 ], [ 35.2083, 37.0833 ], [ 35.4167, 37.5 ], [ 35.625, 37.5 ], [ 35.8333, 37.7083 ], [ 35.8333, 38.125 ], [ 35.8333, 38.3333 ], [ 35.625, 38.75 ], [ 35.625, 38.9583 ], [ 35.0, 39.375 ], [ 34.5833, 39.375 ], [ 34.375, 39.375 ], [ 33.9583, 39.7917 ], [ 33.75, 40.0 ], [ 33.3333, 40.2083 ], [ 33.3333, 40.625 ], [ 33.125, 40.625 ], [ 32.9167, 40.625 ], [ 32.5, 40.625 ], [ 32.2917, 40.0 ], [ 32.0833, 40.0 ], [ 31.875, 39.7917 ], [ 31.4583, 39.7917 ], [ 31.25, 39.5833 ], [ 30.8333, 39.1667 ], [ 31.0417, 38.75 ], [ 31.0417, 38.3333 ], [ 31.25, 38.125 ], [ 31.25, 37.7083 ], [ 31.0417, 37.5 ], [ 31.0417, 37.2917 ], [ 31.25, 36.6667 ], [ 31.0417, 36.4583 ], [ 31.0417, 36.25 ], [ 30.8333, 36.0417 ], [ 30.625, 35.625 ], [ 30.2083, 35.625 ], [ 30.0, 35.625 ], [ 30.2083, 35.8333 ], [ 29.7917, 36.0417 ], [ 29.5833, 36.0417 ], [ 29.1667, 36.4583 ], [ 29.1667, 36.25 ], [ 28.75, 36.25 ], [ 28.3333, 36.0417 ], [ 28.5417, 35.8333 ], [ 28.3333, 35.625 ], [ 28.125, 35.4167 ], [ 28.125, 35.0 ], [ 27.9167, 34.7917 ], [ 27.9167, 34.5833 ], [ 27.7083, 34.375 ], [ 27.0833, 34.1667 ], [ 27.0833, 33.9583 ], [ 26.875, 33.9583 ], [ 26.4583, 33.9583 ], [ 26.25, 33.9583 ], [ 26.0417, 33.9583 ], [ 25.8333, 33.9583 ], [ 25.625, 33.9583 ], [ 25.625, 34.5833 ], [ 25.2083, 34.5833 ], [ 24.7917, 34.5833 ], [ 24.5833, 34.5833 ], [ 24.375, 34.5833 ], [ 24.1667, 34.5833 ], [ 23.9583, 34.5833 ], [ 23.75, 34.5833 ], [ 23.5417, 34.375 ], [ 23.3333, 34.1667 ], [ 23.3333, 33.9583 ], [ 22.7083, 33.9583 ], [ 22.5, 34.1667 ], [ 22.2917, 34.1667 ], [ 22.0833, 34.375 ], [ 21.6667, 34.375 ], [ 21.4583, 34.375 ], [ 21.4583, 33.9583 ], [ 21.6667, 33.75 ], [ 21.6667, 33.5417 ], [ 21.25, 33.125 ], [ 21.4583, 33.125 ], [ 21.0417, 32.7083 ], [ 21.25, 32.5 ], [ 21.0417, 32.0833 ], [ 20.8333, 31.875 ], [ 20.625, 31.6667 ], [ 20.625, 31.0417 ], [ 20.4167, 30.8333 ], [ 20.2083, 30.625 ], [ 20.2083, 30.2083 ] ], [ [ 18.9583, 26.4583 ], [ 18.5417, 26.25 ], [ 18.125, 26.0417 ], [ 17.7083, 25.8333 ], [ 17.5, 25.8333 ], [ 17.0833, 25.4167 ], [ 17.2917, 25.2083 ], [ 17.2917, 25.0 ], [ 17.0833, 24.5833 ], [ 16.875, 24.5833 ], [ 16.6667, 24.5833 ], [ 16.6667, 24.1667 ], [ 16.875, 23.9583 ], [ 16.6667, 23.75 ], [ 16.875, 23.3333 ], [ 17.0833, 22.9167 ], [ 17.5, 22.5 ], [ 17.9167, 22.5 ], [ 18.5417, 22.7083 ], [ 18.9583, 22.7083 ], [ 19.1667, 23.125 ], [ 18.9583, 23.3333 ], [ 19.375, 23.75 ], [ 19.5833, 23.9583 ], [ 19.7917, 23.9583 ], [ 20.2083, 24.1667 ], [ 20.2083, 24.375 ], [ 20.625, 24.5833 ], [ 20.4167, 25.0 ], [ 20.2083, 25.2083 ], [ 20.2083, 25.4167 ], [ 20.2083, 25.625 ], [ 20.2083, 25.8333 ], [ 20.4167, 26.0417 ], [ 20.0, 26.4583 ], [ 19.5833, 26.4583 ], [ 19.1667, 26.6667 ], [ 18.9583, 26.4583 ] ], [ [ 27.0833, 3.5417 ], [ 27.2917, 3.75 ], [ 27.0833, 3.9583 ], [ 26.4583, 3.9583 ], [ 26.4583, 3.75 ], [ 26.875, 3.5417 ], [ 27.0833, 3.5417 ] ], [ [ 25.4167, -5.8333 ], [ 25.0, -5.625 ], [ 24.7917, -5.625 ], [ 24.375, -5.2083 ], [ 24.1667, -5.2083 ], [ 23.75, -5.625 ], [ 23.5417, -5.625 ], [ 23.3333, -5.625 ], [ 23.125, -5.625 ], [ 22.5, -5.8333 ], [ 22.2917, -6.0417 ], [ 22.0833, -6.0417 ], [ 21.875, -5.8333 ], [ 21.875, -5.625 ], [ 21.25, -5.625 ], [ 21.25, -5.4167 ], [ 20.8333, -5.4167 ], [ 20.8333, -5.2083 ], [ 20.4167, -5.2083 ], [ 20.2083, -5.4167 ], [ 20.0, -5.2083 ], [ 19.7917, -5.2083 ], [ 19.5833, -5.625 ], [ 19.1667, -6.0417 ], [ 18.9583, -6.0417 ], [ 18.75, -6.25 ], [ 18.5417, -6.25 ], [ 18.3333, -6.4583 ], [ 17.9167, -6.6667 ], [ 17.5, -6.25 ], [ 17.5, -6.0417 ], [ 17.2917, -5.8333 ], [ 17.0833, -5.8333 ], [ 16.6667, -6.0417 ], [ 16.25, -6.25 ], [ 15.625, -6.6667 ], [ 15.4167, -6.4583 ], [ 15.2083, -6.4583 ], [ 14.7917, -6.6667 ], [ 13.9583, -6.875 ], [ 14.1667, -7.2917 ], [ 14.375, -7.2917 ], [ 14.5833, -7.7083 ], [ 14.1667, -7.9167 ], [ 13.75, -7.9167 ], [ 13.5417, -7.9167 ], [ 13.3333, -7.9167 ], [ 13.125, -7.9167 ], [ 12.7083, -8.3333 ], [ 12.2917, -8.3333 ], [ 12.0833, -8.5417 ], [ 12.0833, -8.75 ], [ 11.875, -9.375 ], [ 11.875, -9.7917 ], [ 11.875, -10.0 ], [ 11.4583, -10.2083 ], [ 11.4583, -10.4167 ], [ 11.0417, -10.8333 ], [ 10.8333, -11.0417 ], [ 10.625, -11.0417 ], [ 10.625, -11.25 ], [ 10.625, -11.4583 ], [ 10.625, -11.6667 ], [ 10.625, -11.875 ], [ 10.4167, -12.0833 ], [ 10.2083, -12.5 ], [ 10.0, -12.7083 ], [ 10.0, -13.125 ], [ 10.4167, -13.3333 ], [ 10.625, -13.3333 ], [ 10.4167, -13.5417 ], [ 10.2083, -13.75 ], [ 9.7917, -13.75 ], [ 9.5833, -13.9583 ], [ 9.5833, -14.1667 ], [ 9.5833, -14.375 ], [ 9.7917, -15.0 ], [ 9.5833, -15.2083 ], [ 9.375, -15.4167 ], [ 8.9583, -15.4167 ], [ 8.9583, -15.8333 ], [ 9.1667, -16.0417 ], [ 9.1667, -16.6667 ], [ 9.1667, -17.0833 ], [ 9.375, -17.2917 ], [ 9.375, -17.7083 ], [ 9.5833, -17.7083 ], [ 9.7917, -18.125 ], [ 9.7917, -18.3333 ], [ 10.4167, -18.5417 ], [ 10.4167, -18.75 ], [ 10.8333, -18.9583 ], [ 11.0417, -19.1667 ], [ 11.25, -19.1667 ], [ 11.4583, -19.1667 ], [ 11.4583, -18.9583 ], [ 11.875, -18.9583 ], [ 12.2917, -18.75 ], [ 12.2917, -18.5417 ], [ 12.0833, -18.3333 ], [ 12.2917, -17.9167 ], [ 12.0833, -17.5 ], [ 12.9167, -17.7083 ], [ 13.3333, -17.7083 ], [ 13.5417, -17.5 ], [ 13.75, -17.5 ], [ 14.1667, -17.7083 ], [ 14.5833, -17.5 ], [ 14.7917, -17.7083 ], [ 15.2083, -17.5 ], [ 15.0, -17.2917 ], [ 15.4167, -16.875 ], [ 15.625, -16.875 ], [ 16.0417, -16.6667 ], [ 16.25, -16.875 ], [ 16.4583, -16.6667 ], [ 16.875, -16.875 ], [ 17.0833, -16.875 ], [ 17.2917, -17.0833 ], [ 17.2917, -17.5 ], [ 16.6667, -17.5 ], [ 16.6667, -17.7083 ], [ 16.25, -17.7083 ], [ 16.0417, -18.125 ], [ 16.25, -18.5417 ], [ 16.4583, -18.75 ], [ 16.6667, -18.5417 ], [ 16.875, -18.5417 ], [ 17.0833, -18.125 ], [ 17.2917, -18.125 ], [ 17.7083, -17.9167 ], [ 17.7083, -17.7083 ], [ 17.9167, -17.7083 ], [ 18.125, -17.9167 ], [ 17.9167, -18.5417 ], [ 18.3333, -18.5417 ], [ 18.5417, -18.75 ], [ 18.5417, -18.9583 ], [ 18.3333, -19.1667 ], [ 18.125, -19.5833 ], [ 17.9167, -19.7917 ], [ 17.9167, -20.2083 ], [ 18.125, -20.4167 ], [ 18.125, -20.8333 ], [ 17.9167, -21.0417 ], [ 17.9167, -21.6667 ], [ 18.125, -22.0833 ], [ 18.3333, -22.0833 ], [ 18.75, -22.5 ], [ 18.75, -22.7083 ], [ 18.75, -23.125 ], [ 18.5417, -23.3333 ], [ 18.5417, -23.75 ], [ 18.3333, -23.9583 ], [ 18.3333, -24.375 ], [ 18.5417, -24.375 ], [ 18.9583, -24.1667 ], [ 19.1667, -24.375 ], [ 19.375, -24.1667 ], [ 19.5833, -24.375 ], [ 19.5833, -24.7917 ], [ 19.1667, -24.7917 ], [ 18.9583, -25.0 ], [ 18.75, -25.0 ], [ 18.75, -25.2083 ], [ 18.75, -25.625 ], [ 18.9583, -26.0417 ], [ 19.1667, -26.0417 ], [ 19.5833, -26.25 ], [ 19.5833, -26.6667 ], [ 19.7917, -26.875 ], [ 20.0, -26.875 ], [ 20.4167, -26.6667 ], [ 20.625, -26.875 ], [ 21.0417, -26.6667 ], [ 21.25, -26.6667 ], [ 21.6667, -26.6667 ], [ 22.0833, -26.875 ], [ 22.2917, -27.2917 ], [ 22.5, -27.5 ], [ 22.7083, -27.0833 ], [ 22.7083, -26.6667 ], [ 22.9167, -26.4583 ], [ 23.3333, -26.4583 ], [ 23.75, -25.8333 ], [ 23.9583, -26.0417 ], [ 24.375, -26.0417 ], [ 24.375, -25.8333 ], [ 24.5833, -25.2083 ], [ 25.0, -25.0 ], [ 25.0, -24.7917 ], [ 24.7917, -24.5833 ], [ 24.7917, -24.375 ], [ 24.7917, -23.9583 ], [ 24.7917, -23.75 ], [ 25.0, -23.3333 ], [ 25.4167, -22.9167 ], [ 25.625, -22.9167 ], [ 26.0417, -22.5 ], [ 26.25, -22.0833 ], [ 26.6667, -21.6667 ], [ 26.6667, -21.4583 ], [ 26.6667, -21.25 ], [ 26.6667, -21.0417 ], [ 26.875, -20.8333 ], [ 26.875, -20.4167 ], [ 27.2917, -20.2083 ], [ 27.2917, -19.7917 ], [ 27.0833, -19.7917 ], [ 26.6667, -19.7917 ], [ 26.25, -19.5833 ], [ 26.25, -19.375 ], [ 26.0417, -19.1667 ], [ 26.0417, -18.9583 ], [ 25.8333, -18.75 ], [ 25.8333, -18.5417 ], [ 25.625, -18.3333 ], [ 25.2083, -18.125 ], [ 24.7917, -17.9167 ], [ 24.1667, -18.125 ], [ 24.1667, -18.3333 ], [ 23.9583, -18.3333 ], [ 23.5417, -18.3333 ], [ 23.3333, -17.9167 ], [ 23.125, -17.7083 ], [ 22.9167, -17.9167 ], [ 22.5, -18.3333 ], [ 22.2917, -18.125 ], [ 22.2917, -17.7083 ], [ 22.2917, -17.5 ], [ 22.2917, -17.2917 ], [ 22.0833, -17.0833 ], [ 21.875, -16.6667 ], [ 21.875, -16.25 ], [ 21.6667, -16.0417 ], [ 21.4583, -15.625 ], [ 21.25, -15.2083 ], [ 21.0417, -15.2083 ], [ 20.8333, -15.2083 ], [ 20.625, -15.2083 ], [ 20.2083, -15.2083 ], [ 20.0, -15.2083 ], [ 19.5833, -15.0 ], [ 19.7917, -14.375 ], [ 19.5833, -14.375 ], [ 19.7917, -14.1667 ], [ 20.0, -13.9583 ], [ 20.0, -13.75 ], [ 20.4167, -13.5417 ], [ 20.4167, -13.3333 ], [ 20.625, -13.125 ], [ 20.4167, -12.9167 ], [ 20.625, -12.2917 ], [ 20.8333, -12.2917 ], [ 21.25, -12.7083 ], [ 21.4583, -12.7083 ], [ 21.4583, -13.125 ], [ 21.6667, -13.5417 ], [ 21.875, -13.9583 ], [ 22.0833, -14.375 ], [ 22.2917, -14.5833 ], [ 22.7083, -14.5833 ], [ 22.7083, -14.375 ], [ 23.125, -13.9583 ], [ 23.3333, -13.9583 ], [ 23.75, -13.9583 ], [ 23.75, -13.75 ], [ 24.1667, -13.75 ], [ 24.375, -13.3333 ], [ 24.375, -13.125 ], [ 24.7917, -12.9167 ], [ 24.7917, -12.7083 ], [ 25.0, -12.7083 ], [ 25.2083, -12.2917 ], [ 25.625, -12.2917 ], [ 26.0417, -12.2917 ], [ 26.25, -12.2917 ], [ 26.4583, -12.2917 ], [ 26.4583, -12.9167 ], [ 26.4583, -13.3333 ], [ 26.6667, -13.5417 ], [ 26.875, -13.75 ], [ 26.875, -14.375 ], [ 27.0833, -14.375 ], [ 26.875, -14.7917 ], [ 27.0833, -15.0 ], [ 27.0833, -15.625 ], [ 27.0833, -16.0417 ], [ 27.5, -16.25 ], [ 27.9167, -16.25 ], [ 28.3333, -16.0417 ], [ 28.5417, -15.8333 ], [ 28.75, -15.4167 ], [ 28.75, -15.0 ], [ 28.75, -14.7917 ], [ 28.75, -14.5833 ], [ 28.5417, -14.1667 ], [ 28.3333, -14.1667 ], [ 27.9167, -14.1667 ], [ 27.7083, -13.5417 ], [ 28.125, -13.3333 ], [ 28.5417, -13.125 ], [ 28.5417, -13.3333 ], [ 28.75, -13.125 ], [ 29.375, -13.125 ], [ 29.5833, -12.7083 ], [ 29.7917, -12.9167 ], [ 29.7917, -13.3333 ], [ 30.0, -13.5417 ], [ 30.0, -13.75 ], [ 30.2083, -13.9583 ], [ 30.625, -13.9583 ], [ 30.8333, -13.5417 ], [ 31.0417, -13.3333 ], [ 31.25, -13.125 ], [ 31.6667, -13.125 ], [ 31.6667, -13.3333 ], [ 32.5, -13.3333 ], [ 32.5, -12.9167 ], [ 32.5, -12.7083 ], [ 32.5, -12.5 ], [ 32.9167, -12.2917 ], [ 33.125, -12.2917 ], [ 33.3333, -11.875 ], [ 33.5417, -11.4583 ], [ 34.1667, -11.6667 ], [ 34.375, -11.6667 ], [ 34.7917, -11.6667 ], [ 35.2083, -11.4583 ], [ 35.0, -11.0417 ], [ 34.7917, -10.8333 ], [ 34.5833, -10.8333 ], [ 33.9583, -10.625 ], [ 33.5417, -10.2083 ], [ 33.3333, -10.2083 ], [ 33.3333, -9.5833 ], [ 33.3333, -9.1667 ], [ 33.125, -8.75 ], [ 32.5, -8.3333 ], [ 32.0833, -8.125 ], [ 31.875, -8.125 ], [ 31.6667, -7.9167 ], [ 31.4583, -7.9167 ], [ 31.0417, -7.7083 ], [ 30.625, -7.2917 ], [ 30.4167, -7.0833 ], [ 30.2083, -6.875 ], [ 29.7917, -6.875 ], [ 29.7917, -6.6667 ], [ 29.1667, -6.4583 ], [ 28.9583, -6.25 ], [ 28.75, -6.25 ], [ 28.5417, -6.0417 ], [ 28.3333, -6.0417 ], [ 28.125, -6.0417 ], [ 27.7083, -6.0417 ], [ 27.7083, -6.25 ], [ 27.5, -6.25 ], [ 27.2917, -6.0417 ], [ 27.0833, -6.25 ], [ 26.4583, -6.0417 ], [ 26.4583, -5.8333 ], [ 26.0417, -5.625 ], [ 25.8333, -5.625 ], [ 25.8333, -5.8333 ], [ 25.4167, -5.8333 ] ], [ [ 5.8333, 24.375 ], [ 5.625, 24.1667 ], [ 5.4167, 24.1667 ], [ 5.2083, 23.9583 ], [ 5.2083, 23.75 ], [ 5.0, 23.5417 ], [ 4.7917, 23.3333 ], [ 4.7917, 23.125 ], [ 4.5833, 22.7083 ], [ 4.375, 22.2917 ], [ 4.5833, 21.875 ], [ 4.7917, 21.6667 ], [ 5.0, 21.25 ], [ 5.0, 21.0417 ], [ 5.0, 20.8333 ], [ 5.0, 20.625 ], [ 5.2083, 20.2083 ], [ 5.2083, 20.0 ], [ 5.625, 20.2083 ], [ 5.625, 20.8333 ], [ 6.0417, 20.8333 ], [ 6.25, 20.8333 ], [ 6.4583, 21.0417 ], [ 6.875, 21.0417 ], [ 7.2917, 21.25 ], [ 7.5, 21.4583 ], [ 7.2917, 21.6667 ], [ 7.5, 22.0833 ], [ 7.2917, 22.2917 ], [ 7.7083, 22.5 ], [ 7.7083, 22.7083 ], [ 7.7083, 22.9167 ], [ 7.9167, 23.125 ], [ 8.125, 23.3333 ], [ 8.125, 23.75 ], [ 7.9167, 23.9583 ], [ 7.5, 24.1667 ], [ 7.2917, 24.375 ], [ 7.0833, 24.375 ], [ 6.6667, 24.375 ], [ 6.4583, 24.5833 ], [ 5.8333, 24.375 ] ], [ [ 11.875, 14.1667 ], [ 11.875, 13.9583 ], [ 11.6667, 13.5417 ], [ 12.0833, 13.3333 ], [ 12.0833, 13.125 ], [ 12.2917, 12.9167 ], [ 12.5, 12.9167 ], [ 12.7083, 13.125 ], [ 12.9167, 13.3333 ], [ 12.7083, 13.75 ], [ 12.5, 13.75 ], [ 12.2917, 13.9583 ], [ 12.0833, 14.1667 ], [ 11.875, 14.1667 ] ], [ [ 8.3333, 13.75 ], [ 8.125, 14.1667 ], [ 7.7083, 14.1667 ], [ 7.2917, 13.9583 ], [ 7.2917, 13.75 ], [ 7.7083, 13.5417 ], [ 8.125, 13.5417 ], [ 8.3333, 13.75 ] ], [ [ 7.9167, -35.0 ], [ 7.7083, -35.0 ], [ 7.2917, -35.2083 ], [ 7.7083, -35.625 ], [ 7.9167, -35.4167 ], [ 7.9167, -35.0 ] ], [ [ 1.4583, 13.3333 ], [ 1.25, 13.5417 ], [ 1.0417, 13.75 ], [ 0.4167, 13.75 ], [ 0.2083, 13.3333 ], [ 0.625, 13.125 ], [ 1.0417, 13.125 ], [ 1.4583, 13.3333 ] ], [ [ -0.4167, 11.875 ], [ -0.8333, 11.6667 ], [ -0.8333, 11.25 ], [ -0.2083, 11.25 ], [ 0.0, 11.6667 ], [ -0.4167, 11.875 ] ], [ [ 4.1667, -29.7917 ], [ 4.5833, -29.5833 ], [ 4.5833, -28.9583 ], [ 3.9583, -28.9583 ], [ 3.75, -29.375 ], [ 4.1667, -29.7917 ] ], [ [ 4.7917, 13.75 ], [ 5.0, 13.75 ], [ 5.0, 14.375 ], [ 4.7917, 14.375 ], [ 4.1667, 14.375 ], [ 4.1667, 14.1667 ], [ 4.1667, 13.9583 ], [ 4.5833, 13.75 ], [ 4.7917, 13.75 ] ], [ [ 3.5417, 13.75 ], [ 3.5417, 14.1667 ], [ 3.3333, 14.5833 ], [ 3.125, 14.375 ], [ 3.125, 13.9583 ], [ 3.5417, 13.75 ] ], [ [ 8.9583, 18.75 ], [ 8.9583, 18.9583 ], [ 8.75, 19.1667 ], [ 8.9583, 19.5833 ], [ 8.9583, 19.7917 ], [ 9.1667, 20.0 ], [ 8.9583, 20.4167 ], [ 8.5417, 20.4167 ], [ 8.125, 20.2083 ], [ 7.9167, 20.2083 ], [ 7.7083, 20.0 ], [ 7.7083, 19.5833 ], [ 7.9167, 19.5833 ], [ 8.125, 18.9583 ], [ 8.5417, 18.5417 ], [ 8.9583, 18.75 ] ], [ [ 3.9583, 26.4583 ], [ 4.375, 26.6667 ], [ 4.375, 27.0833 ], [ 3.9583, 27.2917 ], [ 3.5417, 27.0833 ], [ 3.5417, 26.875 ], [ 3.75, 26.6667 ], [ 3.9583, 26.4583 ] ], [ [ 10.625, 4.1667 ], [ 10.8333, 3.75 ], [ 11.0417, 3.75 ], [ 11.4583, 3.75 ], [ 11.6667, 3.75 ], [ 11.6667, 3.9583 ], [ 11.4583, 4.375 ], [ 11.0417, 4.5833 ], [ 10.625, 4.375 ], [ 10.625, 4.1667 ] ], [ [ 6.6667, 58.9583 ], [ 6.6667, 58.5417 ], [ 6.6667, 58.3333 ], [ 6.875, 58.3333 ], [ 7.2917, 58.3333 ], [ 7.5, 58.5417 ], [ 7.5, 58.9583 ], [ 7.2917, 59.1667 ], [ 7.5, 59.5833 ], [ 7.2917, 59.7917 ], [ 6.875, 59.5833 ], [ 6.875, 59.375 ], [ 6.875, 59.1667 ], [ 6.6667, 58.9583 ] ], [ [ 12.9167, 43.125 ], [ 13.125, 43.3333 ], [ 13.125, 43.5417 ], [ 13.125, 43.75 ], [ 12.9167, 44.1667 ], [ 12.5, 43.75 ], [ 12.2917, 43.5417 ], [ 12.2917, 43.125 ], [ 12.7083, 43.125 ], [ 12.9167, 43.125 ] ], [ [ 12.7083, 37.9167 ], [ 12.2917, 37.9167 ], [ 12.0833, 37.9167 ], [ 12.0833, 37.7083 ], [ 12.2917, 37.5 ], [ 12.7083, 37.5 ], [ 12.7083, 37.9167 ] ], [ [ 10.4167, 31.25 ], [ 10.625, 31.4583 ], [ 10.625, 31.875 ], [ 10.2083, 31.875 ], [ 10.0, 31.4583 ], [ 10.0, 31.25 ], [ 10.4167, 31.25 ] ], [ [ 21.0417, 16.25 ], [ 20.625, 16.6667 ], [ 20.4167, 16.6667 ], [ 20.2083, 16.25 ], [ 20.4167, 15.8333 ], [ 20.8333, 15.8333 ], [ 21.0417, 16.0417 ], [ 21.0417, 16.25 ] ], [ [ 20.2083, 9.7917 ], [ 20.8333, 9.7917 ], [ 21.0417, 10.0 ], [ 21.0417, 10.2083 ], [ 20.4167, 10.4167 ], [ 20.2083, 10.4167 ], [ 20.0, 10.625 ], [ 19.5833, 10.625 ], [ 19.375, 10.2083 ], [ 19.5833, 10.0 ], [ 20.2083, 10.0 ], [ 20.2083, 9.7917 ] ], [ [ 15.625, 26.875 ], [ 15.625, 27.0833 ], [ 15.2083, 27.0833 ], [ 15.0, 26.6667 ], [ 15.4167, 26.4583 ], [ 15.625, 26.875 ] ], [ [ 16.875, 29.5833 ], [ 17.5, 29.7917 ], [ 17.5, 30.0 ], [ 17.5, 30.4167 ], [ 17.0833, 30.625 ], [ 16.875, 30.4167 ], [ 16.875, 30.0 ], [ 16.875, 29.7917 ], [ 16.875, 29.5833 ] ], [ [ 18.5417, 33.75 ], [ 18.3333, 33.75 ], [ 18.125, 33.3333 ], [ 18.3333, 33.3333 ], [ 18.75, 33.3333 ], [ 18.9583, 33.5417 ], [ 18.5417, 33.75 ] ], [ [ 24.1667, 19.375 ], [ 23.9583, 19.375 ], [ 23.9583, 18.75 ], [ 24.375, 18.5417 ], [ 24.7917, 18.75 ], [ 25.2083, 18.9583 ], [ 25.625, 19.375 ], [ 25.625, 19.5833 ], [ 24.7917, 19.5833 ], [ 24.5833, 19.5833 ], [ 24.1667, 19.5833 ], [ 24.1667, 19.375 ] ], [ [ 25.8333, 23.9583 ], [ 25.8333, 24.1667 ], [ 25.8333, 24.375 ], [ 25.625, 24.5833 ], [ 25.2083, 24.375 ], [ 25.2083, 24.1667 ], [ 25.4167, 23.9583 ], [ 25.625, 23.75 ], [ 25.8333, 23.9583 ] ], [ [ 19.375, -45.625 ], [ 19.5833, -45.625 ], [ 19.7917, -45.4167 ], [ 19.7917, -45.2083 ], [ 19.375, -45.0 ], [ 19.1667, -45.0 ], [ 18.9583, -45.0 ], [ 18.9583, -45.4167 ], [ 19.375, -45.625 ] ], [ [ 16.0417, -44.375 ], [ 15.625, -44.375 ], [ 15.625, -44.5833 ], [ 15.8333, -45.0 ], [ 16.25, -45.0 ], [ 16.4583, -44.375 ], [ 16.0417, -44.375 ] ], [ [ 14.1667, -21.4583 ], [ 13.75, -21.4583 ], [ 13.5417, -21.875 ], [ 13.75, -22.0833 ], [ 14.1667, -21.875 ], [ 14.1667, -21.4583 ] ], [ [ 36.6667, 29.5833 ], [ 36.4583, 30.0 ], [ 36.0417, 29.7917 ], [ 36.0417, 29.375 ], [ 36.6667, 29.375 ], [ 36.6667, 29.5833 ] ], [ [ 37.0833, 26.25 ], [ 36.875, 26.6667 ], [ 36.6667, 26.6667 ], [ 36.4583, 26.6667 ], [ 36.25, 26.0417 ], [ 36.4583, 25.8333 ], [ 37.0833, 26.0417 ], [ 37.0833, 26.25 ] ], [ [ 37.0833, 22.2917 ], [ 36.875, 22.5 ], [ 36.6667, 22.5 ], [ 36.6667, 22.7083 ], [ 36.25, 22.5 ], [ 36.0417, 21.875 ], [ 36.6667, 21.6667 ], [ 37.0833, 22.2917 ] ], [ [ 35.8333, 17.0833 ], [ 36.0417, 17.0833 ], [ 36.25, 17.2917 ], [ 36.25, 17.5 ], [ 36.25, 17.7083 ], [ 35.625, 17.7083 ], [ 35.4167, 17.5 ], [ 35.4167, 17.0833 ], [ 35.8333, 17.0833 ] ], [ [ 32.2917, 25.625 ], [ 32.2917, 25.8333 ], [ 32.0833, 26.4583 ], [ 31.6667, 26.4583 ], [ 31.6667, 26.25 ], [ 31.6667, 25.8333 ], [ 32.0833, 25.625 ], [ 32.2917, 25.625 ] ], [ [ 32.5, 16.6667 ], [ 32.5, 16.875 ], [ 32.5, 17.0833 ], [ 31.875, 17.2917 ], [ 31.6667, 17.0833 ], [ 31.6667, 16.875 ], [ 32.0833, 16.4583 ], [ 32.2917, 16.4583 ], [ 32.5, 16.6667 ] ], [ [ 25.0, 28.75 ], [ 25.2083, 28.75 ], [ 25.4167, 28.75 ], [ 25.8333, 28.9583 ], [ 26.0417, 28.9583 ], [ 26.4583, 29.1667 ], [ 26.4583, 29.375 ], [ 26.25, 29.5833 ], [ 25.8333, 29.5833 ], [ 25.625, 29.5833 ], [ 25.2083, 29.5833 ], [ 25.0, 29.1667 ], [ 25.0, 28.9583 ], [ 25.0, 28.75 ] ], [ [ 29.1667, 20.4167 ], [ 29.5833, 20.4167 ], [ 29.5833, 21.0417 ], [ 29.375, 21.4583 ], [ 28.9583, 21.25 ], [ 28.75, 20.8333 ], [ 29.1667, 20.4167 ] ], [ [ 27.5, 15.0 ], [ 27.0833, 15.0 ], [ 26.875, 14.7917 ], [ 27.0833, 14.375 ], [ 27.5, 14.375 ], [ 27.7083, 14.7917 ], [ 27.5, 15.0 ] ], [ [ 30.4167, -68.9583 ], [ 30.625, -69.375 ], [ 30.8333, -69.375 ], [ 30.8333, -69.5833 ], [ 31.25, -69.7917 ], [ 31.6667, -69.375 ], [ 31.6667, -69.1667 ], [ 31.25, -68.9583 ], [ 31.25, -68.75 ], [ 30.8333, -68.5417 ], [ 30.8333, -68.3333 ], [ 30.4167, -68.125 ], [ 30.2083, -68.5417 ], [ 30.4167, -68.9583 ] ], [ [ 30.4167, -38.9583 ], [ 30.4167, -39.1667 ], [ 30.625, -39.375 ], [ 30.8333, -39.1667 ], [ 31.0417, -38.9583 ], [ 30.8333, -38.75 ], [ 30.4167, -38.75 ], [ 30.4167, -38.9583 ] ], [ [ 33.125, 17.2917 ], [ 32.9167, 17.9167 ], [ 32.5, 17.2917 ], [ 33.125, 17.2917 ] ], [ [ 34.1667, 31.4583 ], [ 34.375, 31.4583 ], [ 34.5833, 31.4583 ], [ 34.5833, 31.6667 ], [ 34.7917, 32.2917 ], [ 34.375, 32.2917 ], [ 33.9583, 32.0833 ], [ 33.9583, 31.4583 ], [ 34.1667, 31.4583 ] ], [ [ 30.4167, 51.4583 ], [ 30.4167, 50.8333 ], [ 30.4167, 50.625 ], [ 30.8333, 50.4167 ], [ 31.0417, 50.2083 ], [ 31.4583, 50.0 ], [ 31.875, 50.4167 ], [ 31.875, 50.625 ], [ 32.0833, 50.8333 ], [ 32.0833, 51.0417 ], [ 32.0833, 51.4583 ], [ 32.0833, 51.6667 ], [ 31.875, 52.0833 ], [ 31.25, 52.0833 ], [ 31.0417, 52.0833 ], [ 30.8333, 51.875 ], [ 30.8333, 51.6667 ], [ 30.4167, 51.4583 ] ], [ [ 27.5, 43.125 ], [ 27.9167, 43.3333 ], [ 27.9167, 43.5417 ], [ 27.7083, 43.75 ], [ 27.9167, 44.1667 ], [ 27.7083, 44.375 ], [ 27.0833, 44.1667 ], [ 27.0833, 43.9583 ], [ 26.6667, 43.75 ], [ 26.6667, 43.5417 ], [ 26.875, 43.3333 ], [ 26.875, 43.125 ], [ 27.2917, 43.3333 ], [ 27.5, 43.125 ] ], [ [ 21.6667, 38.5417 ], [ 21.4583, 38.3333 ], [ 21.25, 38.125 ], [ 21.6667, 37.9167 ], [ 22.0833, 38.125 ], [ 21.875, 38.5417 ], [ 21.6667, 38.5417 ] ], [ [ 25.625, 40.0 ], [ 25.4167, 40.4167 ], [ 25.0, 40.2083 ], [ 25.0, 39.7917 ], [ 25.0, 39.5833 ], [ 25.625, 39.7917 ], [ 25.625, 40.0 ] ], [ [ 28.125, 37.7083 ], [ 27.9167, 38.125 ], [ 27.5, 38.125 ], [ 27.5, 37.7083 ], [ 27.7083, 37.5 ], [ 28.125, 37.7083 ] ], [ [ 28.75, 52.5 ], [ 28.3333, 52.7083 ], [ 28.125, 52.7083 ], [ 27.9167, 52.7083 ], [ 27.5, 53.125 ], [ 27.2917, 52.7083 ], [ 27.2917, 52.2917 ], [ 27.2917, 51.875 ], [ 27.7083, 51.6667 ], [ 27.9167, 51.6667 ], [ 28.125, 51.875 ], [ 28.3333, 52.0833 ], [ 28.5417, 52.0833 ], [ 28.75, 52.0833 ], [ 28.75, 52.5 ] ], [ [ 35.0, 44.5833 ], [ 34.5833, 44.7917 ], [ 34.1667, 45.0 ], [ 34.1667, 45.2083 ], [ 33.5417, 45.4167 ], [ 33.125, 45.2083 ], [ 33.125, 45.0 ], [ 33.3333, 44.7917 ], [ 33.3333, 44.5833 ], [ 33.5417, 44.375 ], [ 33.5417, 43.9583 ], [ 33.5417, 43.75 ], [ 33.5417, 43.3333 ], [ 33.5417, 43.125 ], [ 33.3333, 42.7083 ], [ 33.3333, 42.5 ], [ 33.5417, 42.2917 ], [ 33.5417, 42.0833 ], [ 33.9583, 41.875 ], [ 33.9583, 41.6667 ], [ 33.9583, 41.25 ], [ 34.1667, 41.0417 ], [ 34.7917, 41.0417 ], [ 34.7917, 41.25 ], [ 35.4167, 41.4583 ], [ 35.8333, 41.6667 ], [ 36.0417, 41.875 ], [ 36.25, 41.875 ], [ 36.875, 42.0833 ], [ 36.875, 42.2917 ], [ 37.0833, 42.2917 ], [ 37.2917, 42.7083 ], [ 37.0833, 43.125 ], [ 36.875, 43.125 ], [ 36.6667, 43.125 ], [ 36.4583, 43.125 ], [ 36.25, 43.5417 ], [ 36.4583, 43.75 ], [ 36.4583, 44.1667 ], [ 36.0417, 43.9583 ], [ 35.625, 44.1667 ], [ 35.625, 44.375 ], [ 35.4167, 44.5833 ], [ 35.0, 44.5833 ] ], [ [ 37.2917, 35.0 ], [ 37.7083, 35.0 ], [ 37.7083, 35.2083 ], [ 37.9167, 35.4167 ], [ 38.125, 35.625 ], [ 38.5417, 35.625 ], [ 38.75, 36.0417 ], [ 38.3333, 36.25 ], [ 38.125, 36.25 ], [ 37.5, 36.25 ], [ 36.875, 36.25 ], [ 36.4583, 36.25 ], [ 36.4583, 36.0417 ], [ 36.4583, 35.625 ], [ 36.6667, 35.4167 ], [ 36.875, 35.2083 ], [ 37.0833, 35.0 ], [ 37.2917, 35.0 ] ], [ [ 33.9583, 46.4583 ], [ 33.75, 46.4583 ], [ 33.9583, 45.8333 ], [ 34.1667, 46.25 ], [ 33.9583, 46.4583 ] ], [ [ 35.2083, 77.9167 ], [ 35.625, 78.125 ], [ 35.8333, 78.3333 ], [ 35.8333, 78.5417 ], [ 35.625, 78.75 ], [ 35.2083, 78.5417 ], [ 35.0, 78.125 ], [ 35.2083, 77.9167 ] ], [ [ 37.5, -10.625 ], [ 37.2917, -10.8333 ], [ 37.2917, -11.0417 ], [ 37.7083, -11.25 ], [ 37.9167, -11.25 ], [ 38.3333, -11.4583 ], [ 38.5417, -11.4583 ], [ 38.75, -11.25 ], [ 38.5417, -11.0417 ], [ 38.125, -11.0417 ], [ 38.125, -10.8333 ], [ 37.7083, -10.625 ], [ 37.5, -10.625 ] ], [ [ 40.2083, 11.875 ], [ 39.7917, 11.6667 ], [ 40.0, 11.25 ], [ 40.4167, 11.25 ], [ 40.625, 11.4583 ], [ 40.625, 11.6667 ], [ 40.2083, 11.875 ] ], [ [ 42.7083, 27.7083 ], [ 42.5, 27.9167 ], [ 42.2917, 27.2917 ], [ 42.5, 27.2917 ], [ 42.9167, 27.2917 ], [ 42.7083, 27.7083 ] ], [ [ 41.4583, 42.2917 ], [ 41.0417, 42.0833 ], [ 40.625, 41.875 ], [ 40.625, 41.4583 ], [ 40.8333, 41.4583 ], [ 41.25, 41.6667 ], [ 41.4583, 42.2917 ] ], [ [ 37.7083, 49.5833 ], [ 37.5, 49.5833 ], [ 37.2917, 49.375 ], [ 37.5, 48.9583 ], [ 37.9167, 48.9583 ], [ 37.9167, 49.375 ], [ 37.7083, 49.5833 ] ], [ [ 39.375, 61.875 ], [ 39.1667, 61.4583 ], [ 39.1667, 61.25 ], [ 39.5833, 61.0417 ], [ 39.7917, 61.25 ], [ 39.7917, 61.6667 ], [ 39.5833, 61.875 ], [ 39.375, 61.875 ] ], [ [ 48.5417, -17.5 ], [ 48.9583, -17.5 ], [ 49.1667, -17.2917 ], [ 49.375, -17.2917 ], [ 49.375, -17.0833 ], [ 49.375, -16.875 ], [ 48.9583, -16.6667 ], [ 48.5417, -16.875 ], [ 48.3333, -17.0833 ], [ 48.5417, -17.5 ] ], [ [ 101.25, 8.125 ], [ 101.4583, 8.3333 ], [ 101.4583, 8.5417 ], [ 101.4583, 8.75 ], [ 101.25, 8.9583 ], [ 101.0417, 8.9583 ], [ 100.625, 8.75 ], [ 100.625, 8.5417 ], [ 101.0417, 8.125 ], [ 101.25, 8.125 ] ], [ [ 76.0417, 0.2083 ], [ 76.0417, 0.0 ], [ 76.4583, -0.4167 ], [ 76.6667, -0.4167 ], [ 76.6667, 0.0 ], [ 76.6667, 0.2083 ], [ 76.6667, 0.4167 ], [ 76.6667, 0.625 ], [ 76.6667, 0.8333 ], [ 76.6667, 1.0417 ], [ 75.8333, 1.0417 ], [ 75.625, 0.8333 ], [ 75.625, 0.625 ], [ 75.8333, 0.4167 ], [ 76.0417, 0.2083 ] ], [ [ 51.0417, 34.5833 ], [ 51.25, 34.5833 ], [ 51.6667, 35.0 ], [ 51.25, 35.2083 ], [ 51.0417, 34.7917 ], [ 51.0417, 34.5833 ] ], [ [ 61.875, 45.4167 ], [ 62.2917, 45.625 ], [ 62.2917, 45.8333 ], [ 62.0833, 46.25 ], [ 61.4583, 46.25 ], [ 61.4583, 46.0417 ], [ 61.4583, 45.8333 ], [ 61.6667, 45.4167 ], [ 61.875, 45.4167 ] ], [ [ 55.2083, 56.6667 ], [ 55.4167, 56.4583 ], [ 55.625, 56.4583 ], [ 56.0417, 56.6667 ], [ 56.0417, 56.875 ], [ 56.0417, 57.0833 ], [ 55.625, 57.2917 ], [ 55.2083, 57.2917 ], [ 55.2083, 56.6667 ] ], [ [ 61.0417, 56.875 ], [ 61.4583, 57.2917 ], [ 61.25, 57.7083 ], [ 60.8333, 57.7083 ], [ 60.625, 57.7083 ], [ 60.4167, 57.2917 ], [ 60.625, 57.0833 ], [ 61.0417, 56.875 ] ], [ [ 80.0, 14.1667 ], [ 80.2083, 14.5833 ], [ 80.2083, 14.7917 ], [ 79.7917, 15.0 ], [ 79.375, 14.7917 ], [ 79.375, 14.5833 ], [ 79.375, 14.1667 ], [ 80.0, 14.1667 ] ], [ [ 88.125, 0.4167 ], [ 87.9167, 0.8333 ], [ 87.7083, 0.625 ], [ 87.7083, 0.0 ], [ 88.125, 0.2083 ], [ 88.125, 0.4167 ] ], [ [ 88.9583, 7.5 ], [ 89.1667, 7.7083 ], [ 89.375, 8.125 ], [ 88.9583, 8.5417 ], [ 88.75, 8.9583 ], [ 88.3333, 8.9583 ], [ 88.125, 8.9583 ], [ 87.7083, 8.75 ], [ 87.7083, 8.125 ], [ 87.7083, 7.7083 ], [ 88.125, 7.2917 ], [ 88.5417, 7.7083 ], [ 88.75, 7.5 ], [ 88.9583, 7.5 ] ], [ [ 71.6667, -69.375 ], [ 71.0417, -69.1667 ], [ 71.0417, -69.5833 ], [ 71.25, -70.0 ], [ 71.6667, -69.7917 ], [ 71.6667, -69.375 ] ], [ [ 95.0, -68.9583 ], [ 95.2083, -69.375 ], [ 95.625, -69.1667 ], [ 95.625, -68.75 ], [ 95.625, -68.5417 ], [ 95.2083, -68.5417 ], [ 95.0, -68.9583 ] ], [ [ 120.2083, 9.5833 ], [ 120.0, 9.7917 ], [ 119.5833, 9.5833 ], [ 119.375, 9.375 ], [ 119.5833, 9.1667 ], [ 120.0, 8.9583 ], [ 120.2083, 8.9583 ], [ 120.2083, 9.5833 ] ], [ [ 122.0833, 7.7083 ], [ 122.0833, 6.6667 ], [ 122.5, 6.25 ], [ 122.7083, 6.25 ], [ 123.635806285773924, 8.29047821360095 ], [ 122.0833, 7.7083 ] ], [ [ 123.661942729354621, 8.34797738587117 ], [ 123.661942729354621, 8.347977385871172 ], [ 121.25, 8.75 ], [ 123.661942729354621, 8.34797738587117 ] ], [ [ 133.75, -51.6667 ], [ 134.1667, -51.6667 ], [ 134.375, -51.4583 ], [ 134.1667, -51.0417 ], [ 133.75, -51.0417 ], [ 133.5417, -51.4583 ], [ 133.75, -51.6667 ] ], [ [ 137.2917, -15.2083 ], [ 137.7083, -15.0 ], [ 137.7083, -14.5833 ], [ 137.5, -14.5833 ], [ 137.0833, -14.375 ], [ 137.0833, -14.5833 ], [ 136.875, -14.5833 ], [ 136.875, -15.0 ], [ 137.2917, -15.2083 ] ], [ [ 155.2083, 1.0417 ], [ 155.2083, 1.25 ], [ 155.2083, 1.6667 ], [ 155.0, 2.0833 ], [ 154.7917, 1.875 ], [ 154.375, 1.6667 ], [ 154.375, 1.4583 ], [ 154.7917, 1.25 ], [ 155.2083, 1.0417 ] ], [ [ 133.125, 17.0833 ], [ 133.125, 16.875 ], [ 133.5417, 16.6667 ], [ 133.75, 16.4583 ], [ 134.1667, 16.4583 ], [ 134.375, 16.4583 ], [ 134.5833, 16.4583 ], [ 135.0, 16.6667 ], [ 135.4167, 16.25 ], [ 135.625, 16.4583 ], [ 135.8333, 16.4583 ], [ 135.8333, 16.6667 ], [ 135.625, 17.0833 ], [ 135.625, 17.5 ], [ 135.625, 17.7083 ], [ 135.625, 18.125 ], [ 135.8333, 18.3333 ], [ 135.8333, 18.75 ], [ 135.625, 18.9583 ], [ 135.4167, 18.9583 ], [ 135.0, 19.375 ], [ 134.7917, 19.375 ], [ 134.7917, 19.5833 ], [ 134.375, 19.5833 ], [ 134.1667, 19.375 ], [ 133.75, 19.375 ], [ 133.3333, 18.9583 ], [ 133.5417, 18.5417 ], [ 133.3333, 18.3333 ], [ 133.3333, 17.9167 ], [ 133.125, 17.7083 ], [ 133.125, 17.5 ], [ 133.125, 17.2917 ], [ 133.125, 17.0833 ] ], [ [ 141.6667, 63.75 ], [ 141.4583, 63.5417 ], [ 141.25, 63.125 ], [ 141.4583, 62.9167 ], [ 141.875, 62.9167 ], [ 141.875, 63.3333 ], [ 141.6667, 63.75 ] ], [ [ 110.4167, 5.0 ], [ 110.8333, 5.2083 ], [ 110.8333, 5.4167 ], [ 110.2083, 5.8333 ], [ 110.0, 5.8333 ], [ 109.7917, 5.2083 ], [ 110.2083, 5.0 ], [ 110.4167, 5.0 ] ] ] ] } },
{ "type": "Feature", "properties": { "id": 28, "neighbors": [ 30, 8, 10, 11, 12, 29 ], "height": 4, "biome": 9, "type": "island", "population": 0, "state": 0, "province": 0 }, "geometry": { "type": "MultiPolygon", "coordinates": [ [ [ [ -141.4583, -70.8333 ], [ -141.875, -70.4167 ], [ -142.0833, -70.625 ], [ -142.2917, -70.625 ], [ -142.5, -70.2083 ], [ -142.7083, -70.2083 ], [ -142.7083, -70.0 ], [ -142.5, -69.375 ], [ -142.5, -68.75 ], [ -142.9167, -68.3333 ], [ -143.125, -68.125 ], [ -143.5417, -67.9167 ], [ -143.75, -67.9167 ], [ -144.1667, -67.7083 ], [ -144.1667, -67.5 ], [ -144.1667, -67.2917 ], [ -144.1667, -66.875 ], [ -144.1667, -66.4583 ], [ -143.9583, -66.0417 ], [ -143.75, -66.0417 ], [ -143.5417, -65.8333 ], [ -143.3333, -65.4167 ], [ -143.5417, -65.2083 ], [ -143.3333, -64.7917 ], [ -143.3333, -64.5833 ], [ -143.5417, -64.375 ], [ -143.5417, -64.1667 ], [ -143.125, -63.75 ], [ -142.9167, -63.75 ], [ -142.9167, -63.5417 ], [ -142.2917, -63.3333 ], [ -141.875, -62.9167 ], [ -142.0833, -62.7083 ], [ -141.875, -62.2917 ], [ -142.0833, -61.875 ], [ -141.875, -61.875 ], [ -141.875, -61.6667 ], [ -141.6667, -61.25 ], [ -141.4583, -61.25 ], [ -141.25, -61.25 ], [ -140.8333, -61.4583 ], [ -140.625, -61.6667 ], [ -140.4167, -61.6667 ], [ -140.2083, -61.4583 ], [ -140.0, -61.0417 ], [ -139.7917, -61.0417 ], [ -139.5833, -60.4167 ], [ -140.0, -60.2083 ], [ -139.7917, -59.7917 ], [ -139.5833, -59.375 ], [ -139.7917, -58.9583 ], [ -139.5833, -58.5417 ], [ -139.375, -58.5417 ], [ -138.9583, -58.75 ], [ -138.5417, -58.3333 ], [ -138.3333, -58.125 ], [ -138.3333, -57.9167 ], [ -138.125, -57.7083 ], [ -138.3333, -57.2917 ], [ -138.125, -56.875 ], [ -138.3333, -56.6667 ], [ -138.125, -56.4583 ], [ -138.5417, -56.0417 ], [ -138.9583, -55.625 ], [ -139.1667, -55.625 ], [ -139.375, -55.4167 ], [ -139.375, -55.2083 ], [ -139.375, -54.7917 ], [ -139.375, -54.5833 ], [ -139.7917, -54.1667 ], [ -140.0, -54.1667 ], [ -140.4167, -53.9583 ], [ -140.4167, -53.75 ], [ -140.625, -53.3333 ], [ -140.4167, -52.9167 ], [ -140.8333, -52.5 ], [ -141.0417, -52.5 ], [ -141.4583, -52.5 ], [ -141.6667, -52.2917 ], [ -142.0833, -51.875 ], [ -142.2917, -51.875 ], [ -142.5, -51.6667 ], [ -142.7083, -51.4583 ], [ -142.7083, -51.0417 ], [ -142.7083, -50.625 ], [ -142.9167, -50.4167 ], [ -142.9167, -50.2083 ], [ -142.9167, -49.7917 ], [ -142.7083, -49.5833 ], [ -142.7083, -49.1667 ], [ -142.5, -49.1667 ], [ -142.7083, -48.75 ], [ -142.2917, -48.75 ], [ -142.2917, -48.5417 ], [ -141.875, -48.125 ], [ -141.875, -47.9167 ], [ -141.875, -47.7083 ], [ -141.6667, -47.2917 ], [ -141.6667, -46.875 ], [ -141.4583, -46.4583 ], [ -141.25, -46.0417 ], [ -141.25, -45.625 ], [ -141.0417, -45.2083 ], [ -141.25, -45.2083 ], [ -141.0417, -44.7917 ], [ -141.0417, -44.5833 ], [ -141.0417, -43.9583 ], [ -140.8333, -43.9583 ], [ -140.4167, -44.1667 ], [ -140.2083, -44.1667 ], [ -139.7917, -44.375 ], [ -139.5833, -44.1667 ], [ -139.5833, -43.75 ], [ -139.5833, -43.3333 ], [ -139.375, -43.125 ], [ -139.5833, -42.7083 ], [ -139.375, -42.5 ], [ -138.9583, -42.5 ], [ -138.5417, -42.5 ], [ -138.5417, -42.7083 ], [ -138.3333, -42.7083 ], [ -138.125, -42.5 ], [ -138.3333, -42.0833 ], [ -138.125, -41.875 ], [ -137.9167, -41.875 ], [ -137.5, -41.6667 ], [ -137.5, -41.0417 ], [ -137.7083, -41.0417 ], [ -137.7083, -40.625 ], [ -137.2917, -40.4167 ], [ -137.5, -40.0 ], [ -137.7083, -40.0 ], [ -137.5, -39.5833 ], [ -137.7083, -39.1667 ], [ -137.5, -38.9583 ], [ -137.7083, -38.5417 ], [ -137.5, -38.3333 ], [ -137.7083, -38.125 ], [ -137.5, -37.7083 ], [ -137.7083, -37.5 ], [ -137.9167, -37.5 ], [ -137.9167, -37.2917 ], [ -138.125, -37.0833 ], [ -138.125, -36.6667 ], [ -138.5417, -36.6667 ], [ -138.75, -37.0833 ], [ -138.9583, -37.0833 ], [ -139.1667, -37.0833 ], [ -139.5833, -37.0833 ], [ -139.7917, -36.6667 ], [ -140.2083, -36.6667 ], [ -140.4167, -36.875 ], [ -140.8333, -36.875 ], [ -141.25, -36.6667 ], [ -141.25, -36.25 ], [ -141.0417, -36.25 ], [ -141.4583, -35.8333 ], [ -141.0417, -35.625 ], [ -141.4583, -35.0 ], [ -141.6667, -34.5833 ], [ -141.875, -34.375 ], [ -141.6667, -34.1667 ], [ -142.0833, -33.75 ], [ -141.875, -33.3333 ], [ -141.875, -33.125 ], [ -141.875, -32.5 ], [ -142.0833, -32.2917 ], [ -142.2917, -32.2917 ], [ -142.5, -32.2917 ], [ -142.7083, -32.5 ], [ -142.7083, -32.7083 ], [ -143.125, -32.9167 ], [ -143.125, -32.7083 ], [ -143.5417, -32.9167 ], [ -143.75, -32.9167 ], [ -143.9583, -32.7083 ], [ -144.1667, -32.5 ], [ -144.1667, -32.2917 ], [ -144.1667, -32.0833 ], [ -144.1667, -31.4583 ], [ -144.1667, -30.8333 ], [ -143.9583, -30.625 ], [ -143.75, -30.8333 ], [ -143.5417, -31.0417 ], [ -142.9167, -31.25 ], [ -142.7083, -30.8333 ], [ -142.5, -30.8333 ], [ -142.5, -30.625 ], [ -142.5, -30.4167 ], [ -142.0833, -30.2083 ], [ -142.0833, -29.5833 ], [ -142.0833, -29.375 ], [ -141.875, -29.1667 ], [ -141.875, -28.9583 ], [ -141.875, -28.75 ], [ -141.875, -28.5417 ], [ -141.4583, -28.125 ], [ -141.25, -27.7083 ], [ -141.6667, -27.2917 ], [ -141.875, -27.2917 ], [ -142.0833, -27.2917 ], [ -142.2917, -27.2917 ], [ -142.5, -27.2917 ], [ -142.9167, -26.875 ], [ -143.125, -26.875 ], [ -143.3333, -26.6667 ], [ -143.5417, -26.25 ], [ -143.75, -25.8333 ], [ -144.375, -26.0417 ], [ -144.375, -25.8333 ], [ -144.375, -25.625 ], [ -144.375, -25.4167 ], [ -144.375, -25.2083 ], [ -144.1667, -25.0 ], [ -144.375, -24.7917 ], [ -144.1667, -24.375 ], [ -144.1667, -24.1667 ], [ -144.1667, -23.9583 ], [ -144.375, -23.75 ], [ -144.375, -23.5417 ], [ -144.375, -22.9167 ], [ -144.7917, -22.7083 ], [ -145.2083, -22.5 ], [ -145.4167, -22.2917 ], [ -145.625, -22.2917 ], [ -145.8333, -22.2917 ], [ -145.8333, -21.875 ], [ -145.625, -21.6667 ], [ -145.625, -21.4583 ], [ -145.625, -21.0417 ], [ -145.8333, -20.8333 ], [ -146.0417, -20.625 ], [ -146.25, -20.625 ], [ -146.6667, -20.4167 ], [ -146.6667, -20.2083 ], [ -146.25, -20.0 ], [ -146.25, -19.7917 ], [ -146.0417, -19.7917 ], [ -146.0417, -19.375 ], [ -146.4583, -19.1667 ], [ -146.4583, -18.9583 ], [ -146.6667, -18.9583 ], [ -147.0833, -18.75 ], [ -147.0833, -18.5417 ], [ -147.0833, -18.125 ], [ -147.0833, -17.7083 ], [ -147.5, -17.2917 ], [ -147.5, -17.0833 ], [ -147.5, -16.875 ], [ -147.5, -16.6667 ], [ -147.5, -16.4583 ], [ -147.7083, -16.0417 ], [ -147.7083, -15.625 ], [ -147.7083, -15.0 ], [ -147.9167, -14.5833 ], [ -147.5, -14.375 ], [ -147.7083, -13.9583 ], [ -147.5, -13.75 ], [ -147.5, -13.5417 ], [ -147.2917, -13.125 ], [ -146.875, -13.125 ], [ -146.6667, -12.9167 ], [ -146.25, -12.7083 ], [ -146.25, -12.5 ], [ -145.8333, -12.2917 ], [ -145.4167, -12.5 ], [ -145.2083, -12.2917 ], [ -145.0, -12.2917 ], [ -144.5833, -11.875 ], [ -144.375, -11.6667 ], [ -144.1667, -11.6667 ], [ -144.1667, -11.875 ], [ -144.1667, -12.0833 ], [ -143.9583, -12.5 ], [ -143.75, -12.5 ], [ -143.5417, -12.2917 ], [ -143.125, -12.2917 ], [ -142.7083, -12.2917 ], [ -142.2917, -12.5 ], [ -142.0833, -12.5 ], [ -141.875, -12.5 ], [ -141.875, -12.7083 ], [ -141.875, -13.125 ], [ -142.0833, -13.3333 ], [ -141.875, -13.3333 ], [ -142.0833, -13.5417 ], [ -141.875, -13.75 ], [ -142.0833, -13.9583 ], [ -141.6667, -14.375 ], [ -141.4583, -14.7917 ], [ -141.25, -15.0 ], [ -141.25, -15.4167 ], [ -141.25, -15.8333 ], [ -141.0417, -16.0417 ], [ -141.0417, -16.25 ], [ -140.8333, -16.6667 ], [ -140.8333, -16.875 ], [ -140.625, -17.0833 ], [ -140.625, -17.2917 ], [ -140.8333, -17.7083 ], [ -141.25, -18.125 ], [ -141.25, -18.3333 ], [ -141.0417, -18.3333 ], [ -140.4167, -18.3333 ], [ -140.4167, -18.75 ], [ -140.0, -18.75 ], [ -140.0, -18.9583 ], [ -139.7917, -19.1667 ], [ -139.5833, -18.9583 ], [ -139.1667, -18.9583 ], [ -138.75, -18.9583 ], [ -138.5417, -19.1667 ], [ -138.9583, -19.375 ], [ -138.9583, -19.7917 ], [ -138.75, -19.7917 ], [ -138.5417, -19.5833 ], [ -138.125, -20.0 ], [ -138.3333, -20.4167 ], [ -138.125, -20.4167 ], [ -138.3333, -20.8333 ], [ -138.3333, -21.0417 ], [ -137.7083, -21.0417 ], [ -137.2917, -21.0417 ], [ -137.0833, -21.0417 ], [ -136.875, -21.0417 ], [ -136.6667, -21.0417 ], [ -136.4583, -21.25 ], [ -136.4583, -21.6667 ], [ -136.6667, -21.875 ], [ -136.4583, -22.0833 ], [ -136.6667, -22.5 ], [ -136.4583, -22.5 ], [ -136.4583, -23.3333 ], [ -136.4583, -23.5417 ], [ -136.25, -23.9583 ], [ -136.0417, -23.9583 ], [ -135.8333, -24.375 ], [ -135.8333, -24.5833 ], [ -135.625, -24.7917 ], [ -135.625, -25.2083 ], [ -135.625, -25.4167 ], [ -135.4167, -25.8333 ], [ -135.0, -26.0417 ], [ -135.2083, -26.4583 ], [ -135.0, -26.875 ], [ -135.0, -27.0833 ], [ -134.7917, -27.0833 ], [ -134.5833, -27.7083 ], [ -133.9583, -28.125 ], [ -133.9583, -28.3333 ], [ -134.375, -28.5417 ], [ -134.375, -28.75 ], [ -134.5833, -29.1667 ], [ -134.375, -29.1667 ], [ -134.1667, -29.5833 ], [ -133.75, -29.5833 ], [ -133.5417, -29.7917 ], [ -133.3333, -30.0 ], [ -133.5417, -30.2083 ], [ -133.125, -30.625 ], [ -133.125, -30.8333 ], [ -132.9167, -31.0417 ], [ -133.125, -31.25 ], [ -132.9167, -31.4583 ], [ -133.125, -31.6667 ], [ -132.9167, -31.875 ], [ -132.7083, -32.0833 ], [ -132.2917, -32.0833 ], [ -132.0833, -32.2917 ], [ -132.2917, -32.7083 ], [ -132.0833, -32.9167 ], [ -132.0833, -33.125 ], [ -131.875, -33.3333 ], [ -131.875, -33.5417 ], [ -131.4583, -33.5417 ], [ -131.4583, -33.9583 ], [ -131.25, -33.9583 ], [ -131.25, -34.5833 ], [ -131.0417, -34.7917 ], [ -130.625, -34.7917 ], [ -130.4167, -34.7917 ], [ -130.0, -35.0 ], [ -130.0, -35.4167 ], [ -130.4167, -35.625 ], [ -131.0417, -35.625 ], [ -131.25, -36.0417 ], [ -130.8333, -36.4583 ], [ -130.625, -36.4583 ], [ -130.2083, -36.4583 ], [ -129.7917, -36.0417 ], [ -129.5833, -36.4583 ], [ -129.5833, -36.875 ], [ -129.375, -36.875 ], [ -129.375, -37.2917 ], [ -129.5833, -37.5 ], [ -129.1667, -37.9167 ], [ -128.9583, -37.9167 ], [ -128.75, -38.125 ], [ -128.9583, -38.3333 ], [ -128.75, -38.75 ], [ -128.3333, -38.75 ], [ -128.125, -39.375 ], [ -128.3333, -39.5833 ], [ -128.3333, -39.7917 ], [ -127.9167, -40.2083 ], [ -127.5, -40.625 ], [ -127.5, -40.8333 ], [ -127.5, -41.0417 ], [ -127.5, -41.4583 ], [ -127.5, -41.6667 ], [ -127.5, -42.0833 ], [ -127.5, -42.5 ], [ -127.5, -42.9167 ], [ -127.5, -43.125 ], [ -127.5, -43.5417 ], [ -127.7083, -43.9583 ], [ -127.9167, -44.1667 ], [ -128.125, -44.5833 ], [ -127.7083, -44.7917 ], [ -127.5, -44.7917 ], [ -127.0833, -45.0 ], [ -126.875, -45.0 ], [ -126.6667, -45.2083 ], [ -126.4583, -45.4167 ], [ -126.4583, -45.625 ], [ -126.4583, -46.0417 ], [ -126.25, -46.6667 ], [ -125.8333, -46.4583 ], [ -125.8333, -46.6667 ], [ -125.8333, -47.0833 ], [ -125.8333, -47.2917 ], [ -126.0417, -47.5 ], [ -125.625, -47.7083 ], [ -125.4167, -47.7083 ], [ -125.2083, -47.7083 ], [ -124.7917, -47.7083 ], [ -124.5833, -47.9167 ], [ -124.5833, -48.125 ], [ -124.1667, -48.3333 ], [ -124.1667, -48.5417 ], [ -123.75, -48.75 ], [ -123.5417, -48.75 ], [ -123.125, -48.9583 ], [ -123.125, -49.1667 ], [ -122.7083, -49.5833 ], [ -122.9167, -50.0 ], [ -122.5, -50.2083 ], [ -122.2917, -50.2083 ], [ -121.875, -50.2083 ], [ -121.4583, -50.2083 ], [ -121.25, -50.4167 ], [ -121.4583, -50.8333 ], [ -121.4583, -51.25 ], [ -121.0417, -51.4583 ], [ -120.8333, -51.4583 ], [ -120.4167, -51.25 ], [ -120.0, -50.8333 ], [ -120.2083, -50.625 ], [ -120.0, -50.2083 ], [ -119.7917, -50.2083 ], [ -119.1667, -50.4167 ], [ -119.1667, -50.625 ], [ -119.1667, -50.8333 ], [ -118.9583, -51.0417 ], [ -118.9583, -51.25 ], [ -118.5417, -51.25 ], [ -118.3333, -50.8333 ], [ -118.3333, -50.625 ], [ -118.3333, -50.2083 ], [ -117.9167, -50.2083 ], [ -117.7083, -50.2083 ], [ -117.7083, -50.4167 ], [ -117.0833, -50.8333 ], [ -116.875, -50.8333 ], [ -116.6667, -50.8333 ], [ -116.4583, -51.0417 ], [ -116.0417, -51.25 ], [ -116.0417, -51.6667 ], [ -115.625, -51.875 ], [ -115.2083, -52.2917 ], [ -115.2083, -52.7083 ], [ -115.0, -52.7083 ], [ -115.0, -53.3333 ], [ -114.7917, -53.5417 ], [ -115.0, -53.5417 ], [ -114.5833, -54.1667 ], [ -114.375, -54.5833 ], [ -114.375, -54.7917 ], [ -114.5833, -55.0 ], [ -114.5833, -55.4167 ], [ -114.5833, -55.8333 ], [ -114.5833, -56.0417 ], [ -114.375, -56.25 ], [ -114.1667, -56.4583 ], [ -113.9583, -56.6667 ], [ -113.9583, -56.875 ], [ -114.375, -57.0833 ], [ -114.375, -57.2917 ], [ -114.7917, -57.2917 ], [ -114.7917, -57.7083 ], [ -115.0, -58.125 ], [ -115.0, -58.3333 ], [ -114.5833, -58.9583 ], [ -114.375, -59.1667 ], [ -114.1667, -59.375 ], [ -113.75, -58.9583 ], [ -113.5417, -58.5417 ], [ -113.3333, -58.3333 ], [ -113.125, -58.5417 ], [ -112.9167, -58.3333 ], [ -112.5, -58.75 ], [ -112.0833, -58.5417 ], [ -112.0833, -58.3333 ], [ -111.875, -58.125 ], [ -111.4583, -57.9167 ], [ -111.25, -57.9167 ], [ -110.8333, -58.125 ], [ -110.8333, -58.3333 ], [ -111.25, -58.75 ], [ -111.4583, -58.75 ], [ -111.6667, -58.9583 ], [ -111.875, -58.9583 ], [ -112.0833, -59.375 ], [ -112.2917, -59.5833 ], [ -112.2917, -59.7917 ], [ -111.875, -59.7917 ], [ -111.6667, -59.7917 ], [ -111.4583, -59.7917 ], [ -111.25, -60.2083 ], [ -111.0417, -60.4167 ], [ -110.8333, -60.625 ], [ -110.625, -60.625 ], [ -110.4167, -60.8333 ], [ -110.2083, -60.8333 ], [ -110.0, -60.8333 ], [ -109.5833, -60.8333 ], [ -109.375, -60.8333 ], [ -108.9583, -61.0417 ], [ -108.75, -60.8333 ], [ -108.5417, -61.0417 ], [ -108.125, -60.8333 ], [ -107.9167, -60.8333 ], [ -107.7083, -61.25 ], [ -107.5, -61.25 ], [ -107.5, -61.6667 ], [ -107.2917, -61.6667 ], [ -106.875, -62.0833 ], [ -106.4583, -61.6667 ], [ -106.25, -61.6667 ], [ -105.8333, -61.6667 ], [ -105.625, -61.875 ], [ -105.4167, -62.0833 ], [ -105.2083, -62.0833 ], [ -105.0, -62.2917 ], [ -104.7917, -62.2917 ], [ -104.5833, -62.7083 ], [ -104.375, -63.125 ], [ -103.9583, -63.125 ], [ -103.9583, -63.3333 ], [ -103.5417, -63.3333 ], [ -103.125, -63.125 ], [ -102.7083, -63.3333 ], [ -102.7083, -63.5417 ], [ -102.7083, -63.75 ], [ -102.7083, -63.9583 ], [ -102.5, -64.375 ], [ -102.7083, -64.5833 ], [ -102.5, -64.7917 ], [ -102.5, -65.0 ], [ -102.5, -65.625 ], [ -102.5, -66.0417 ], [ -102.5, -66.25 ], [ -102.5, -66.4583 ], [ -102.5, -66.875 ], [ -102.5, -67.0833 ], [ -102.5, -67.2917 ], [ -102.9167, -67.7083 ], [ -102.9167, -67.9167 ], [ -103.125, -68.125 ], [ -103.5417, -68.125 ], [ -103.75, -68.3333 ], [ -104.1667, -68.3333 ], [ -104.1667, -68.9583 ], [ -104.1667, -69.1667 ], [ -104.1667, -69.375 ], [ -103.9583, -69.7917 ], [ -103.75, -70.0 ], [ -103.75, -70.2083 ], [ -103.9583, -70.625 ], [ -104.375, -70.625 ], [ -104.5833, -71.0417 ], [ -104.7917, -71.0417 ], [ -104.7917, -71.25 ], [ -105.0, -71.25 ], [ -105.2083, -71.6667 ], [ -105.2083, -72.0833 ], [ -105.4167, -72.2917 ], [ -105.8333, -72.7083 ], [ -105.8333, -72.9167 ], [ -106.25, -73.125 ], [ -106.25, -73.3333 ], [ -106.4583, -73.3333 ], [ -106.4583, -73.9583 ], [ -106.25, -74.1667 ], [ -106.25, -74.375 ], [ -106.4583, -74.5833 ], [ -106.6667, -74.5833 ], [ -107.0833, -75.0 ], [ -107.0833, -75.4167 ], [ -107.2917, -75.8333 ], [ -107.0833, -76.0417 ], [ -107.0833, -76.4583 ], [ -107.0833, -76.6667 ], [ -107.2917, -76.6667 ], [ -107.5, -76.875 ], [ -107.7083, -76.875 ], [ -107.7083, -77.0833 ], [ -108.125, -77.2917 ], [ -108.3333, -77.5 ], [ -108.75, -77.2917 ], [ -108.9583, -77.7083 ], [ -109.375, -77.5 ], [ -109.5833, -77.5 ], [ -109.7917, -77.5 ], [ -110.0, -77.5 ], [ -110.4167, -77.7083 ], [ -110.625, -77.7083 ], [ -111.0417, -77.5 ], [ -111.0417, -76.875 ], [ -111.25, -76.875 ], [ -111.4583, -76.4583 ], [ -111.6667, -76.4583 ], [ -111.6667, -76.0417 ], [ -111.4583, -75.4167 ], [ -111.6667, -75.2083 ], [ -111.6667, -75.0 ], [ -111.6667, -74.5833 ], [ -111.25, -74.5833 ], [ -111.0417, -74.1667 ], [ -111.0417, -73.9583 ], [ -111.0417, -73.75 ], [ -110.8333, -73.5417 ], [ -111.0417, -73.125 ], [ -110.8333, -72.9167 ], [ -110.4167, -72.9167 ], [ -110.4167, -73.125 ], [ -110.0, -72.9167 ], [ -109.7917, -72.7083 ], [ -109.7917, -72.5 ], [ -110.4167, -72.2917 ], [ -110.625, -72.2917 ], [ -110.8333, -72.2917 ], [ -111.0417, -72.2917 ], [ -111.25, -72.2917 ], [ -111.25, -72.0833 ], [ -111.4583, -72.0833 ], [ -111.6667, -71.4583 ], [ -112.0833, -71.4583 ], [ -112.2917, -71.0417 ], [ -112.2917, -70.4167 ], [ -112.5, -70.0 ], [ -112.7083, -69.7917 ], [ -113.125, -70.0 ], [ -113.3333, -70.0 ], [ -113.5417, -70.0 ], [ -113.75, -70.0 ], [ -113.75, -70.625 ], [ -113.9583, -70.8333 ], [ -114.1667, -70.8333 ], [ -114.375, -70.8333 ], [ -114.5833, -70.8333 ], [ -115.0, -70.4167 ], [ -115.4167, -70.8333 ], [ -115.8333, -70.8333 ], [ -116.25, -71.0417 ], [ -116.25, -71.4583 ], [ -115.8333, -71.6667 ], [ -115.8333, -72.0833 ], [ -115.625, -72.0833 ], [ -115.4167, -72.0833 ], [ -115.2083, -72.7083 ], [ -115.0, -73.3333 ], [ -115.2083, -73.3333 ], [ -114.7917, -73.75 ], [ -114.7917, -73.9583 ], [ -114.5833, -74.375 ], [ -114.5833, -74.7917 ], [ -114.375, -74.7917 ], [ -114.375, -75.2083 ], [ -113.9583, -75.4167 ], [ -113.9583, -75.625 ], [ -114.375, -75.8333 ], [ -114.5833, -75.8333 ], [ -114.7917, -75.625 ], [ -115.2083, -75.625 ], [ -115.2083, -75.8333 ], [ -115.4167, -76.0417 ], [ -115.8333, -76.0417 ], [ -116.0417, -76.25 ], [ -115.8333, -76.6667 ], [ -115.4167, -76.875 ], [ -115.4167, -77.2917 ], [ -115.625, -77.2917 ], [ -115.8333, -77.5 ], [ -116.25, -77.7083 ], [ -116.4583, -77.7083 ], [ -116.875, -77.9167 ], [ -116.875, -78.3333 ], [ -116.875, -78.5417 ], [ -117.0833, -78.9583 ], [ -117.0833, -79.1667 ], [ -117.2917, -79.5833 ], [ -117.5, -79.5833 ], [ -117.7083, -79.375 ], [ -118.3333, -79.5833 ], [ -118.75, -79.7917 ], [ -118.9583, -79.7917 ], [ -119.1667, -79.7917 ], [ -119.375, -79.5833 ], [ -120.2083, -79.7917 ], [ -120.2083, -80.0 ], [ -120.625, -80.2083 ], [ -120.625, -80.625 ], [ -121.0417, -80.4167 ], [ -121.4583, -80.8333 ], [ -121.4583, -80.625 ], [ -122.0833, -80.8333 ], [ -122.2917, -80.625 ], [ -122.5, -80.625 ], [ -122.7083, -80.4167 ], [ -122.9167, -80.2083 ], [ -123.3333, -80.2083 ], [ -123.5417, -80.4167 ], [ -123.75, -80.625 ], [ -124.1667, -80.8333 ], [ -124.5833, -80.625 ], [ -124.5833, -80.4167 ], [ -124.5833, -80.2083 ], [ -124.7917, -79.7917 ], [ -124.7917, -79.375 ], [ -125.2083, -79.1667 ], [ -125.2083, -78.9583 ], [ -125.4167, -78.5417 ], [ -125.8333, -78.125 ], [ -125.8333, -77.7083 ], [ -126.0417, -77.5 ], [ -126.25, -77.2917 ], [ -126.4583, -77.0833 ], [ -126.25, -76.875 ], [ -126.0417, -76.4583 ], [ -126.0417, -76.25 ], [ -126.4583, -76.25 ], [ -126.4583, -75.8333 ], [ -126.6667, -75.625 ], [ -126.875, -75.2083 ], [ -127.0833, -74.7917 ], [ -127.2917, -74.5833 ], [ -127.5, -74.375 ], [ -127.5, -74.1667 ], [ -127.2917, -73.9583 ], [ -127.2917, -73.75 ], [ -126.875, -73.5417 ], [ -126.6667, -73.125 ], [ -126.875, -73.125 ], [ -126.6667, -72.7083 ], [ -126.4583, -72.5 ], [ -126.4583, -72.0833 ], [ -127.0833, -71.875 ], [ -127.2917, -72.0833 ], [ -127.7083, -71.6667 ], [ -127.0833, -71.25 ], [ -127.7083, -71.0417 ], [ -128.3333, -70.8333 ], [ -128.75, -70.625 ], [ -129.1667, -70.8333 ], [ -129.1667, -70.625 ], [ -129.5833, -71.0417 ], [ -129.7917, -71.0417 ], [ -130.0, -71.25 ], [ -130.4167, -71.4583 ], [ -130.4167, -71.6667 ], [ -130.625, -71.6667 ], [ -130.625, -71.875 ], [ -130.625, -72.0833 ], [ -130.4167, -72.5 ], [ -130.0, -72.2917 ], [ -129.7917, -72.5 ], [ -129.5833, -72.5 ], [ -129.1667, -73.125 ], [ -129.375, -73.5417 ], [ -129.5833, -73.5417 ], [ -130.0, -73.75 ], [ -130.4167, -73.5417 ], [ -130.625, -73.9583 ], [ -130.8333, -73.75 ], [ -130.8333, -73.9583 ], [ -131.4583, -73.75 ], [ -131.4583, -73.5417 ], [ -131.6667, -73.5417 ], [ -131.6667, -72.9167 ], [ -132.0833, -72.9167 ], [ -132.2917, -73.125 ], [ -132.7083, -73.125 ], [ -132.9167, -72.9167 ], [ -133.125, -73.125 ], [ -133.3333, -73.125 ], [ -133.5417, -73.3333 ], [ -133.75, -73.5417 ], [ -134.1667, -73.5417 ], [ -134.1667, -73.3333 ], [ -134.1667, -72.9167 ], [ -133.75, -72.9167 ], [ -133.3333, -72.7083 ], [ -133.3333, -72.5 ], [ -133.5417, -72.2917 ], [ -133.75, -72.2917 ], [ -134.1667, -72.2917 ], [ -134.5833, -72.2917 ], [ -134.7917, -72.9167 ], [ -135.0, -72.9167 ], [ -135.2083, -73.125 ], [ -135.625, -73.125 ], [ -136.0417, -72.9167 ], [ -135.8333, -72.7083 ], [ -136.25, -72.0833 ], [ -136.6667, -72.5 ], [ -136.875, -72.9167 ], [ -137.0833, -72.9167 ], [ -137.2917, -72.9167 ], [ -137.5, -72.9167 ], [ -137.7083, -73.125 ], [ -138.125, -72.9167 ], [ -138.3333, -72.9167 ], [ -138.5417, -72.9167 ], [ -139.1667, -72.5 ], [ -139.5833, -72.2917 ], [ -139.7917, -72.2917 ], [ -140.0, -72.2917 ], [ -140.2083, -72.2917 ], [ -140.4167, -71.875 ], [ -140.2083, -71.4583 ], [ -140.625, -71.25 ], [ -140.8333, -70.8333 ], [ -141.4583, -70.8333 ] ], [ [ -118.75, -78.5417 ], [ -119.1667, -78.125 ], [ -119.1667, -78.75 ], [ -118.75, -78.75 ], [ -118.75, -78.5417 ] ], [ [ -131.875, -60.625 ], [ -132.2917, -60.2083 ], [ -132.5, -60.625 ], [ -132.5, -60.8333 ], [ -132.2917, -61.0417 ], [ -131.875, -61.4583 ], [ -131.875, -61.875 ], [ -132.0833, -62.0833 ], [ -132.5, -62.0833 ], [ -132.9167, -62.2917 ], [ -132.9167, -62.7083 ], [ -132.5, -63.125 ], [ -132.2917, -62.9167 ], [ -131.875, -62.9167 ], [ -131.6667, -62.9167 ], [ -131.4583, -62.9167 ], [ -131.25, -62.7083 ], [ -131.25, -62.5 ], [ -130.8333, -62.0833 ], [ -130.8333, -62.2917 ], [ -130.4167, -62.0833 ], [ -130.625, -61.6667 ], [ -130.625, -61.4583 ], [ -131.0417, -61.25 ], [ -131.25, -61.0417 ], [ -131.4583, -61.0417 ], [ -131.6667, -60.625 ], [ -131.875, -60.625 ] ], [ [ -138.9583, -53.9583 ], [ -138.9583, -53.5417 ], [ -139.375, -53.3333 ], [ -139.375, -53.5417 ], [ -139.5833, -53.75 ], [ -139.1667, -53.9583 ], [ -138.9583, -53.9583 ] ], [ [ -127.2917, -68.9583 ], [ -127.5, -69.1667 ], [ -127.5, -69.375 ], [ -127.0833, -69.7917 ], [ -126.875, -69.375 ], [ -126.875, -69.1667 ], [ -127.2917, -68.9583 ] ], [ [ -110.625, -67.5 ], [ -110.4167, -67.7083 ], [ -110.2083, -67.7083 ], [ -110.0, -67.9167 ], [ -109.375, -67.9167 ], [ -109.375, -67.5 ], [ -109.5833, -67.2917 ], [ -110.0, -67.0833 ], [ -110.0, -66.875 ], [ -110.0, -66.6667 ], [ -110.0, -66.25 ], [ -110.0, -65.8333 ], [ -110.2083, -65.625 ], [ -110.4167, -65.625 ], [ -110.625, -66.0417 ], [ -111.0417, -66.25 ], [ -110.8333, -66.6667 ], [ -110.8333, -67.0833 ], [ -110.8333, -67.5 ], [ -110.625, -67.5 ] ], [ [ -111.0417, -71.0417 ], [ -111.25, -70.625 ], [ -111.4583, -70.625 ], [ -111.6667, -70.8333 ], [ -111.4583, -71.4583 ], [ -111.25, -71.4583 ], [ -111.0417, -71.0417 ] ], [ [ -117.7083, -77.7083 ], [ -117.7083, -77.5 ], [ -118.3333, -77.5 ], [ -118.125, -78.125 ], [ -117.9167, -78.125 ], [ -117.7083, -77.7083 ] ], [ [ -116.25, -62.7083 ], [ -116.25, -62.5 ], [ -116.4583, -62.2917 ], [ -116.6667, -62.2917 ], [ -117.0833, -61.875 ], [ -117.2917, -61.875 ], [ -117.5, -62.0833 ], [ -117.7083, -62.0833 ], [ -117.9167, -62.5 ], [ -117.7083, -62.7083 ], [ -117.5, -62.9167 ], [ -117.2917, -63.125 ], [ -116.875, -63.125 ], [ -116.6667, -63.125 ], [ -116.0417, -62.9167 ], [ -116.25, -62.7083 ] ], [ [ -115.8333, -59.7917 ], [ -115.625, -59.5833 ], [ -115.625, -59.1667 ], [ -116.0417, -59.375 ], [ -116.0417, -59.7917 ], [ -115.8333, -59.7917 ] ], [ [ -113.3333, -64.375 ], [ -113.3333, -64.1667 ], [ -113.9583, -63.9583 ], [ -113.9583, -64.375 ], [ -113.9583, -64.5833 ], [ -113.75, -64.5833 ], [ -113.3333, -64.375 ] ] ] ] } },
{ "type": "Feature", "properties": { "id": 28, "neighbors": [ 30, 8, 10, 11, 12, 29 ], "height": 4, "biome": 9, "type": "island", "population": 0, "state": 0, "province": 0 }, "geometry": { "type": "MultiPolygon", "coordinates": [ [ [ [ -138.3333, 24.375 ], [ -137.9167, 24.5833 ], [ -137.7083, 24.5833 ], [ -137.7083, 24.375 ], [ -137.9167, 23.9583 ], [ -138.125, 24.1667 ], [ -138.3333, 24.375 ] ] ] ] } },
{ "type": "Feature", "properties": { "id": 28, "neighbors": [ 30, 8, 10, 11, 12, 29 ], "height": 4, "biome": 9, "type": "island", "population": 0, "state": 0, "province": 0 }, "geometry": { "type": "MultiPolygon", "coordinates": [ [ [ [ -131.4583, -21.6667 ], [ -131.25, -21.0417 ], [ -130.8333, -20.8333 ], [ -130.625, -20.8333 ], [ -130.625, -21.0417 ], [ -130.8333, -21.6667 ], [ -131.4583, -21.6667 ] ] ] ] } },
{ "type": "Feature", "properties": { "id": 28, "neighbors": [ 30, 8, 10, 11, 12, 29 ], "height": 4, "biome": 9, "type": "island", "population": 0, "state": 0, "province": 0 }, "geometry": { "type": "MultiPolygon", "coordinates": [ [ [ [ -131.0417, 27.9167 ], [ -131.4583, 28.3333 ], [ -131.25, 28.5417 ], [ -131.25, 28.9583 ], [ -131.0417, 29.1667 ], [ -131.25, 29.5833 ], [ -131.25, 29.7917 ], [ -130.625, 30.0 ], [ -130.4167, 30.0 ], [ -130.4167, 30.4167 ], [ -130.625, 30.625 ], [ -130.625, 31.0417 ], [ -130.4167, 31.25 ], [ -130.0, 31.4583 ], [ -130.0, 31.6667 ], [ -129.7917, 31.875 ], [ -129.7917, 32.0833 ], [ -129.7917, 32.2917 ], [ -129.5833, 32.2917 ], [ -129.5833, 32.5 ], [ -129.1667, 32.5 ], [ -128.75, 32.2917 ], [ -128.5417, 32.5 ], [ -128.3333, 32.5 ], [ -128.125, 32.7083 ], [ -128.125, 33.125 ], [ -127.7083, 33.3333 ], [ -127.2917, 33.5417 ], [ -127.2917, 33.75 ], [ -126.875, 33.9583 ], [ -126.6667, 33.75 ], [ -126.25, 33.75 ], [ -126.0417, 33.5417 ], [ -125.8333, 33.5417 ], [ -125.625, 33.5417 ], [ -125.0, 33.5417 ], [ -125.0, 33.75 ], [ -124.5833, 33.75 ], [ -124.375, 33.9583 ], [ -124.1667, 33.75 ], [ -123.9583, 33.9583 ], [ -123.75, 33.75 ], [ -123.3333, 33.75 ], [ -122.7083, 33.75 ], [ -122.7083, 33.9583 ], [ -122.2917, 33.9583 ], [ -122.0833, 33.9583 ], [ -121.875, 33.75 ], [ -121.4583, 33.9583 ], [ -121.4583, 34.5833 ], [ -121.0417, 34.7917 ], [ -120.8333, 34.5833 ], [ -120.625, 34.375 ], [ -120.8333, 34.1667 ], [ -121.0417, 33.9583 ], [ -121.0417, 33.3333 ], [ -120.8333, 33.3333 ], [ -120.4167, 33.3333 ], [ -119.7917, 33.75 ], [ -119.5833, 34.1667 ], [ -119.1667, 34.1667 ], [ -118.75, 33.75 ], [ -118.9583, 33.5417 ], [ -118.9583, 33.125 ], [ -119.1667, 32.9167 ], [ -119.1667, 32.5 ], [ -118.75, 32.7083 ], [ -118.5417, 32.5 ], [ -118.125, 32.5 ], [ -117.7083, 32.7083 ], [ -117.5, 32.7083 ], [ -117.7083, 33.125 ], [ -117.7083, 33.5417 ], [ -117.5, 33.9583 ], [ -117.2917, 33.9583 ], [ -117.0833, 33.9583 ], [ -116.6667, 34.1667 ], [ -116.4583, 34.1667 ], [ -116.0417, 34.5833 ], [ -116.25, 35.0 ], [ -116.0417, 35.2083 ], [ -115.8333, 35.625 ], [ -115.4167, 35.625 ], [ -115.4167, 36.25 ], [ -115.2083, 36.6667 ], [ -115.2083, 36.875 ], [ -115.4167, 37.0833 ], [ -115.4167, 37.2917 ], [ -115.625, 37.5 ], [ -116.25, 37.5 ], [ -116.25, 37.2917 ], [ -116.6667, 36.875 ], [ -116.875, 36.875 ], [ -117.0833, 37.2917 ], [ -117.0833, 37.7083 ], [ -117.2917, 37.9167 ], [ -117.7083, 37.7083 ], [ -118.3333, 37.7083 ], [ -118.5417, 37.9167 ], [ -118.9583, 37.5 ], [ -119.375, 37.5 ], [ -119.375, 37.9167 ], [ -119.375, 38.125 ], [ -119.375, 38.3333 ], [ -119.5833, 38.5417 ], [ -120.0, 38.5417 ], [ -120.2083, 38.5417 ], [ -120.625, 38.75 ], [ -120.8333, 38.9583 ], [ -121.0417, 39.1667 ], [ -121.25, 39.1667 ], [ -121.6667, 39.1667 ], [ -122.0833, 39.375 ], [ -122.0833, 39.5833 ], [ -122.0833, 40.0 ], [ -122.0833, 40.2083 ], [ -122.2917, 40.625 ], [ -122.2917, 41.0417 ], [ -122.2917, 41.25 ], [ -122.5, 41.4583 ], [ -122.2917, 41.875 ], [ -122.5, 42.0833 ], [ -122.5, 42.2917 ], [ -122.5, 42.5 ], [ -122.5, 42.7083 ], [ -122.2917, 42.9167 ], [ -122.0833, 43.3333 ], [ -122.2917, 43.3333 ], [ -121.875, 43.75 ], [ -121.6667, 43.9583 ], [ -121.6667, 44.375 ], [ -121.875, 44.375 ], [ -121.875, 44.7917 ], [ -122.0833, 45.0 ], [ -122.2917, 45.4167 ], [ -122.2917, 45.625 ], [ -121.875, 45.625 ], [ -121.4583, 45.2083 ], [ -121.25, 45.4167 ], [ -120.625, 45.4167 ], [ -120.4167, 45.625 ], [ -120.4167, 45.8333 ], [ -120.625, 46.0417 ], [ -120.625, 46.4583 ], [ -120.8333, 46.6667 ], [ -120.625, 47.0833 ], [ -120.4167, 47.2917 ], [ -120.0, 47.0833 ], [ -120.0, 46.6667 ], [ -120.0, 46.4583 ], [ -119.7917, 46.25 ], [ -119.7917, 46.0417 ], [ -119.7917, 45.8333 ], [ -119.5833, 45.8333 ], [ -119.1667, 45.8333 ], [ -118.9583, 45.8333 ], [ -118.75, 45.8333 ], [ -118.5417, 45.625 ], [ -118.125, 45.625 ], [ -117.9167, 45.625 ], [ -117.5, 45.4167 ], [ -117.2917, 45.4167 ], [ -117.0833, 45.2083 ], [ -116.6667, 45.625 ], [ -116.6667, 45.8333 ], [ -116.875, 46.25 ], [ -117.2917, 46.25 ], [ -117.7083, 46.6667 ], [ -117.9167, 47.0833 ], [ -118.3333, 47.0833 ], [ -118.5417, 47.2917 ], [ -118.5417, 47.5 ], [ -117.9167, 47.7083 ], [ -117.9167, 47.9167 ], [ -117.5, 48.3333 ], [ -117.2917, 48.5417 ], [ -117.5, 48.9583 ], [ -117.7083, 49.1667 ], [ -118.125, 49.375 ], [ -118.5417, 49.7917 ], [ -118.3333, 50.0 ], [ -117.9167, 50.4167 ], [ -118.125, 50.8333 ], [ -118.125, 51.0417 ], [ -118.3333, 51.25 ], [ -118.3333, 51.4583 ], [ -118.3333, 51.875 ], [ -118.3333, 52.0833 ], [ -118.3333, 52.5 ], [ -118.3333, 52.7083 ], [ -118.5417, 52.9167 ], [ -118.5417, 53.3333 ], [ -118.75, 53.75 ], [ -118.9583, 53.9583 ], [ -119.375, 54.375 ], [ -118.9583, 54.5833 ], [ -118.75, 54.7917 ], [ -118.3333, 55.2083 ], [ -118.3333, 55.4167 ], [ -118.125, 55.625 ], [ -118.3333, 55.8333 ], [ -118.125, 56.0417 ], [ -118.3333, 56.4583 ], [ -118.125, 56.6667 ], [ -118.125, 57.0833 ], [ -117.9167, 57.0833 ], [ -117.9167, 57.5 ], [ -117.5, 57.7083 ], [ -117.2917, 57.7083 ], [ -117.0833, 57.9167 ], [ -116.875, 57.9167 ], [ -116.6667, 57.9167 ], [ -116.4583, 58.125 ], [ -116.25, 58.3333 ], [ -116.25, 58.5417 ], [ -116.25, 59.1667 ], [ -116.0417, 59.1667 ], [ -116.0417, 59.5833 ], [ -115.625, 59.7917 ], [ -115.4167, 59.7917 ], [ -115.0, 59.5833 ], [ -114.5833, 59.5833 ], [ -114.375, 59.5833 ], [ -113.9583, 59.7917 ], [ -113.75, 59.5833 ], [ -113.5417, 59.1667 ], [ -113.125, 58.9583 ], [ -112.7083, 58.9583 ], [ -112.2917, 59.1667 ], [ -112.0833, 59.1667 ], [ -111.875, 59.375 ], [ -111.6667, 59.1667 ], [ -111.25, 59.1667 ], [ -111.0417, 58.9583 ], [ -110.625, 58.75 ], [ -110.4167, 58.9583 ], [ -110.4167, 59.1667 ], [ -110.2083, 59.375 ], [ -110.2083, 59.7917 ], [ -110.0, 60.0 ], [ -109.7917, 60.0 ], [ -109.5833, 60.2083 ], [ -109.1667, 60.2083 ], [ -109.1667, 60.4167 ], [ -109.375, 60.625 ], [ -109.375, 60.8333 ], [ -109.5833, 61.25 ], [ -109.375, 61.6667 ], [ -109.1667, 61.6667 ], [ -108.9583, 61.4583 ], [ -108.5417, 61.6667 ], [ -108.3333, 61.6667 ], [ -108.125, 62.2917 ], [ -107.9167, 62.2917 ], [ -107.7083, 62.5 ], [ -107.5, 62.5 ], [ -107.2917, 62.7083 ], [ -106.875, 62.9167 ], [ -107.0833, 63.125 ], [ -106.875, 63.5417 ], [ -106.6667, 63.75 ], [ -106.4583, 63.5417 ], [ -106.25, 63.3333 ], [ -106.25, 62.9167 ], [ -106.0417, 62.9167 ], [ -106.0417, 62.5 ], [ -105.8333, 62.5 ], [ -105.625, 62.0833 ], [ -105.4167, 61.4583 ], [ -105.625, 61.4583 ], [ -105.4167, 60.8333 ], [ -105.4167, 60.4167 ], [ -104.7917, 60.4167 ], [ -104.375, 60.8333 ], [ -104.1667, 60.8333 ], [ -104.375, 61.25 ], [ -104.1667, 61.25 ], [ -104.375, 61.6667 ], [ -104.375, 62.0833 ], [ -104.5833, 62.2917 ], [ -104.7917, 62.5 ], [ -104.7917, 62.7083 ], [ -105.0, 62.9167 ], [ -105.0, 63.125 ], [ -105.2083, 63.5417 ], [ -105.4167, 63.5417 ], [ -105.625, 63.9583 ], [ -105.4167, 64.375 ], [ -105.2083, 64.375 ], [ -104.5833, 64.1667 ], [ -104.5833, 63.5417 ], [ -104.375, 63.3333 ], [ -103.75, 63.5417 ], [ -103.75, 63.75 ], [ -103.3333, 63.5417 ], [ -103.125, 63.5417 ], [ -102.9167, 63.5417 ], [ -102.7083, 63.3333 ], [ -102.2917, 63.5417 ], [ -102.0833, 63.5417 ], [ -101.875, 63.5417 ], [ -101.4583, 63.5417 ], [ -101.25, 63.5417 ], [ -100.8333, 62.9167 ], [ -100.4167, 62.9167 ], [ -100.4167, 62.7083 ], [ -99.7917, 62.9167 ], [ -99.7917, 63.125 ], [ -99.1667, 63.3333 ], [ -99.1667, 63.5417 ], [ -98.9583, 63.5417 ], [ -98.3333, 63.5417 ], [ -98.3333, 63.125 ], [ -98.5417, 63.125 ], [ -98.5417, 62.7083 ], [ -98.125, 62.5 ], [ -97.9167, 62.7083 ], [ -97.7083, 62.7083 ], [ -97.5, 63.125 ], [ -97.2917, 63.125 ], [ -97.0833, 63.3333 ], [ -96.875, 63.3333 ], [ -96.6667, 63.5417 ], [ -96.25, 63.3333 ], [ -95.625, 63.5417 ], [ -95.2083, 63.5417 ], [ -94.7917, 63.5417 ], [ -94.5833, 63.75 ], [ -94.1667, 63.9583 ], [ -93.9583, 64.1667 ], [ -93.5417, 64.375 ], [ -93.3333, 64.1667 ], [ -93.125, 64.1667 ], [ -92.9167, 64.1667 ], [ -92.5, 64.375 ], [ -91.6667, 64.375 ], [ -91.25, 64.375 ], [ -91.0417, 64.375 ], [ -90.625, 64.375 ], [ -90.625, 64.1667 ], [ -90.2083, 64.1667 ], [ -90.0, 63.5417 ], [ -90.0, 63.3333 ], [ -90.2083, 63.3333 ], [ -90.625, 63.3333 ], [ -90.625, 63.125 ], [ -90.625, 62.9167 ], [ -90.4167, 62.7083 ], [ -90.4167, 62.5 ], [ -90.2083, 62.2917 ], [ -90.0, 62.2917 ], [ -89.7917, 62.0833 ], [ -89.7917, 61.875 ], [ -89.375, 61.875 ], [ -89.1667, 61.6667 ], [ -88.9583, 61.4583 ], [ -88.5417, 61.6667 ], [ -88.3333, 61.6667 ], [ -88.125, 61.6667 ], [ -87.7083, 61.6667 ], [ -87.5, 61.875 ], [ -87.2917, 61.875 ], [ -87.0833, 61.875 ], [ -86.875, 62.0833 ], [ -86.6667, 62.0833 ], [ -86.25, 61.6667 ], [ -86.4583, 61.4583 ], [ -86.6667, 61.25 ], [ -86.4583, 60.625 ], [ -86.25, 60.625 ], [ -85.8333, 60.4167 ], [ -85.8333, 60.2083 ], [ -85.8333, 59.7917 ], [ -85.8333, 59.1667 ], [ -85.8333, 58.75 ], [ -85.625, 58.75 ], [ -85.4167, 58.3333 ], [ -85.0, 58.125 ], [ -85.0, 57.9167 ], [ -85.0, 57.7083 ], [ -84.7917, 57.2917 ], [ -84.7917, 57.0833 ], [ -84.5833, 56.875 ], [ -84.375, 56.6667 ], [ -84.375, 56.4583 ], [ -84.1667, 56.25 ], [ -83.75, 56.0417 ], [ -83.5417, 55.8333 ], [ -83.5417, 55.4167 ], [ -83.3333, 55.4167 ], [ -83.3333, 54.7917 ], [ -83.125, 54.7917 ], [ -83.125, 54.5833 ], [ -83.125, 54.1667 ], [ -83.125, 53.9583 ], [ -83.125, 53.75 ], [ -82.9167, 53.5417 ], [ -82.9167, 53.125 ], [ -82.7083, 53.125 ], [ -82.7083, 52.7083 ], [ -82.7083, 52.2917 ], [ -82.7083, 52.0833 ], [ -82.7083, 51.875 ], [ -82.7083, 51.4583 ], [ -82.7083, 51.25 ], [ -82.7083, 51.0417 ], [ -82.2917, 50.8333 ], [ -82.0833, 50.625 ], [ -82.0833, 50.4167 ], [ -81.875, 49.7917 ], [ -82.0833, 49.7917 ], [ -81.875, 49.1667 ], [ -81.4583, 49.375 ], [ -81.4583, 49.7917 ], [ -81.0417, 50.2083 ], [ -81.0417, 50.625 ], [ -81.0417, 50.8333 ], [ -80.625, 51.25 ], [ -80.4167, 51.6667 ], [ -80.625, 51.875 ], [ -80.4167, 52.2917 ], [ -80.4167, 52.7083 ], [ -80.0, 52.9167 ], [ -80.0, 53.3333 ], [ -79.7917, 53.5417 ], [ -79.7917, 53.75 ], [ -79.375, 53.75 ], [ -79.1667, 53.3333 ], [ -78.9583, 53.3333 ], [ -78.5417, 53.125 ], [ -78.125, 53.3333 ], [ -78.125, 53.5417 ], [ -77.7083, 53.5417 ], [ -77.5, 52.9167 ], [ -77.0833, 52.9167 ], [ -77.0833, 53.125 ], [ -76.875, 53.3333 ], [ -76.875, 53.5417 ], [ -76.6667, 53.9583 ], [ -76.6667, 54.1667 ], [ -76.4583, 54.1667 ], [ -76.0417, 53.9583 ], [ -75.8333, 54.375 ], [ -75.4167, 54.375 ], [ -75.0, 54.375 ], [ -74.7917, 54.5833 ], [ -74.5833, 54.7917 ], [ -74.5833, 55.0 ], [ -74.375, 55.4167 ], [ -74.375, 55.625 ], [ -74.5833, 55.625 ], [ -74.5833, 56.0417 ], [ -74.375, 56.4583 ], [ -74.5833, 56.875 ], [ -74.375, 56.875 ], [ -74.375, 57.0833 ], [ -74.375, 57.5 ], [ -74.1667, 57.7083 ], [ -73.75, 57.0833 ], [ -73.5417, 57.0833 ], [ -73.5417, 56.875 ], [ -73.5417, 56.4583 ], [ -73.3333, 56.0417 ], [ -73.125, 55.625 ], [ -72.9167, 55.4167 ], [ -72.7083, 55.4167 ], [ -72.2917, 55.625 ], [ -72.0833, 55.625 ], [ -71.875, 55.8333 ], [ -71.4583, 55.625 ], [ -71.25, 55.4167 ], [ -71.25, 55.2083 ], [ -71.25, 54.7917 ], [ -71.4583, 54.5833 ], [ -71.4583, 54.1667 ], [ -71.4583, 53.9583 ], [ -71.25, 53.5417 ], [ -71.4583, 53.3333 ], [ -71.25, 53.125 ], [ -71.25, 52.9167 ], [ -71.4583, 52.7083 ], [ -71.25, 52.2917 ], [ -71.25, 52.0833 ], [ -71.25, 51.875 ], [ -71.25, 51.6667 ], [ -71.0417, 51.4583 ], [ -71.0417, 51.25 ], [ -70.8333, 51.0417 ], [ -70.8333, 50.8333 ], [ -71.25, 50.625 ], [ -71.4583, 50.625 ], [ -71.875, 50.625 ], [ -71.875, 50.4167 ], [ -72.2917, 50.4167 ], [ -72.5, 50.0 ], [ -73.125, 50.0 ], [ -73.125, 50.2083 ], [ -73.125, 50.4167 ], [ -73.5417, 50.8333 ], [ -73.75, 50.8333 ], [ -73.9583, 50.2083 ], [ -73.75, 50.0 ], [ -73.75, 49.7917 ], [ -73.5417, 49.375 ], [ -73.125, 49.375 ], [ -72.9167, 49.1667 ], [ -72.7083, 49.1667 ], [ -72.5, 48.75 ], [ -72.7083, 48.5417 ], [ -73.125, 48.3333 ], [ -73.3333, 48.3333 ], [ -73.5417, 48.3333 ], [ -73.75, 47.9167 ], [ -73.9583, 47.9167 ], [ -73.9583, 47.5 ], [ -74.5833, 47.2917 ], [ -74.7917, 47.0833 ], [ -74.7917, 46.6667 ], [ -75.2083, 46.6667 ], [ -75.2083, 46.0417 ], [ -75.0, 46.0417 ], [ -74.7917, 45.8333 ], [ -74.375, 45.625 ], [ -74.375, 45.2083 ], [ -74.375, 45.0 ], [ -74.375, 44.7917 ], [ -74.1667, 44.375 ], [ -74.375, 43.9583 ], [ -74.5833, 43.9583 ], [ -74.7917, 43.75 ], [ -74.7917, 43.5417 ], [ -75.0, 43.3333 ], [ -75.0, 43.125 ], [ -75.0, 42.9167 ], [ -75.0, 42.7083 ], [ -75.0, 42.5 ], [ -75.4167, 42.2917 ], [ -75.625, 41.6667 ], [ -75.625, 41.4583 ], [ -75.8333, 41.0417 ], [ -76.0417, 41.0417 ], [ -76.0417, 40.8333 ], [ -76.25, 40.8333 ], [ -76.875, 40.8333 ], [ -77.0833, 40.625 ], [ -77.5, 40.4167 ], [ -77.5, 40.0 ], [ -77.5, 39.5833 ], [ -77.5, 39.375 ], [ -77.5, 39.1667 ], [ -77.9167, 38.75 ], [ -78.125, 38.5417 ], [ -78.125, 38.3333 ], [ -78.3333, 38.125 ], [ -78.125, 37.9167 ], [ -78.3333, 37.7083 ], [ -78.125, 37.5 ], [ -78.5417, 36.875 ], [ -78.75, 36.875 ], [ -78.9583, 37.0833 ], [ -78.9583, 37.5 ], [ -79.1667, 37.7083 ], [ -79.5833, 37.5 ], [ -79.5833, 37.0833 ], [ -80.2083, 37.0833 ], [ -80.4167, 37.2917 ], [ -80.625, 37.5 ], [ -80.625, 37.7083 ], [ -81.25, 37.9167 ], [ -81.6667, 37.9167 ], [ -82.2917, 38.125 ], [ -82.5, 37.9167 ], [ -82.7083, 37.9167 ], [ -83.125, 37.9167 ], [ -83.3333, 37.9167 ], [ -83.75, 37.5 ], [ -83.9583, 37.5 ], [ -84.1667, 37.0833 ], [ -84.1667, 36.6667 ], [ -83.9583, 36.25 ], [ -84.1667, 36.0417 ], [ -83.9583, 35.8333 ], [ -83.9583, 35.625 ], [ -84.1667, 35.4167 ], [ -84.375, 35.0 ], [ -84.375, 34.7917 ], [ -84.7917, 34.7917 ], [ -85.2083, 35.0 ], [ -85.2083, 35.2083 ], [ -85.8333, 35.2083 ], [ -85.8333, 34.7917 ], [ -86.0417, 34.7917 ], [ -86.4583, 34.7917 ], [ -86.4583, 35.2083 ], [ -86.6667, 35.2083 ], [ -87.0833, 35.2083 ], [ -87.5, 35.4167 ], [ -87.5, 35.625 ], [ -87.2917, 35.8333 ], [ -87.5, 36.25 ], [ -87.7083, 36.4583 ], [ -88.3333, 36.6667 ], [ -88.5417, 36.6667 ], [ -88.5417, 36.4583 ], [ -89.1667, 36.4583 ], [ -89.5833, 36.25 ], [ -89.7917, 36.25 ], [ -90.0, 36.0417 ], [ -90.2083, 36.0417 ], [ -90.4167, 35.625 ], [ -90.4167, 35.4167 ], [ -90.625, 35.4167 ], [ -90.8333, 35.625 ], [ -91.4583, 35.625 ], [ -91.4583, 35.2083 ], [ -91.875, 35.0 ], [ -92.0833, 35.0 ], [ -92.0833, 34.5833 ], [ -92.0833, 34.1667 ], [ -91.875, 34.1667 ], [ -91.4583, 34.1667 ], [ -90.8333, 34.1667 ], [ -90.8333, 33.9583 ], [ -90.8333, 33.5417 ], [ -90.4167, 33.3333 ], [ -90.4167, 33.125 ], [ -90.2083, 32.9167 ], [ -90.0, 32.5 ], [ -90.4167, 32.2917 ], [ -90.625, 32.2917 ], [ -90.8333, 32.2917 ], [ -91.0417, 32.5 ], [ -91.25, 32.5 ], [ -91.6667, 32.7083 ], [ -91.875, 32.7083 ], [ -92.2917, 32.7083 ], [ -92.5, 32.7083 ], [ -92.7083, 32.5 ], [ -93.125, 32.5 ], [ -93.3333, 32.2917 ], [ -93.3333, 32.0833 ], [ -93.75, 31.875 ], [ -93.9583, 31.6667 ], [ -94.1667, 31.6667 ], [ -94.5833, 31.6667 ], [ -94.7917, 31.6667 ], [ -95.2083, 31.6667 ], [ -95.4167, 31.875 ], [ -95.625, 31.875 ], [ -96.0417, 32.2917 ], [ -96.4583, 32.2917 ], [ -96.6667, 32.5 ], [ -96.6667, 32.7083 ], [ -96.6667, 33.125 ], [ -96.875, 33.3333 ], [ -97.0833, 33.3333 ], [ -97.2917, 33.5417 ], [ -97.5, 33.3333 ], [ -97.7083, 33.3333 ], [ -98.125, 33.3333 ], [ -98.3333, 33.5417 ], [ -98.5417, 33.3333 ], [ -98.5417, 32.9167 ], [ -98.5417, 32.2917 ], [ -98.9583, 32.2917 ], [ -99.1667, 32.2917 ], [ -99.375, 32.2917 ], [ -99.7917, 32.5 ], [ -100.0, 31.875 ], [ -99.7917, 31.6667 ], [ -100.0, 31.4583 ], [ -99.7917, 30.8333 ], [ -99.5833, 30.625 ], [ -99.1667, 30.4167 ], [ -98.75, 30.2083 ], [ -98.5417, 30.2083 ], [ -98.3333, 30.2083 ], [ -98.125, 30.0 ], [ -97.9167, 30.2083 ], [ -97.2917, 30.2083 ], [ -96.875, 30.0 ], [ -96.4583, 29.5833 ], [ -96.6667, 29.1667 ], [ -96.4583, 29.1667 ], [ -96.25, 29.1667 ], [ -95.8333, 28.9583 ], [ -95.4167, 28.5417 ], [ -95.2083, 28.5417 ], [ -95.0, 28.3333 ], [ -95.0, 28.125 ], [ -95.0, 27.7083 ], [ -95.0, 27.5 ], [ -95.0, 27.0833 ], [ -94.7917, 26.875 ], [ -95.0, 26.6667 ], [ -94.7917, 26.25 ], [ -95.0, 25.8333 ], [ -94.375, 25.625 ], [ -94.375, 25.4167 ], [ -93.9583, 25.2083 ], [ -93.9583, 25.0 ], [ -93.9583, 24.375 ], [ -94.1667, 24.375 ], [ -94.1667, 24.1667 ], [ -94.1667, 23.9583 ], [ -94.1667, 23.75 ], [ -94.375, 23.3333 ], [ -94.5833, 23.125 ], [ -94.7917, 22.9167 ], [ -94.7917, 22.2917 ], [ -94.7917, 21.875 ], [ -95.0, 21.6667 ], [ -95.4167, 21.4583 ], [ -95.4167, 21.25 ], [ -95.625, 20.8333 ], [ -95.2083, 20.625 ], [ -95.0, 20.2083 ], [ -95.0, 20.0 ], [ -95.2083, 19.5833 ], [ -95.4167, 19.5833 ], [ -95.4167, 19.1667 ], [ -95.2083, 18.75 ], [ -94.7917, 18.5417 ], [ -94.5833, 18.3333 ], [ -94.375, 18.3333 ], [ -94.1667, 18.3333 ], [ -93.9583, 18.125 ], [ -93.5417, 18.125 ], [ -93.125, 17.9167 ], [ -92.9167, 18.3333 ], [ -92.9167, 18.75 ], [ -92.9167, 18.9583 ], [ -92.9167, 19.1667 ], [ -92.5, 19.375 ], [ -92.5, 19.7917 ], [ -92.0833, 20.0 ], [ -92.0833, 20.625 ], [ -91.875, 20.8333 ], [ -91.6667, 20.8333 ], [ -91.25, 20.8333 ], [ -91.0417, 20.4167 ], [ -90.625, 20.4167 ], [ -90.4167, 20.625 ], [ -90.2083, 20.8333 ], [ -90.0, 21.0417 ], [ -89.7917, 21.4583 ], [ -89.375, 21.4583 ], [ -89.1667, 21.875 ], [ -88.9583, 22.0833 ], [ -88.75, 22.2917 ], [ -88.5417, 22.5 ], [ -87.9167, 22.5 ], [ -87.7083, 22.2917 ], [ -87.7083, 22.0833 ], [ -87.5, 21.875 ], [ -87.2917, 21.875 ], [ -87.0833, 22.0833 ], [ -86.875, 22.0833 ], [ -86.4583, 21.875 ], [ -86.25, 21.875 ], [ -86.0417, 21.4583 ], [ -86.0417, 21.25 ], [ -86.0417, 20.8333 ], [ -85.8333, 20.8333 ], [ -85.625, 20.4167 ], [ -85.625, 20.2083 ], [ -85.2083, 20.2083 ], [ -85.0, 19.5833 ], [ -85.4167, 19.375 ], [ -85.625, 19.5833 ], [ -86.0417, 19.375 ], [ -86.6667, 19.5833 ], [ -86.875, 19.1667 ], [ -86.6667, 18.9583 ], [ -86.6667, 18.5417 ], [ -86.6667, 18.3333 ], [ -86.6667, 17.9167 ], [ -86.6667, 17.7083 ], [ -86.25, 17.5 ], [ -86.25, 17.2917 ], [ -86.0417, 17.0833 ], [ -86.0417, 16.875 ], [ -86.25, 16.4583 ], [ -86.25, 16.25 ], [ -86.4583, 15.8333 ], [ -86.6667, 15.4167 ], [ -86.25, 15.0 ], [ -86.25, 14.7917 ], [ -86.6667, 14.375 ], [ -86.875, 14.375 ], [ -87.0833, 14.5833 ], [ -87.2917, 14.5833 ], [ -87.5, 15.0 ], [ -87.7083, 15.0 ], [ -88.125, 14.7917 ], [ -88.3333, 14.5833 ], [ -88.3333, 14.375 ], [ -88.5417, 14.375 ], [ -88.9583, 14.375 ], [ -89.375, 14.1667 ], [ -89.5833, 13.75 ], [ -90.2083, 13.5417 ], [ -90.4167, 13.9583 ], [ -90.625, 13.9583 ], [ -90.8333, 14.1667 ], [ -91.4583, 14.1667 ], [ -91.6667, 14.375 ], [ -92.0833, 14.375 ], [ -92.2917, 14.375 ], [ -92.7083, 14.375 ], [ -92.7083, 14.1667 ], [ -93.5417, 14.5833 ], [ -93.5417, 15.0 ], [ -93.5417, 15.4167 ], [ -93.75, 15.625 ], [ -93.75, 15.8333 ], [ -93.9583, 16.0417 ], [ -93.9583, 16.25 ], [ -94.1667, 16.25 ], [ -94.5833, 16.6667 ], [ -95.2083, 16.875 ], [ -95.4167, 16.6667 ], [ -95.8333, 16.4583 ], [ -95.8333, 16.6667 ], [ -96.25, 16.6667 ], [ -96.4583, 16.6667 ], [ -96.6667, 16.875 ], [ -97.2917, 16.6667 ], [ -97.2917, 16.25 ], [ -97.2917, 15.8333 ], [ -97.7083, 15.625 ], [ -97.9167, 15.4167 ], [ -97.9167, 15.2083 ], [ -97.9167, 15.0 ], [ -97.9167, 14.5833 ], [ -97.5, 14.375 ], [ -97.2917, 14.1667 ], [ -97.0833, 13.9583 ], [ -97.0833, 13.3333 ], [ -97.2917, 13.3333 ], [ -97.7083, 13.125 ], [ -97.9167, 13.125 ], [ -97.9167, 12.9167 ], [ -97.9167, 12.7083 ], [ -98.125, 12.5 ], [ -98.3333, 12.2917 ], [ -98.5417, 12.0833 ], [ -98.75, 12.0833 ], [ -99.1667, 11.875 ], [ -99.5833, 12.0833 ], [ -99.7917, 12.0833 ], [ -100.4167, 12.0833 ], [ -100.4167, 11.875 ], [ -100.8333, 12.0833 ], [ -101.25, 11.4583 ], [ -101.6667, 11.25 ], [ -101.875, 11.25 ], [ -102.0833, 11.25 ], [ -102.5, 11.25 ], [ -102.7083, 11.4583 ], [ -102.5, 11.6667 ], [ -102.5, 12.0833 ], [ -102.9167, 12.0833 ], [ -103.125, 11.875 ], [ -103.5417, 11.4583 ], [ -103.75, 11.25 ], [ -104.1667, 11.25 ], [ -104.5833, 11.25 ], [ -104.7917, 11.25 ], [ -104.7917, 10.8333 ], [ -104.7917, 10.4167 ], [ -105.4167, 10.2083 ], [ -105.4167, 10.4167 ], [ -105.8333, 10.4167 ], [ -105.8333, 10.625 ], [ -106.25, 10.4167 ], [ -106.4583, 10.625 ], [ -106.875, 10.4167 ], [ -107.2917, 10.2083 ], [ -107.5, 10.2083 ], [ -107.7083, 10.0 ], [ -107.9167, 9.7917 ], [ -107.9167, 9.375 ], [ -107.7083, 9.1667 ], [ -107.7083, 8.5417 ], [ -107.7083, 8.125 ], [ -107.7083, 7.7083 ], [ -107.0833, 7.5 ], [ -107.2917, 7.2917 ], [ -107.0833, 6.875 ], [ -107.2917, 6.6667 ], [ -107.0833, 6.4583 ], [ -107.0833, 6.0417 ], [ -107.0833, 5.8333 ], [ -107.0833, 5.4167 ], [ -107.0833, 5.2083 ], [ -107.0833, 5.0 ], [ -106.6667, 4.7917 ], [ -106.4583, 4.5833 ], [ -106.4583, 4.375 ], [ -106.0417, 4.375 ], [ -106.0417, 4.1667 ], [ -105.8333, 3.9583 ], [ -105.8333, 3.75 ], [ -105.8333, 3.5417 ], [ -105.8333, 3.3333 ], [ -106.0417, 3.125 ], [ -105.8333, 2.7083 ], [ -105.625, 2.7083 ], [ -105.4167, 2.2917 ], [ -105.4167, 2.0833 ], [ -105.4167, 1.875 ], [ -105.4167, 1.6667 ], [ -105.4167, 1.25 ], [ -105.4167, 1.0417 ], [ -105.2083, 0.8333 ], [ -105.625, 0.2083 ], [ -105.4167, 0.0 ], [ -105.2083, 0.0 ], [ -104.7917, -0.2083 ], [ -104.5833, -0.625 ], [ -104.7917, -1.0417 ], [ -104.7917, -1.4583 ], [ -104.5833, -1.875 ], [ -104.5833, -2.0833 ], [ -104.375, -2.2917 ], [ -104.375, -2.5 ], [ -104.1667, -2.7083 ], [ -103.9583, -2.9167 ], [ -104.1667, -3.125 ], [ -103.9583, -3.3333 ], [ -103.9583, -3.75 ], [ -103.5417, -3.75 ], [ -103.3333, -4.1667 ], [ -103.125, -4.5833 ], [ -103.125, -4.7917 ], [ -103.125, -5.2083 ], [ -103.125, -5.4167 ], [ -102.9167, -5.625 ], [ -102.9167, -6.0417 ], [ -102.5, -6.25 ], [ -102.5, -6.6667 ], [ -102.2917, -6.875 ], [ -102.0833, -7.0833 ], [ -101.6667, -7.5 ], [ -101.4583, -8.125 ], [ -101.6667, -8.3333 ], [ -101.4583, -8.75 ], [ -101.6667, -8.75 ], [ -101.4583, -8.9583 ], [ -100.8333, -9.375 ], [ -100.625, -9.375 ], [ -100.4167, -9.7917 ], [ -100.0, -10.0 ], [ -99.7917, -10.2083 ], [ -99.5833, -10.2083 ], [ -99.375, -10.4167 ], [ -99.375, -10.8333 ], [ -99.375, -11.0417 ], [ -99.5833, -11.4583 ], [ -99.375, -11.875 ], [ -99.5833, -12.0833 ], [ -99.375, -12.5 ], [ -99.1667, -12.7083 ], [ -98.75, -13.125 ], [ -98.75, -13.5417 ], [ -98.75, -13.75 ], [ -98.75, -14.1667 ], [ -98.75, -14.5833 ], [ -99.1667, -14.7917 ], [ -99.5833, -15.2083 ], [ -99.375, -15.4167 ], [ -99.375, -15.625 ], [ -99.5833, -15.8333 ], [ -99.7917, -16.0417 ], [ -100.2083, -16.25 ], [ -100.0, -16.4583 ], [ -100.2083, -16.875 ], [ -100.2083, -17.2917 ], [ -100.0, -17.2917 ], [ -99.7917, -17.7083 ], [ -99.5833, -17.9167 ], [ -99.5833, -18.3333 ], [ -99.7917, -18.5417 ], [ -100.2083, -18.5417 ], [ -100.4167, -18.5417 ], [ -100.4167, -18.75 ], [ -100.8333, -18.9583 ], [ -101.0417, -18.9583 ], [ -101.25, -18.9583 ], [ -101.6667, -19.375 ], [ -101.6667, -19.7917 ], [ -101.4583, -20.0 ], [ -101.0417, -20.2083 ], [ -100.625, -20.4167 ], [ -100.4167, -20.625 ], [ -100.2083, -21.0417 ], [ -100.4167, -21.4583 ], [ -100.2083, -21.6667 ], [ -100.0, -22.0833 ], [ -99.375, -21.875 ], [ -98.9583, -21.6667 ], [ -98.75, -21.4583 ], [ -98.5417, -21.4583 ], [ -98.3333, -21.0417 ], [ -97.9167, -21.0417 ], [ -97.9167, -21.25 ], [ -97.2917, -21.25 ], [ -97.0833, -21.4583 ], [ -97.0833, -21.6667 ], [ -97.0833, -22.0833 ], [ -96.6667, -22.2917 ], [ -96.25, -22.5 ], [ -96.25, -23.125 ], [ -95.8333, -23.3333 ], [ -95.625, -23.5417 ], [ -95.625, -23.9583 ], [ -95.625, -24.375 ], [ -95.625, -24.7917 ], [ -95.625, -25.2083 ], [ -95.625, -25.4167 ], [ -95.625, -25.8333 ], [ -95.4167, -26.0417 ], [ -95.0, -25.8333 ], [ -95.0, -26.0417 ], [ -94.5833, -25.8333 ], [ -94.375, -26.0417 ], [ -93.9583, -26.25 ], [ -93.75, -26.4583 ], [ -93.3333, -26.4583 ], [ -93.125, -26.4583 ], [ -92.7083, -26.4583 ], [ -92.7083, -26.6667 ], [ -92.5, -26.875 ], [ -92.5, -27.2917 ], [ -92.0833, -27.5 ], [ -91.875, -27.2917 ], [ -91.6667, -27.5 ], [ -91.4583, -27.5 ], [ -91.0417, -27.7083 ], [ -90.625, -28.125 ], [ -90.4167, -27.9167 ], [ -90.4167, -28.125 ], [ -89.7917, -28.125 ], [ -89.5833, -27.5 ], [ -89.5833, -27.2917 ], [ -89.1667, -27.0833 ], [ -88.75, -27.2917 ], [ -88.75, -27.7083 ], [ -88.3333, -28.125 ], [ -88.125, -28.125 ], [ -87.7083, -28.125 ], [ -87.5, -28.5417 ], [ -87.5, -28.75 ], [ -87.2917, -28.75 ], [ -87.2917, -29.375 ], [ -87.2917, -29.7917 ], [ -86.875, -30.0 ], [ -86.875, -29.7917 ], [ -86.25, -30.0 ], [ -86.25, -30.2083 ], [ -86.25, -30.4167 ], [ -86.875, -30.4167 ], [ -87.2917, -30.8333 ], [ -87.0833, -31.25 ], [ -86.875, -31.25 ], [ -86.6667, -31.4583 ], [ -86.4583, -31.875 ], [ -86.0417, -32.0833 ], [ -85.625, -32.0833 ], [ -85.4167, -31.875 ], [ -85.2083, -31.875 ], [ -84.7917, -31.875 ], [ -84.7917, -32.5 ], [ -84.7917, -32.7083 ], [ -84.7917, -33.125 ], [ -84.7917, -33.5417 ], [ -84.375, -33.5417 ], [ -84.1667, -33.75 ], [ -83.9583, -33.75 ], [ -83.75, -33.125 ], [ -83.75, -32.7083 ], [ -83.75, -32.2917 ], [ -83.3333, -32.0833 ], [ -83.125, -32.0833 ], [ -82.9167, -31.875 ], [ -82.7083, -31.875 ], [ -82.5, -31.875 ], [ -82.5, -31.4583 ], [ -82.2917, -31.25 ], [ -82.2917, -31.0417 ], [ -82.0833, -30.8333 ], [ -82.0833, -30.625 ], [ -82.0833, -30.2083 ], [ -81.875, -30.2083 ], [ -81.6667, -30.2083 ], [ -81.25, -30.4167 ], [ -81.0417, -30.0 ], [ -80.625, -29.5833 ], [ -80.4167, -30.0 ], [ -80.2083, -30.4167 ], [ -80.0, -30.4167 ], [ -79.375, -30.625 ], [ -78.9583, -30.625 ], [ -78.75, -30.625 ], [ -78.5417, -30.625 ], [ -78.125, -30.625 ], [ -77.9167, -30.4167 ], [ -77.9167, -30.2083 ], [ -77.5, -30.0 ], [ -77.0833, -30.4167 ], [ -76.875, -30.4167 ], [ -76.6667, -30.4167 ], [ -76.4583, -30.4167 ], [ -76.25, -30.4167 ], [ -76.0417, -30.4167 ], [ -75.8333, -30.2083 ], [ -75.8333, -29.7917 ], [ -75.4167, -29.5833 ], [ -75.0, -30.0 ], [ -74.7917, -30.4167 ], [ -74.5833, -30.625 ], [ -74.1667, -30.4167 ], [ -73.9583, -30.4167 ], [ -73.5417, -30.0 ], [ -73.3333, -29.7917 ], [ -72.9167, -29.7917 ], [ -72.7083, -30.0 ], [ -72.7083, -30.4167 ], [ -72.2917, -30.4167 ], [ -72.0833, -30.4167 ], [ -72.0833, -30.2083 ], [ -72.0833, -29.7917 ], [ -72.0833, -29.5833 ], [ -71.6667, -29.7917 ], [ -71.6667, -30.0 ], [ -71.4583, -30.0 ], [ -71.25, -30.2083 ], [ -71.0417, -30.4167 ], [ -70.625, -30.2083 ], [ -70.625, -30.0 ], [ -70.625, -29.7917 ], [ -70.625, -29.375 ], [ -70.8333, -29.1667 ], [ -70.625, -28.5417 ], [ -70.4167, -28.5417 ], [ -70.2083, -28.75 ], [ -70.0, -28.75 ], [ -69.5833, -28.9583 ], [ -69.375, -28.75 ], [ -69.375, -28.5417 ], [ -68.9583, -28.125 ], [ -68.75, -27.7083 ], [ -68.5417, -27.2917 ], [ -68.125, -27.5 ], [ -67.9167, -27.5 ], [ -67.5, -27.5 ], [ -67.2917, -27.5 ], [ -67.0833, -27.7083 ], [ -66.875, -27.7083 ], [ -66.6667, -28.125 ], [ -66.6667, -28.3333 ], [ -66.6667, -28.5417 ], [ -66.25, -28.75 ], [ -66.25, -28.9583 ], [ -66.0417, -28.9583 ], [ -65.8333, -29.1667 ], [ -65.625, -29.1667 ], [ -65.4167, -29.375 ], [ -65.0, -29.1667 ], [ -64.7917, -29.1667 ], [ -64.7917, -28.9583 ], [ -64.375, -29.1667 ], [ -64.1667, -29.375 ], [ -63.75, -29.5833 ], [ -63.75, -30.0 ], [ -63.5417, -30.0 ], [ -63.125, -29.7917 ], [ -62.9167, -29.5833 ], [ -62.5, -29.5833 ], [ -62.2917, -29.7917 ], [ -62.2917, -30.0 ], [ -62.5, -30.2083 ], [ -62.7083, -30.4167 ], [ -63.125, -30.8333 ], [ -62.9167, -31.25 ], [ -62.5, -31.25 ], [ -62.2917, -31.25 ], [ -62.0833, -31.25 ], [ -61.875, -31.25 ], [ -61.6667, -31.0417 ], [ -61.25, -31.0417 ], [ -60.8333, -31.25 ], [ -60.625, -31.25 ], [ -60.4167, -31.0417 ], [ -60.2083, -30.8333 ], [ -59.7917, -30.8333 ], [ -59.5833, -30.8333 ], [ -59.375, -31.0417 ], [ -59.7917, -31.4583 ], [ -59.1667, -32.0833 ], [ -58.9583, -32.0833 ], [ -58.75, -32.0833 ], [ -58.3333, -31.875 ], [ -58.125, -31.875 ], [ -57.9167, -31.6667 ], [ -57.9167, -31.25 ], [ -57.9167, -30.8333 ], [ -57.9167, -30.625 ], [ -57.2917, -30.625 ], [ -57.0833, -30.4167 ], [ -56.875, -30.4167 ], [ -56.6667, -30.0 ], [ -56.875, -29.7917 ], [ -56.25, -29.5833 ], [ -56.4583, -29.375 ], [ -56.0417, -29.1667 ], [ -55.8333, -29.1667 ], [ -55.625, -28.75 ], [ -55.625, -28.5417 ], [ -55.4167, -28.3333 ], [ -55.625, -28.125 ], [ -55.4167, -27.9167 ], [ -55.0, -27.5 ], [ -54.7917, -27.7083 ], [ -54.7917, -27.5 ], [ -54.375, -27.5 ], [ -53.9583, -27.5 ], [ -53.9583, -27.2917 ], [ -53.75, -27.0833 ], [ -53.75, -26.875 ], [ -53.3333, -26.6667 ], [ -53.125, -26.25 ], [ -53.125, -25.8333 ], [ -52.9167, -25.625 ], [ -53.125, -25.4167 ], [ -52.9167, -25.0 ], [ -52.7083, -25.0 ], [ -52.5, -24.5833 ], [ -52.2917, -24.5833 ], [ -51.875, -24.375 ], [ -51.875, -24.1667 ], [ -51.875, -23.9583 ], [ -51.4583, -23.75 ], [ -51.25, -23.75 ], [ -51.0417, -23.5417 ], [ -50.8333, -23.75 ], [ -50.625, -23.5417 ], [ -50.4167, -23.75 ], [ -50.2083, -23.5417 ], [ -49.7917, -23.75 ], [ -49.5833, -23.5417 ], [ -49.1667, -23.75 ], [ -49.1667, -23.5417 ], [ -48.75, -23.75 ], [ -48.5417, -23.9583 ], [ -48.125, -23.75 ], [ -48.125, -23.5417 ], [ -47.9167, -23.3333 ], [ -47.7083, -23.125 ], [ -47.5, -22.9167 ], [ -47.5, -22.7083 ], [ -47.0833, -22.7083 ], [ -46.875, -22.7083 ], [ -46.4583, -22.7083 ], [ -46.25, -23.125 ], [ -46.0417, -23.5417 ], [ -45.8333, -23.5417 ], [ -45.625, -23.9583 ], [ -45.4167, -24.1667 ], [ -45.4167, -24.5833 ], [ -45.2083, -24.5833 ], [ -44.7917, -24.5833 ], [ -44.5833, -24.375 ], [ -44.375, -24.375 ], [ -43.9583, -24.1667 ], [ -43.5417, -24.1667 ], [ -43.3333, -23.9583 ], [ -43.125, -23.9583 ], [ -42.9167, -23.9583 ], [ -42.7083, -23.75 ], [ -42.5, -23.75 ], [ -42.2917, -23.5417 ], [ -41.6667, -23.75 ], [ -41.6667, -23.5417 ], [ -41.4583, -23.75 ], [ -41.25, -23.5417 ], [ -41.0417, -23.75 ], [ -40.8333, -23.75 ], [ -40.625, -23.9583 ], [ -40.4167, -24.1667 ], [ -40.2083, -24.375 ], [ -40.2083, -24.7917 ], [ -40.0, -25.0 ], [ -39.7917, -25.0 ], [ -39.5833, -24.5833 ], [ -39.1667, -24.5833 ], [ -38.9583, -24.375 ], [ -38.75, -24.375 ], [ -38.5417, -24.375 ], [ -38.5417, -23.75 ], [ -38.5417, -23.5417 ], [ -38.3333, -23.125 ], [ -37.9167, -23.125 ], [ -37.7083, -23.3333 ], [ -37.5, -23.75 ], [ -37.2917, -23.75 ], [ -37.0833, -23.9583 ], [ -36.875, -23.9583 ], [ -36.6667, -24.1667 ], [ -36.4583, -23.9583 ], [ -36.4583, -23.5417 ], [ -36.4583, -23.125 ], [ -36.25, -22.9167 ], [ -36.0417, -22.5 ], [ -36.0417, -22.2917 ], [ -35.8333, -22.2917 ], [ -36.0417, -21.875 ], [ -36.0417, -21.6667 ], [ -36.0417, -21.4583 ], [ -35.625, -21.25 ], [ -35.625, -21.0417 ], [ -35.0, -20.8333 ], [ -35.0, -20.625 ], [ -34.5833, -20.4167 ], [ -34.375, -20.625 ], [ -33.9583, -20.625 ], [ -33.9583, -20.8333 ], [ -33.5417, -20.8333 ], [ -33.3333, -20.8333 ], [ -33.125, -20.625 ], [ -32.9167, -20.4167 ], [ -32.9167, -20.2083 ], [ -32.2917, -20.4167 ], [ -31.875, -20.4167 ], [ -31.6667, -20.4167 ], [ -31.6667, -20.2083 ], [ -31.6667, -19.7917 ], [ -32.0833, -19.375 ], [ -31.875, -18.9583 ], [ -31.6667, -18.9583 ], [ -31.4583, -18.9583 ], [ -31.0417, -18.75 ], [ -30.625, -18.5417 ], [ -30.4167, -18.3333 ], [ -30.4167, -18.125 ], [ -30.2083, -18.125 ], [ -30.0, -17.7083 ], [ -29.7917, -17.7083 ], [ -29.5833, -18.125 ], [ -29.1667, -18.125 ], [ -28.9583, -18.125 ], [ -28.5417, -17.9167 ], [ -28.3333, -17.9167 ], [ -28.125, -17.9167 ], [ -27.5, -17.7083 ], [ -27.0833, -17.7083 ], [ -26.875, -17.7083 ], [ -26.25, -17.7083 ], [ -26.0417, -17.5 ], [ -25.8333, -17.5 ], [ -25.4167, -17.5 ], [ -25.4167, -17.2917 ], [ -25.0, -17.0833 ], [ -24.7917, -17.0833 ], [ -24.7917, -16.6667 ], [ -24.7917, -16.4583 ], [ -23.9583, -16.6667 ], [ -23.5417, -17.0833 ], [ -23.3333, -17.2917 ], [ -23.125, -17.5 ], [ -23.125, -17.7083 ], [ -22.9167, -18.125 ], [ -22.5, -18.125 ], [ -22.2917, -18.5417 ], [ -22.0833, -18.75 ], [ -22.0833, -18.9583 ], [ -22.0833, -19.1667 ], [ -21.875, -19.5833 ], [ -21.6667, -19.5833 ], [ -21.4583, -19.5833 ], [ -20.8333, -19.5833 ], [ -20.8333, -19.7917 ], [ -20.4167, -19.7917 ], [ -20.2083, -19.7917 ], [ -20.0, -19.7917 ], [ -19.375, -19.7917 ], [ -19.375, -19.375 ], [ -18.9583, -19.1667 ], [ -19.1667, -18.9583 ], [ -18.9583, -18.5417 ], [ -18.5417, -18.5417 ], [ -18.3333, -18.75 ], [ -18.125, -18.9583 ], [ -18.125, -19.375 ], [ -18.3333, -19.7917 ], [ -17.9167, -20.0 ], [ -17.5, -19.7917 ], [ -17.5, -19.5833 ], [ -17.2917, -19.375 ], [ -16.875, -19.375 ], [ -16.4583, -19.1667 ], [ -16.0417, -19.1667 ], [ -15.8333, -19.1667 ], [ -15.625, -19.1667 ], [ -15.4167, -19.375 ], [ -15.4167, -19.5833 ], [ -15.2083, -20.0 ], [ -15.0, -20.0 ], [ -15.0, -20.2083 ], [ -14.5833, -20.2083 ], [ -14.5833, -20.625 ], [ -14.5833, -20.8333 ], [ -14.375, -21.25 ], [ -13.9583, -21.25 ], [ -13.75, -21.4583 ], [ -13.3333, -21.4583 ], [ -12.7083, -21.4583 ], [ -12.0833, -21.6667 ], [ -12.0833, -22.0833 ], [ -12.0833, -22.2917 ], [ -12.2917, -22.5 ], [ -11.875, -22.9167 ], [ -11.6667, -22.9167 ], [ -11.0417, -23.125 ], [ -10.625, -23.3333 ], [ -10.625, -23.5417 ], [ -10.2083, -23.75 ], [ -10.0, -23.5417 ], [ -9.5833, -23.5417 ], [ -9.1667, -23.75 ], [ -8.9583, -23.5417 ], [ -8.75, -23.75 ], [ -8.5417, -23.75 ], [ -8.3333, -23.9583 ], [ -8.3333, -24.5833 ], [ -8.5417, -24.7917 ], [ -7.9167, -25.2083 ], [ -7.9167, -25.4167 ], [ -7.7083, -25.8333 ], [ -7.2917, -26.25 ], [ -6.875, -26.25 ], [ -6.6667, -26.25 ], [ -6.4583, -26.25 ], [ -6.25, -26.6667 ], [ -6.0417, -26.6667 ], [ -6.0417, -26.875 ], [ -5.625, -27.2917 ], [ -5.2083, -27.2917 ], [ -4.7917, -27.7083 ], [ -4.5833, -27.5 ], [ -4.5833, -27.2917 ], [ -4.1667, -27.2917 ], [ -3.9583, -27.2917 ], [ -3.3333, -27.2917 ], [ -3.125, -27.2917 ], [ -3.3333, -27.7083 ], [ -3.125, -28.125 ], [ -3.125, -28.3333 ], [ -2.9167, -28.75 ], [ -2.7083, -28.75 ], [ -2.5, -29.1667 ], [ -2.5, -29.375 ], [ -1.875, -29.7917 ], [ -1.4583, -29.7917 ], [ -1.0417, -29.7917 ], [ -1.0417, -30.2083 ], [ -0.8333, -30.4167 ], [ -1.0417, -30.8333 ], [ -0.625, -31.0417 ], [ -0.4167, -31.4583 ], [ 0.0, -31.4583 ], [ 0.0, -31.6667 ], [ 0.4167, -31.875 ], [ 0.625, -31.875 ], [ 0.8333, -31.875 ], [ 1.0417, -32.0833 ], [ 1.25, -32.5 ], [ 1.4583, -32.9167 ], [ 1.25, -33.125 ], [ 1.6667, -33.5417 ], [ 1.4583, -33.75 ], [ 1.4583, -33.9583 ], [ 1.4583, -34.1667 ], [ 1.6667, -34.1667 ], [ 1.4583, -34.5833 ], [ 1.875, -34.7917 ], [ 2.2917, -34.7917 ], [ 2.5, -34.7917 ], [ 3.125, -35.2083 ], [ 2.9167, -35.625 ], [ 3.125, -35.625 ], [ 2.9167, -36.0417 ], [ 3.125, -36.4583 ], [ 3.5417, -36.25 ], [ 3.5417, -36.4583 ], [ 3.9583, -36.4583 ], [ 4.375, -36.4583 ], [ 4.5833, -37.0833 ], [ 4.375, -37.5 ], [ 4.5833, -37.7083 ], [ 4.375, -38.125 ], [ 4.1667, -38.125 ], [ 3.75, -38.3333 ], [ 3.75, -38.5417 ], [ 3.5417, -38.75 ], [ 3.75, -38.9583 ], [ 3.5417, -39.375 ], [ 3.3333, -39.5833 ], [ 3.3333, -39.7917 ], [ 3.125, -40.0 ], [ 3.125, -40.4167 ], [ 3.5417, -40.625 ], [ 3.75, -40.8333 ], [ 3.75, -41.0417 ], [ 3.5417, -41.25 ], [ 3.125, -41.6667 ], [ 3.125, -41.875 ], [ 2.9167, -41.875 ], [ 2.7083, -42.0833 ], [ 2.2917, -42.0833 ], [ 2.0833, -42.7083 ], [ 2.2917, -42.9167 ], [ 2.7083, -43.5417 ], [ 2.7083, -43.75 ], [ 2.7083, -43.9583 ], [ 2.2917, -44.5833 ], [ 2.5, -44.5833 ], [ 2.2917, -45.2083 ], [ 1.875, -45.2083 ], [ 1.4583, -44.7917 ], [ 1.4583, -44.5833 ], [ 1.6667, -44.375 ], [ 1.875, -43.9583 ], [ 1.25, -43.5417 ], [ 0.8333, -43.9583 ], [ 0.625, -43.9583 ], [ 0.4167, -44.1667 ], [ 0.0, -43.9583 ], [ -0.2083, -43.9583 ], [ 0.2083, -44.5833 ], [ -0.4167, -44.7917 ], [ -0.8333, -44.7917 ], [ -1.0417, -44.7917 ], [ -1.4583, -44.7917 ], [ -1.875, -44.7917 ], [ -2.0833, -45.2083 ], [ -2.2917, -45.2083 ], [ -2.5, -46.0417 ], [ -2.5, -46.25 ], [ -2.2917, -46.4583 ], [ -2.2917, -46.875 ], [ -1.875, -47.0833 ], [ -1.6667, -47.5 ], [ -1.25, -47.7083 ], [ -1.4583, -48.125 ], [ -1.875, -47.9167 ], [ -2.2917, -48.3333 ], [ -2.2917, -48.75 ], [ -2.2917, -49.1667 ], [ -1.6667, -49.5833 ], [ -1.4583, -49.5833 ], [ -1.25, -49.5833 ], [ -0.8333, -49.7917 ], [ -0.625, -49.5833 ], [ -0.4167, -49.7917 ], [ 0.0, -49.5833 ], [ 0.2083, -49.5833 ], [ 0.4167, -49.375 ], [ 0.625, -49.5833 ], [ 1.0417, -49.375 ], [ 1.25, -49.5833 ], [ 1.4583, -49.375 ], [ 1.6667, -49.5833 ], [ 1.875, -49.5833 ], [ 2.2917, -49.5833 ], [ 2.5, -49.7917 ], [ 2.7083, -50.0 ], [ 2.7083, -50.2083 ], [ 3.3333, -50.2083 ], [ 3.3333, -50.0 ], [ 3.75, -50.625 ], [ 3.9583, -50.625 ], [ 4.1667, -50.8333 ], [ 4.375, -50.8333 ], [ 4.5833, -51.0417 ], [ 5.0, -50.8333 ], [ 5.2083, -50.625 ], [ 5.4167, -50.4167 ], [ 5.4167, -50.2083 ], [ 5.625, -50.0 ], [ 6.0417, -50.2083 ], [ 6.25, -50.625 ], [ 6.0417, -50.8333 ], [ 6.25, -51.0417 ], [ 6.0417, -51.4583 ], [ 6.0417, -51.6667 ], [ 6.6667, -52.0833 ], [ 6.6667, -52.2917 ], [ 6.6667, -52.5 ], [ 6.875, -52.5 ], [ 6.875, -52.9167 ], [ 7.2917, -53.125 ], [ 7.5, -53.3333 ], [ 7.7083, -53.9583 ], [ 8.125, -53.9583 ], [ 8.3333, -54.1667 ], [ 8.3333, -54.375 ], [ 8.3333, -54.5833 ], [ 8.3333, -54.7917 ], [ 8.3333, -55.0 ], [ 8.75, -55.4167 ], [ 8.9583, -55.2083 ], [ 9.1667, -55.4167 ], [ 9.1667, -55.8333 ], [ 9.375, -56.0417 ], [ 9.375, -56.25 ], [ 9.5833, -56.4583 ], [ 9.5833, -56.875 ], [ 9.7917, -57.2917 ], [ 10.0, -57.5 ], [ 10.0, -57.7083 ], [ 10.0, -58.125 ], [ 10.0, -58.3333 ], [ 10.0, -58.5417 ], [ 9.7917, -58.75 ], [ 9.5833, -59.1667 ], [ 10.0, -59.1667 ], [ 10.0, -59.5833 ], [ 10.0, -59.7917 ], [ 10.0, -60.2083 ], [ 10.0, -60.4167 ], [ 10.0, -60.8333 ], [ 9.7917, -61.0417 ], [ 9.375, -61.0417 ], [ 9.375, -61.25 ], [ 9.375, -61.4583 ], [ 9.1667, -61.6667 ], [ 8.9583, -62.0833 ], [ 8.75, -62.2917 ], [ 8.5417, -62.5 ], [ 8.3333, -62.5 ], [ 8.3333, -62.7083 ], [ 8.125, -63.125 ], [ 8.125, -63.3333 ], [ 8.125, -63.5417 ], [ 7.9167, -63.75 ], [ 7.5, -63.75 ], [ 7.2917, -64.1667 ], [ 7.5, -64.375 ], [ 7.2917, -64.7917 ], [ 7.0833, -64.7917 ], [ 6.875, -64.7917 ], [ 6.6667, -65.0 ], [ 6.25, -65.2083 ], [ 6.0417, -65.2083 ], [ 5.625, -65.2083 ], [ 5.4167, -65.2083 ], [ 5.2083, -65.4167 ], [ 4.7917, -65.2083 ], [ 4.5833, -65.4167 ], [ 4.1667, -65.2083 ], [ 3.9583, -65.2083 ], [ 3.5417, -65.2083 ], [ 3.3333, -65.2083 ], [ 3.125, -65.2083 ], [ 2.5, -65.4167 ], [ 2.2917, -65.2083 ], [ 2.5, -64.7917 ], [ 2.2917, -64.5833 ], [ 1.875, -64.5833 ], [ 1.6667, -64.5833 ], [ 1.25, -64.5833 ], [ 1.0417, -64.5833 ], [ 0.625, -64.5833 ], [ 0.0, -64.7917 ], [ -0.2083, -64.5833 ], [ -0.4167, -64.5833 ], [ -0.625, -64.375 ], [ -0.8333, -64.1667 ], [ -1.0417, -63.9583 ], [ -1.25, -63.9583 ], [ -1.4583, -64.1667 ], [ -1.4583, -64.5833 ], [ -1.875, -64.5833 ], [ -2.0833, -64.375 ], [ -2.7083, -64.5833 ], [ -2.7083, -64.7917 ], [ -2.9167, -64.7917 ], [ -2.9167, -65.2083 ], [ -3.3333, -65.4167 ], [ -3.75, -65.2083 ], [ -3.75, -65.0 ], [ -4.1667, -65.0 ], [ -4.375, -64.5833 ], [ -4.5833, -64.5833 ], [ -4.7917, -64.5833 ], [ -5.0, -64.5833 ], [ -5.4167, -64.375 ], [ -5.625, -64.1667 ], [ -5.4167, -63.75 ], [ -5.2083, -63.75 ], [ -5.2083, -63.5417 ], [ -5.2083, -63.125 ], [ -5.625, -63.125 ], [ -5.8333, -63.125 ], [ -6.25, -63.125 ], [ -6.4583, -62.7083 ], [ -6.6667, -62.5 ], [ -6.6667, -62.2917 ], [ -7.0833, -62.2917 ], [ -7.2917, -62.0833 ], [ -7.5, -62.2917 ], [ -7.9167, -61.875 ], [ -7.9167, -61.4583 ], [ -7.9167, -61.25 ], [ -7.9167, -61.0417 ], [ -8.125, -60.625 ], [ -8.5417, -60.8333 ], [ -8.75, -60.625 ], [ -9.1667, -61.0417 ], [ -9.375, -61.4583 ], [ -9.375, -61.6667 ], [ -9.375, -61.875 ], [ -9.1667, -62.0833 ], [ -8.9583, -62.0833 ], [ -8.5417, -62.5 ], [ -8.75, -62.5 ], [ -9.1667, -62.7083 ], [ -9.375, -62.7083 ], [ -9.7917, -62.7083 ], [ -10.2083, -62.9167 ], [ -10.4167, -62.7083 ], [ -10.8333, -62.7083 ], [ -11.0417, -62.2917 ], [ -11.4583, -62.2917 ], [ -11.25, -62.9167 ], [ -11.4583, -63.125 ], [ -11.875, -62.9167 ], [ -11.875, -62.7083 ], [ -12.0833, -62.5 ], [ -12.2917, -62.5 ], [ -12.7083, -62.2917 ], [ -12.9167, -62.2917 ], [ -13.125, -62.2917 ], [ -13.5417, -62.5 ], [ -13.5417, -62.2917 ], [ -13.9583, -61.875 ], [ -14.1667, -61.6667 ], [ -14.5833, -61.875 ], [ -14.5833, -62.2917 ], [ -14.7917, -62.5 ], [ -15.2083, -62.5 ], [ -15.4167, -62.5 ], [ -15.625, -62.2917 ], [ -15.8333, -62.2917 ], [ -16.25, -62.0833 ], [ -16.4583, -62.0833 ], [ -16.875, -62.0833 ], [ -16.875, -61.875 ], [ -17.2917, -61.4583 ], [ -17.7083, -61.4583 ], [ -17.9167, -61.6667 ], [ -18.125, -62.2917 ], [ -18.3333, -62.5 ], [ -18.5417, -62.7083 ], [ -18.5417, -62.9167 ], [ -18.9583, -63.125 ], [ -18.9583, -63.5417 ], [ -18.9583, -63.75 ], [ -19.375, -63.9583 ], [ -19.5833, -63.9583 ], [ -19.5833, -64.5833 ], [ -19.7917, -64.5833 ], [ -20.0, -64.5833 ], [ -20.2083, -64.7917 ], [ -20.4167, -64.7917 ], [ -20.625, -64.7917 ], [ -21.0417, -65.0 ], [ -21.25, -65.0 ], [ -21.6667, -65.4167 ], [ -21.875, -65.2083 ], [ -22.0833, -65.2083 ], [ -22.2917, -65.2083 ], [ -22.2917, -65.0 ], [ -22.9167, -65.2083 ], [ -23.125, -65.4167 ], [ -23.5417, -65.4167 ], [ -23.9583, -65.2083 ], [ -24.1667, -65.2083 ], [ -24.375, -65.2083 ], [ -24.5833, -65.2083 ], [ -24.7917, -65.625 ], [ -25.0, -65.625 ], [ -25.2083, -65.625 ], [ -25.4167, -65.4167 ], [ -25.8333, -65.4167 ], [ -25.8333, -65.625 ], [ -26.4583, -65.8333 ], [ -26.6667, -66.0417 ], [ -27.0833, -66.25 ], [ -27.2917, -66.25 ], [ -27.2917, -66.4583 ], [ -27.5, -66.6667 ], [ -27.5, -66.875 ], [ -27.7083, -67.0833 ], [ -27.9167, -67.0833 ], [ -28.125, -67.0833 ], [ -28.3333, -67.0833 ], [ -28.5417, -67.0833 ], [ -28.9583, -67.2917 ], [ -28.9583, -67.7083 ], [ -28.75, -67.7083 ], [ -28.75, -67.9167 ], [ -29.1667, -68.125 ], [ -29.375, -68.125 ], [ -29.5833, -68.5417 ], [ -29.5833, -68.75 ], [ -29.7917, -68.9583 ], [ -29.7917, -69.1667 ], [ -29.7917, -69.5833 ], [ -29.7917, -69.7917 ], [ -30.2083, -70.0 ], [ -30.625, -70.0 ], [ -30.625, -70.2083 ], [ -31.0417, -70.2083 ], [ -31.25, -70.2083 ], [ -31.6667, -70.625 ], [ -31.4583, -70.8333 ], [ -31.4583, -71.0417 ], [ -31.875, -71.25 ], [ -32.5, -71.4583 ], [ -32.7083, -71.4583 ], [ -33.125, -71.6667 ], [ -33.125, -71.4583 ], [ -33.3333, -71.6667 ], [ -33.75, -71.875 ], [ -34.1667, -72.0833 ], [ -34.375, -72.0833 ], [ -34.7917, -71.6667 ], [ -34.5833, -71.25 ], [ -35.2083, -70.8333 ], [ -35.4167, -70.8333 ], [ -35.625, -70.625 ], [ -35.8333, -70.625 ], [ -36.0417, -70.625 ], [ -36.25, -70.4167 ], [ -36.875, -70.0 ], [ -37.5, -70.0 ], [ -37.5, -69.7917 ], [ -38.125, -69.7917 ], [ -38.3333, -69.7917 ], [ -38.75, -69.375 ], [ -38.75, -69.1667 ], [ -38.9583, -68.9583 ], [ -38.75, -68.5417 ], [ -38.75, -68.125 ], [ -38.9583, -68.125 ], [ -38.9583, -67.9167 ], [ -39.375, -67.7083 ], [ -39.375, -67.2917 ], [ -39.375, -66.875 ], [ -39.5833, -66.875 ], [ -39.5833, -66.6667 ], [ -39.7917, -66.4583 ], [ -39.7917, -66.0417 ], [ -40.0, -66.0417 ], [ -40.0, -65.8333 ], [ -40.4167, -65.625 ], [ -40.4167, -65.4167 ], [ -40.8333, -65.4167 ], [ -41.0417, -65.2083 ], [ -41.25, -64.7917 ], [ -41.4583, -64.7917 ], [ -41.875, -64.7917 ], [ -42.0833, -64.375 ], [ -41.875, -63.9583 ], [ -41.6667, -63.5417 ], [ -42.0833, -63.3333 ], [ -42.5, -63.5417 ], [ -42.5, -63.75 ], [ -42.7083, -64.1667 ], [ -43.125, -63.75 ], [ -43.3333, -63.5417 ], [ -43.5417, -63.75 ], [ -43.75, -63.9583 ], [ -43.9583, -63.75 ], [ -44.1667, -63.5417 ], [ -44.1667, -63.3333 ], [ -44.5833, -62.9167 ], [ -44.5833, -62.7083 ], [ -44.7917, -62.5 ], [ -45.2083, -62.7083 ], [ -45.4167, -62.9167 ], [ -45.625, -63.3333 ], [ -45.625, -63.5417 ], [ -45.8333, -63.5417 ], [ -46.25, -63.3333 ], [ -46.6667, -63.3333 ], [ -46.875, -62.7083 ], [ -47.0833, -62.7083 ], [ -47.2917, -62.5 ], [ -47.0833, -62.2917 ], [ -47.2917, -61.875 ], [ -47.5, -61.6667 ], [ -47.9167, -61.875 ], [ -47.9167, -62.0833 ], [ -48.3333, -62.2917 ], [ -48.5417, -62.2917 ], [ -48.75, -62.2917 ], [ -48.9583, -62.2917 ], [ -49.1667, -62.2917 ], [ -49.375, -62.2917 ], [ -49.5833, -61.875 ], [ -49.5833, -61.4583 ], [ -49.375, -61.0417 ], [ -49.7917, -60.625 ], [ -50.0, -60.625 ], [ -50.4167, -60.625 ], [ -50.4167, -60.8333 ], [ -50.625, -61.25 ], [ -50.8333, -61.25 ], [ -51.0417, -61.4583 ], [ -51.6667, -61.6667 ], [ -51.875, -61.25 ], [ -51.6667, -61.25 ], [ -51.875, -60.625 ], [ -52.2917, -60.8333 ], [ -52.5, -60.625 ], [ -52.5, -60.2083 ], [ -52.7083, -59.5833 ], [ -53.3333, -59.5833 ], [ -53.5417, -59.7917 ], [ -53.9583, -59.7917 ], [ -54.1667, -59.375 ], [ -54.1667, -59.1667 ], [ -54.7917, -59.5833 ], [ -55.2083, -60.0 ], [ -55.625, -59.5833 ], [ -55.625, -59.375 ], [ -55.8333, -59.375 ], [ -56.0417, -59.375 ], [ -56.4583, -59.1667 ], [ -56.6667, -59.1667 ], [ -56.875, -59.1667 ], [ -57.2917, -59.1667 ], [ -57.5, -59.1667 ], [ -57.9167, -58.9583 ], [ -58.125, -58.9583 ], [ -58.5417, -58.9583 ], [ -58.5417, -58.75 ], [ -58.5417, -58.3333 ], [ -58.125, -58.125 ], [ -58.75, -57.7083 ], [ -58.9583, -57.9167 ], [ -59.1667, -58.125 ], [ -59.5833, -58.3333 ], [ -60.2083, -58.5417 ], [ -60.2083, -58.9583 ], [ -59.7917, -59.375 ], [ -59.375, -59.5833 ], [ -59.375, -59.7917 ], [ -59.7917, -60.2083 ], [ -60.0, -60.0 ], [ -60.4167, -60.2083 ], [ -60.625, -60.2083 ], [ -60.8333, -60.625 ], [ -61.25, -60.4167 ], [ -61.4583, -60.625 ], [ -61.875, -60.4167 ], [ -62.0833, -60.8333 ], [ -62.0833, -61.0417 ], [ -62.2917, -61.4583 ], [ -62.7083, -61.875 ], [ -62.9167, -62.0833 ], [ -63.125, -62.2917 ], [ -63.3333, -62.2917 ], [ -63.75, -62.7083 ], [ -64.1667, -62.9167 ], [ -64.375, -62.9167 ], [ -64.5833, -62.9167 ], [ -65.0, -63.3333 ], [ -65.2083, -63.3333 ], [ -65.4167, -63.3333 ], [ -65.4167, -63.75 ], [ -65.4167, -63.9583 ], [ -65.4167, -64.375 ], [ -65.8333, -64.5833 ], [ -66.0417, -64.5833 ], [ -66.25, -64.375 ], [ -66.4583, -64.1667 ], [ -66.875, -64.1667 ], [ -66.875, -64.7917 ], [ -66.875, -65.0 ], [ -67.0833, -65.4167 ], [ -67.2917, -65.4167 ], [ -67.7083, -65.625 ], [ -68.3333, -65.4167 ], [ -68.5417, -65.625 ], [ -68.125, -66.0417 ], [ -67.9167, -66.25 ], [ -67.5, -66.25 ], [ -67.0833, -66.0417 ], [ -66.875, -66.25 ], [ -66.4583, -66.25 ], [ -66.0417, -66.25 ], [ -66.0417, -66.4583 ], [ -66.0417, -66.875 ], [ -66.25, -67.0833 ], [ -66.25, -67.2917 ], [ -66.6667, -67.5 ], [ -66.25, -67.7083 ], [ -66.25, -68.125 ], [ -66.4583, -68.125 ], [ -66.4583, -68.3333 ], [ -66.6667, -68.5417 ], [ -66.6667, -68.75 ], [ -66.4583, -68.9583 ], [ -66.25, -69.1667 ], [ -66.25, -69.375 ], [ -66.0417, -69.375 ], [ -66.0417, -69.7917 ], [ -66.25, -70.0 ], [ -66.0417, -70.4167 ], [ -65.625, -70.4167 ], [ -65.4167, -70.625 ], [ -65.4167, -71.0417 ], [ -65.625, -71.0417 ], [ -65.625, -71.4583 ], [ -65.8333, -71.875 ], [ -65.8333, -72.0833 ], [ -65.8333, -72.2917 ], [ -66.0417, -72.5 ], [ -66.0417, -72.7083 ], [ -66.25, -72.9167 ], [ -66.0417, -73.3333 ], [ -66.25, -73.75 ], [ -66.6667, -73.5417 ], [ -67.0833, -73.75 ], [ -67.7083, -73.9583 ], [ -67.7083, -74.1667 ], [ -68.125, -74.375 ], [ -68.125, -74.5833 ], [ -68.3333, -74.5833 ], [ -68.75, -74.5833 ], [ -68.9583, -74.375 ], [ -69.5833, -74.5833 ], [ -69.7917, -74.375 ], [ -70.0, -74.5833 ], [ -70.2083, -74.5833 ], [ -70.4167, -74.5833 ], [ -70.625, -75.0 ], [ -70.625, -75.2083 ], [ -71.0417, -75.4167 ], [ -71.25, -75.2083 ], [ -71.4583, -75.4167 ], [ -71.875, -75.2083 ], [ -72.0833, -75.2083 ], [ -72.5, -75.2083 ], [ -72.7083, -75.0 ], [ -72.5, -74.7917 ], [ -72.7083, -74.375 ], [ -72.7083, -74.1667 ], [ -73.125, -73.9583 ], [ -73.125, -73.75 ], [ -73.5417, -73.5417 ], [ -73.75, -73.125 ], [ -73.9583, -72.7083 ], [ -74.375, -72.7083 ], [ -74.375, -72.5 ], [ -74.7917, -72.5 ], [ -74.7917, -72.2917 ], [ -75.0, -72.0833 ], [ -75.2083, -71.6667 ], [ -75.0, -71.4583 ], [ -75.4167, -71.0417 ], [ -75.625, -71.0417 ], [ -75.8333, -70.8333 ], [ -75.8333, -70.625 ], [ -76.0417, -70.4167 ], [ -76.0417, -70.0 ], [ -76.0417, -69.5833 ], [ -75.8333, -69.5833 ], [ -76.0417, -69.1667 ], [ -75.625, -68.9583 ], [ -75.625, -68.75 ], [ -75.2083, -68.5417 ], [ -75.0, -68.125 ], [ -74.7917, -68.125 ], [ -74.7917, -67.9167 ], [ -74.5833, -67.7083 ], [ -74.5833, -67.2917 ], [ -74.5833, -67.0833 ], [ -74.5833, -66.6667 ], [ -74.375, -66.0417 ], [ -74.375, -65.8333 ], [ -74.375, -65.625 ], [ -74.1667, -65.2083 ], [ -73.9583, -64.7917 ], [ -74.1667, -64.375 ], [ -74.1667, -64.1667 ], [ -74.1667, -63.75 ], [ -74.1667, -63.3333 ], [ -74.375, -62.7083 ], [ -73.9583, -62.5 ], [ -73.9583, -62.2917 ], [ -73.9583, -62.0833 ], [ -73.75, -61.875 ], [ -73.3333, -61.875 ], [ -73.3333, -61.4583 ], [ -72.9167, -61.4583 ], [ -72.7083, -61.0417 ], [ -73.125, -60.8333 ], [ -73.3333, -60.8333 ], [ -73.9583, -60.8333 ], [ -74.1667, -60.8333 ], [ -74.5833, -60.625 ], [ -74.5833, -60.2083 ], [ -74.7917, -60.2083 ], [ -75.0, -60.2083 ], [ -75.4167, -60.2083 ], [ -76.0417, -60.0 ], [ -76.0417, -59.7917 ], [ -76.0417, -59.5833 ], [ -76.0417, -59.1667 ], [ -76.0417, -58.5417 ], [ -76.4583, -58.5417 ], [ -76.4583, -58.3333 ], [ -76.875, -58.125 ], [ -76.6667, -57.7083 ], [ -76.6667, -57.5 ], [ -76.4583, -57.2917 ], [ -76.4583, -57.0833 ], [ -76.875, -56.6667 ], [ -76.875, -56.4583 ], [ -76.875, -56.0417 ], [ -76.6667, -56.0417 ], [ -76.6667, -55.625 ], [ -77.0833, -55.4167 ], [ -77.5, -55.625 ], [ -77.7083, -55.2083 ], [ -77.2917, -54.7917 ], [ -77.2917, -54.1667 ], [ -77.2917, -53.9583 ], [ -77.2917, -53.75 ], [ -77.2917, -53.5417 ], [ -77.5, -53.125 ], [ -77.2917, -52.9167 ], [ -77.5, -52.7083 ], [ -77.5, -52.5 ], [ -77.5, -52.0833 ], [ -77.5, -51.6667 ], [ -77.5, -51.25 ], [ -77.5, -50.8333 ], [ -77.5, -50.625 ], [ -77.5, -50.4167 ], [ -77.5, -50.2083 ], [ -77.5, -49.7917 ], [ -77.5, -49.375 ], [ -76.875, -49.375 ], [ -76.6667, -49.375 ], [ -76.4583, -48.9583 ], [ -76.6667, -48.5417 ], [ -77.0833, -48.75 ], [ -77.2917, -48.75 ], [ -77.2917, -48.5417 ], [ -77.2917, -48.3333 ], [ -77.7083, -48.125 ], [ -77.7083, -47.9167 ], [ -77.9167, -47.5 ], [ -78.125, -46.875 ], [ -78.125, -46.6667 ], [ -78.125, -46.4583 ], [ -78.125, -46.0417 ], [ -78.3333, -46.0417 ], [ -78.3333, -45.4167 ], [ -78.125, -45.2083 ], [ -78.125, -44.7917 ], [ -78.3333, -44.5833 ], [ -78.75, -44.5833 ], [ -78.9583, -44.375 ], [ -79.375, -44.1667 ], [ -79.5833, -43.9583 ], [ -80.0, -43.9583 ], [ -80.2083, -43.9583 ], [ -80.625, -43.9583 ], [ -80.625, -44.1667 ], [ -81.0417, -44.1667 ], [ -81.25, -44.1667 ], [ -81.4583, -44.1667 ], [ -81.875, -44.1667 ], [ -81.875, -44.5833 ], [ -82.0833, -44.5833 ], [ -82.0833, -45.0 ], [ -82.2917, -45.0 ], [ -82.5, -44.7917 ], [ -82.9167, -45.0 ], [ -83.125, -45.0 ], [ -83.5417, -45.0 ], [ -83.75, -44.7917 ], [ -84.1667, -44.7917 ], [ -84.1667, -45.0 ], [ -84.5833, -45.2083 ], [ -84.5833, -45.0 ], [ -85.0, -45.0 ], [ -85.2083, -45.4167 ], [ -85.4167, -45.625 ], [ -85.625, -45.625 ], [ -86.0417, -45.4167 ], [ -86.4583, -45.4167 ], [ -86.6667, -45.625 ], [ -86.875, -45.625 ], [ -87.0833, -45.8333 ], [ -87.5, -45.625 ], [ -87.5, -45.4167 ], [ -87.9167, -45.2083 ], [ -88.3333, -45.625 ], [ -88.5417, -45.625 ], [ -88.75, -45.625 ], [ -88.9583, -45.625 ], [ -89.1667, -45.4167 ], [ -89.5833, -45.2083 ], [ -90.0, -45.0 ], [ -90.2083, -45.0 ], [ -90.4167, -45.0 ], [ -90.4167, -44.7917 ], [ -91.0417, -44.7917 ], [ -91.0417, -44.375 ], [ -91.0417, -44.1667 ], [ -91.0417, -43.9583 ], [ -91.25, -43.75 ], [ -91.4583, -43.5417 ], [ -91.875, -43.75 ], [ -92.2917, -43.9583 ], [ -92.5, -43.5417 ], [ -92.5, -43.125 ], [ -92.2917, -42.7083 ], [ -92.2917, -42.5 ], [ -92.9167, -42.7083 ], [ -93.125, -42.5 ], [ -93.3333, -42.5 ], [ -93.5417, -42.5 ], [ -93.75, -42.0833 ], [ -93.75, -41.6667 ], [ -93.5417, -41.6667 ], [ -93.3333, -41.25 ], [ -93.3333, -40.8333 ], [ -93.5417, -40.4167 ], [ -93.75, -40.2083 ], [ -93.9583, -40.2083 ], [ -94.1667, -39.7917 ], [ -94.1667, -39.5833 ], [ -93.75, -39.5833 ], [ -93.5417, -39.1667 ], [ -93.9583, -38.75 ], [ -94.1667, -38.3333 ], [ -94.375, -38.125 ], [ -94.375, -37.7083 ], [ -94.375, -37.5 ], [ -94.5833, -37.2917 ], [ -94.1667, -37.0833 ], [ -93.75, -37.2917 ], [ -93.5417, -37.2917 ], [ -93.125, -37.2917 ], [ -92.9167, -36.875 ], [ -93.125, -36.6667 ], [ -93.125, -36.25 ], [ -93.3333, -36.25 ], [ -93.3333, -35.625 ], [ -93.5417, -35.625 ], [ -93.75, -35.625 ], [ -93.75, -35.0 ], [ -93.9583, -34.7917 ], [ -94.5833, -35.0 ], [ -95.0, -35.0 ], [ -95.4167, -34.5833 ], [ -95.4167, -34.375 ], [ -95.4167, -34.1667 ], [ -95.625, -33.9583 ], [ -96.0417, -34.1667 ], [ -96.4583, -34.5833 ], [ -96.6667, -34.5833 ], [ -96.875, -34.7917 ], [ -97.0833, -34.7917 ], [ -97.2917, -35.0 ], [ -97.7083, -35.0 ], [ -98.125, -35.0 ], [ -98.3333, -35.0 ], [ -98.75, -35.0 ], [ -98.9583, -35.0 ], [ -99.375, -35.0 ], [ -99.5833, -35.0 ], [ -99.7917, -35.0 ], [ -99.7917, -34.7917 ], [ -100.0, -34.5833 ], [ -100.2083, -34.375 ], [ -100.2083, -34.1667 ], [ -100.8333, -33.9583 ], [ -101.25, -33.75 ], [ -101.4583, -33.5417 ], [ -101.875, -33.3333 ], [ -101.6667, -32.9167 ], [ -102.0833, -32.7083 ], [ -102.2917, -32.2917 ], [ -102.5, -32.2917 ], [ -102.7083, -32.0833 ], [ -102.7083, -31.875 ], [ -102.9167, -31.6667 ], [ -102.9167, -31.4583 ], [ -103.125, -31.4583 ], [ -103.5417, -31.25 ], [ -103.75, -31.4583 ], [ -103.9583, -31.4583 ], [ -104.1667, -31.25 ], [ -103.9583, -30.8333 ], [ -104.1667, -30.4167 ], [ -103.75, -30.0 ], [ -104.1667, -29.7917 ], [ -103.9583, -29.375 ], [ -104.1667, -28.9583 ], [ -103.75, -28.75 ], [ -104.1667, -28.5417 ], [ -103.9583, -28.125 ], [ -103.9583, -27.7083 ], [ -103.9583, -27.5 ], [ -104.1667, -27.0833 ], [ -104.1667, -26.6667 ], [ -104.1667, -26.25 ], [ -103.9583, -26.0417 ], [ -103.3333, -25.625 ], [ -103.125, -25.625 ], [ -103.3333, -25.2083 ], [ -103.125, -25.0 ], [ -103.3333, -24.7917 ], [ -103.3333, -24.5833 ], [ -102.9167, -24.1667 ], [ -102.7083, -23.9583 ], [ -102.2917, -23.75 ], [ -102.0833, -23.3333 ], [ -102.0833, -23.125 ], [ -101.875, -22.9167 ], [ -101.875, -22.7083 ], [ -101.875, -22.0833 ], [ -101.875, -21.875 ], [ -102.0833, -21.6667 ], [ -102.2917, -21.4583 ], [ -102.2917, -21.25 ], [ -102.5, -21.0417 ], [ -102.9167, -20.8333 ], [ -103.3333, -20.625 ], [ -103.3333, -20.2083 ], [ -103.3333, -19.7917 ], [ -103.75, -20.0 ], [ -103.9583, -19.7917 ], [ -104.375, -20.0 ], [ -104.7917, -20.4167 ], [ -105.4167, -20.4167 ], [ -105.4167, -20.0 ], [ -105.4167, -19.5833 ], [ -105.4167, -19.375 ], [ -105.8333, -19.1667 ], [ -106.0417, -19.375 ], [ -106.4583, -19.5833 ], [ -106.4583, -20.0 ], [ -106.875, -20.0 ], [ -107.0833, -19.5833 ], [ -107.0833, -19.375 ], [ -107.2917, -18.9583 ], [ -107.7083, -19.1667 ], [ -107.9167, -18.9583 ], [ -108.125, -19.1667 ], [ -108.3333, -18.9583 ], [ -108.5417, -18.9583 ], [ -108.75, -18.75 ], [ -108.9583, -18.75 ], [ -109.1667, -18.3333 ], [ -109.375, -18.5417 ], [ -109.7917, -18.125 ], [ -110.2083, -17.9167 ], [ -110.2083, -17.7083 ], [ -110.2083, -17.2917 ], [ -110.0, -17.0833 ], [ -110.0, -16.6667 ], [ -110.2083, -16.6667 ], [ -110.2083, -16.4583 ], [ -110.625, -16.0417 ], [ -110.8333, -15.625 ], [ -110.625, -15.4167 ], [ -110.8333, -15.0 ], [ -110.625, -15.0 ], [ -110.625, -14.7917 ], [ -111.0417, -14.375 ], [ -110.625, -13.9583 ], [ -111.0417, -13.75 ], [ -110.625, -13.3333 ], [ -110.8333, -13.125 ], [ -110.8333, -12.7083 ], [ -111.25, -12.5 ], [ -111.0417, -12.0833 ], [ -111.0417, -11.6667 ], [ -111.0417, -11.4583 ], [ -111.0417, -11.25 ], [ -110.8333, -11.0417 ], [ -110.8333, -10.8333 ], [ -110.625, -10.625 ], [ -110.4167, -10.4167 ], [ -110.2083, -10.4167 ], [ -110.0, -10.2083 ], [ -109.7917, -10.2083 ], [ -109.7917, -10.0 ], [ -109.375, -9.7917 ], [ -109.375, -9.375 ], [ -109.7917, -9.1667 ], [ -109.7917, -8.9583 ], [ -110.0, -8.75 ], [ -109.7917, -8.3333 ], [ -110.0, -8.3333 ], [ -109.7917, -7.9167 ], [ -110.0, -7.7083 ], [ -109.7917, -7.0833 ], [ -109.7917, -6.875 ], [ -110.0, -6.6667 ], [ -110.0, -6.4583 ], [ -110.2083, -6.25 ], [ -110.2083, -5.8333 ], [ -110.0, -5.625 ], [ -110.0, -5.2083 ], [ -109.7917, -5.2083 ], [ -109.7917, -4.7917 ], [ -109.5833, -4.7917 ], [ -109.5833, -4.375 ], [ -110.0, -4.1667 ], [ -110.2083, -4.1667 ], [ -110.2083, -3.9583 ], [ -110.4167, -3.9583 ], [ -110.625, -3.75 ], [ -110.8333, -3.5417 ], [ -110.625, -3.3333 ], [ -110.4167, -3.125 ], [ -110.2083, -3.125 ], [ -110.0, -2.9167 ], [ -110.2083, -2.5 ], [ -110.625, -2.5 ], [ -110.8333, -2.5 ], [ -111.0417, -2.5 ], [ -111.25, -2.2917 ], [ -111.875, -1.875 ], [ -112.0833, -2.0833 ], [ -112.0833, -2.2917 ], [ -112.5, -2.2917 ], [ -112.9167, -1.875 ], [ -113.3333, -1.6667 ], [ -113.75, -1.875 ], [ -113.75, -2.0833 ], [ -114.1667, -2.2917 ], [ -114.375, -1.875 ], [ -114.5833, -1.875 ], [ -115.0, -1.875 ], [ -115.4167, -1.4583 ], [ -115.625, -1.0417 ], [ -115.8333, -0.8333 ], [ -116.0417, -0.4167 ], [ -116.0417, -0.2083 ], [ -115.8333, 0.2083 ], [ -115.8333, 0.4167 ], [ -116.0417, 0.625 ], [ -116.25, 1.0417 ], [ -116.25, 1.25 ], [ -116.25, 1.6667 ], [ -116.0417, 2.0833 ], [ -116.25, 2.2917 ], [ -116.25, 2.5 ], [ -116.4583, 2.7083 ], [ -116.0417, 3.125 ], [ -116.25, 3.125 ], [ -116.4583, 3.5417 ], [ -116.6667, 3.3333 ], [ -116.6667, 3.5417 ], [ -116.875, 3.75 ], [ -116.4583, 4.1667 ], [ -116.4583, 4.375 ], [ -116.4583, 4.5833 ], [ -116.4583, 4.7917 ], [ -116.25, 5.2083 ], [ -116.0417, 5.2083 ], [ -115.8333, 5.625 ], [ -115.625, 5.8333 ], [ -115.625, 6.0417 ], [ -115.2083, 6.4583 ], [ -115.4167, 6.6667 ], [ -115.625, 6.875 ], [ -115.625, 7.2917 ], [ -115.8333, 7.5 ], [ -116.25, 7.5 ], [ -116.4583, 7.2917 ], [ -116.4583, 7.0833 ], [ -116.4583, 6.875 ], [ -116.6667, 6.6667 ], [ -116.875, 6.6667 ], [ -117.0833, 6.875 ], [ -117.0833, 7.0833 ], [ -116.875, 7.5 ], [ -116.875, 7.7083 ], [ -116.875, 8.125 ], [ -116.875, 8.75 ], [ -116.6667, 9.1667 ], [ -116.875, 9.375 ], [ -116.875, 9.5833 ], [ -116.6667, 9.7917 ], [ -116.875, 10.0 ], [ -117.2917, 10.2083 ], [ -117.5, 10.0 ], [ -117.5, 9.7917 ], [ -117.9167, 9.5833 ], [ -118.3333, 9.375 ], [ -118.5417, 9.375 ], [ -118.75, 9.375 ], [ -118.9583, 9.5833 ], [ -119.1667, 9.7917 ], [ -119.375, 9.5833 ], [ -119.5833, 9.7917 ], [ -120.0, 9.7917 ], [ -120.2083, 10.0 ], [ -120.0, 10.4167 ], [ -119.7917, 10.8333 ], [ -120.0, 11.0417 ], [ -119.375, 11.25 ], [ -118.9583, 11.4583 ], [ -118.75, 11.6667 ], [ -118.75, 12.0833 ], [ -119.1667, 12.2917 ], [ -119.375, 12.0833 ], [ -119.7917, 12.0833 ], [ -119.7917, 12.5 ], [ -120.0, 12.9167 ], [ -120.2083, 12.9167 ], [ -120.4167, 13.125 ], [ -121.0417, 12.9167 ], [ -121.6667, 12.9167 ], [ -122.0833, 12.9167 ], [ -122.5, 13.125 ], [ -122.5, 13.3333 ], [ -122.7083, 13.3333 ], [ -122.5, 13.75 ], [ -122.0833, 14.1667 ], [ -122.0833, 14.375 ], [ -122.2917, 14.375 ], [ -122.7083, 14.7917 ], [ -122.7083, 15.0 ], [ -123.125, 15.2083 ], [ -123.5417, 15.2083 ], [ -123.5417, 15.4167 ], [ -123.5417, 15.625 ], [ -123.5417, 15.8333 ], [ -123.5417, 16.0417 ], [ -123.9583, 16.4583 ], [ -124.1667, 16.4583 ], [ -124.5833, 15.8333 ], [ -125.0, 15.4167 ], [ -125.2083, 14.7917 ], [ -125.4167, 14.375 ], [ -125.625, 14.1667 ], [ -126.0417, 14.375 ], [ -126.25, 14.7917 ], [ -126.4583, 14.7917 ], [ -126.6667, 15.0 ], [ -126.6667, 15.2083 ], [ -127.2917, 15.0 ], [ -127.5, 15.0 ], [ -127.7083, 15.0 ], [ -127.9167, 15.4167 ], [ -128.125, 15.4167 ], [ -128.3333, 15.8333 ], [ -128.3333, 16.25 ], [ -128.3333, 16.4583 ], [ -128.125, 16.875 ], [ -128.3333, 16.875 ], [ -128.125, 17.2917 ], [ -128.5417, 17.7083 ], [ -128.3333, 17.9167 ], [ -128.125, 18.125 ], [ -127.9167, 18.125 ], [ -127.5, 18.125 ], [ -127.5, 18.5417 ], [ -127.7083, 18.75 ], [ -127.9167, 18.5417 ], [ -128.125, 18.9583 ], [ -128.125, 19.1667 ], [ -128.3333, 19.5833 ], [ -128.3333, 19.7917 ], [ -128.3333, 20.0 ], [ -128.3333, 20.2083 ], [ -128.3333, 20.625 ], [ -128.3333, 20.8333 ], [ -128.3333, 21.25 ], [ -128.125, 21.4583 ], [ -128.5417, 21.875 ], [ -128.9583, 22.2917 ], [ -128.5417, 22.7083 ], [ -128.3333, 22.9167 ], [ -128.125, 23.3333 ], [ -128.5417, 23.5417 ], [ -128.9583, 23.3333 ], [ -129.375, 23.3333 ], [ -129.5833, 23.5417 ], [ -129.7917, 23.75 ], [ -129.7917, 23.9583 ], [ -130.0, 24.1667 ], [ -130.0, 24.375 ], [ -130.0, 24.7917 ], [ -130.2083, 25.2083 ], [ -130.4167, 25.2083 ], [ -130.625, 25.4167 ], [ -130.8333, 25.4167 ], [ -131.25, 25.8333 ], [ -131.0417, 26.25 ], [ -130.8333, 26.4583 ], [ -130.625, 26.6667 ], [ -130.8333, 26.875 ], [ -130.8333, 27.2917 ], [ -130.8333, 27.5 ], [ -131.0417, 27.9167 ] ], [ [ -108.5417, 60.2083 ], [ -108.75, 59.7917 ], [ -108.9583, 59.7917 ], [ -109.375, 59.5833 ], [ -109.5833, 59.1667 ], [ -109.7917, 58.75 ], [ -110.0, 58.75 ], [ -110.2083, 58.3333 ], [ -110.0, 58.125 ], [ -109.7917, 57.7083 ], [ -109.7917, 57.5 ], [ -110.0, 57.2917 ], [ -110.0, 57.0833 ], [ -110.0, 56.6667 ], [ -109.5833, 56.875 ], [ -109.375, 56.6667 ], [ -109.1667, 56.25 ], [ -108.9583, 56.25 ], [ -108.9583, 55.8333 ], [ -108.5417, 55.8333 ], [ -108.5417, 55.625 ], [ -108.3333, 55.4167 ], [ -108.125, 55.2083 ], [ -107.9167, 55.0 ], [ -107.7083, 54.7917 ], [ -107.7083, 54.5833 ], [ -107.5, 54.375 ], [ -107.5, 54.1667 ], [ -107.7083, 53.9583 ], [ -107.5, 53.75 ], [ -107.5, 53.3333 ], [ -107.7083, 53.125 ], [ -107.7083, 52.9167 ], [ -107.9167, 52.5 ], [ -107.5, 52.2917 ], [ -107.2917, 52.2917 ], [ -106.6667, 52.2917 ], [ -106.4583, 52.7083 ], [ -106.25, 53.125 ], [ -106.4583, 53.125 ], [ -106.25, 53.5417 ], [ -106.0417, 54.1667 ], [ -106.0417, 54.375 ], [ -106.0417, 54.7917 ], [ -106.0417, 55.2083 ], [ -105.625, 55.4167 ], [ -105.625, 55.625 ], [ -105.4167, 55.625 ], [ -105.625, 56.0417 ], [ -106.0417, 56.0417 ], [ -106.0417, 56.25 ], [ -106.4583, 56.25 ], [ -106.6667, 56.25 ], [ -106.875, 56.25 ], [ -107.0833, 56.25 ], [ -107.2917, 56.25 ], [ -107.5, 56.4583 ], [ -107.7083, 56.875 ], [ -108.125, 56.875 ], [ -108.3333, 57.2917 ], [ -108.125, 57.5 ], [ -107.9167, 57.9167 ], [ -107.9167, 58.125 ], [ -107.7083, 58.5417 ], [ -107.7083, 58.75 ], [ -107.7083, 59.1667 ], [ -107.9167, 59.1667 ], [ -107.9167, 59.5833 ], [ -107.9167, 59.7917 ], [ -107.9167, 60.2083 ], [ -107.9167, 60.4167 ], [ -108.125, 60.8333 ], [ -108.5417, 60.4167 ], [ -108.5417, 60.2083 ] ], [ [ -118.5417, 13.75 ], [ -118.5417, 13.9583 ], [ -118.9583, 14.1667 ], [ -119.1667, 13.75 ], [ -118.9583, 13.5417 ], [ -118.5417, 13.75 ] ], [ [ -126.6667, 16.875 ], [ -126.4583, 16.4583 ], [ -126.4583, 16.25 ], [ -126.0417, 16.6667 ], [ -126.25, 16.875 ], [ -126.6667, 16.875 ] ], [ [ -116.875, 16.4583 ], [ -116.4583, 16.25 ], [ -116.0417, 15.8333 ], [ -116.25, 15.4167 ], [ -116.0417, 15.2083 ], [ -115.8333, 15.2083 ], [ -115.625, 15.625 ], [ -115.2083, 16.0417 ], [ -115.4167, 16.25 ], [ -115.4167, 16.6667 ], [ -115.8333, 16.875 ], [ -116.0417, 17.0833 ], [ -116.25, 17.0833 ], [ -116.4583, 17.0833 ], [ -116.6667, 16.875 ], [ -116.875, 16.4583 ] ], [ [ -116.6667, 14.1667 ], [ -116.875, 13.9583 ], [ -116.875, 13.5417 ], [ -117.0833, 13.3333 ], [ -117.2917, 13.3333 ], [ -117.5, 13.125 ], [ -117.5, 12.9167 ], [ -117.2917, 12.7083 ], [ -117.2917, 12.5 ], [ -117.0833, 12.0833 ], [ -116.6667, 11.875 ], [ -116.25, 11.875 ], [ -116.0417, 12.2917 ], [ -116.0417, 12.5 ], [ -116.0417, 12.7083 ], [ -115.8333, 12.9167 ], [ -115.4167, 12.9167 ], [ -115.2083, 12.7083 ], [ -114.7917, 12.9167 ], [ -114.5833, 13.125 ], [ -115.2083, 13.3333 ], [ -115.2083, 13.5417 ], [ -115.625, 13.75 ], [ -115.8333, 13.75 ], [ -116.0417, 13.75 ], [ -116.25, 13.9583 ], [ -116.4583, 14.1667 ], [ -116.6667, 14.1667 ] ], [ [ -117.7083, 11.25 ], [ -117.7083, 11.4583 ], [ -118.125, 11.4583 ], [ -118.5417, 11.0417 ], [ -118.3333, 10.8333 ], [ -117.9167, 10.625 ], [ -117.7083, 10.8333 ], [ -117.7083, 11.25 ] ], [ [ -117.5, 18.5417 ], [ -117.7083, 18.75 ], [ -118.125, 18.5417 ], [ -118.125, 18.3333 ], [ -117.7083, 17.9167 ], [ -117.5, 18.5417 ] ], [ [ -114.5833, 18.9583 ], [ -114.1667, 18.9583 ], [ -114.1667, 19.1667 ], [ -114.375, 19.5833 ], [ -114.5833, 19.5833 ], [ -114.5833, 18.9583 ] ], [ [ -112.0833, 58.75 ], [ -112.5, 58.3333 ], [ -111.875, 58.3333 ], [ -111.875, 58.5417 ], [ -112.0833, 58.75 ] ], [ [ -113.3333, 58.125 ], [ -113.75, 58.3333 ], [ -113.9583, 58.125 ], [ -113.9583, 57.9167 ], [ -113.5417, 57.7083 ], [ -113.3333, 58.125 ] ], [ [ -108.3333, 54.1667 ], [ -108.75, 53.9583 ], [ -108.5417, 53.75 ], [ -108.125, 53.75 ], [ -108.3333, 54.1667 ] ], [ [ -107.0833, 29.1667 ], [ -106.4583, 28.75 ], [ -106.0417, 29.1667 ], [ -106.0417, 29.5833 ], [ -107.0833, 29.1667 ] ], [ [ -101.0417, 61.4583 ], [ -100.625, 61.6667 ], [ -100.4167, 61.6667 ], [ -100.4167, 62.2917 ], [ -100.8333, 62.2917 ], [ -101.25, 62.0833 ], [ -101.25, 61.875 ], [ -101.0417, 61.6667 ], [ -101.0417, 61.4583 ] ], [ [ -99.375, 29.7917 ], [ -99.7917, 30.0 ], [ -100.0, 30.0 ], [ -99.7917, 29.375 ], [ -99.375, 29.375 ], [ -99.375, 29.5833 ], [ -99.375, 29.7917 ] ], [ [ -106.4583, 56.6667 ], [ -106.25, 56.6667 ], [ -105.8333, 56.4583 ], [ -105.8333, 56.6667 ], [ -105.625, 56.6667 ], [ -105.4167, 56.875 ], [ -105.0, 56.875 ], [ -104.7917, 57.2917 ], [ -104.5833, 57.7083 ], [ -104.7917, 58.125 ], [ -104.7917, 58.3333 ], [ -104.7917, 58.75 ], [ -104.7917, 58.9583 ], [ -104.7917, 59.1667 ], [ -105.0, 59.5833 ], [ -105.4167, 59.1667 ], [ -105.625, 58.9583 ], [ -105.4167, 58.75 ], [ -105.8333, 58.3333 ], [ -106.0417, 58.3333 ], [ -106.0417, 57.9167 ], [ -106.25, 57.9167 ], [ -106.4583, 57.7083 ], [ -106.4583, 57.5 ], [ -106.6667, 57.0833 ], [ -106.4583, 56.6667 ] ], [ [ -101.6667, 62.5 ], [ -101.6667, 62.7083 ], [ -102.0833, 62.9167 ], [ -102.2917, 62.9167 ], [ -102.2917, 62.2917 ], [ -101.875, 62.5 ], [ -101.6667, 62.5 ] ], [ [ -91.875, 48.5417 ], [ -91.875, 48.3333 ], [ -91.6667, 47.9167 ], [ -91.0417, 48.125 ], [ -91.25, 48.5417 ], [ -91.875, 48.5417 ] ], [ [ -93.5417, 51.25 ], [ -93.9583, 50.8333 ], [ -93.9583, 50.625 ], [ -94.7917, 50.625 ], [ -94.5833, 50.2083 ], [ -94.1667, 50.0 ], [ -93.9583, 50.0 ], [ -93.75, 49.7917 ], [ -93.5417, 50.0 ], [ -93.3333, 50.4167 ], [ -93.5417, 50.625 ], [ -93.125, 50.8333 ], [ -93.3333, 51.0417 ], [ -93.5417, 51.25 ] ], [ [ -87.9167, 60.8333 ], [ -88.125, 61.25 ], [ -88.3333, 61.25 ], [ -88.5417, 60.8333 ], [ -88.125, 60.625 ], [ -87.9167, 60.8333 ] ], [ [ -99.5833, -33.75 ], [ -99.5833, -34.1667 ], [ -99.375, -34.1667 ], [ -98.9583, -34.1667 ], [ -99.1667, -33.5417 ], [ -99.5833, -33.75 ] ], [ [ -90.625, -36.0417 ], [ -90.625, -35.625 ], [ -91.0417, -35.8333 ], [ -91.0417, -36.0417 ], [ -90.625, -36.0417 ] ], [ [ -79.5833, -41.25 ], [ -79.7917, -41.6667 ], [ -79.7917, -41.875 ], [ -79.5833, -41.875 ], [ -79.1667, -41.6667 ], [ -79.5833, -41.25 ] ], [ [ -69.5833, -35.0 ], [ -69.375, -35.0 ], [ -69.1667, -34.5833 ], [ -69.375, -34.375 ], [ -69.7917, -34.375 ], [ -70.2083, -34.5833 ], [ -70.625, -34.7917 ], [ -70.4167, -35.0 ], [ -70.0, -35.2083 ], [ -70.0, -35.0 ], [ -69.5833, -35.0 ] ], [ [ -55.625, -45.0 ], [ -55.625, -44.375 ], [ -55.8333, -44.375 ], [ -56.25, -43.9583 ], [ -56.25, -43.75 ], [ -56.25, -43.3333 ], [ -56.6667, -43.3333 ], [ -56.875, -43.3333 ], [ -57.2917, -43.125 ], [ -57.5, -43.125 ], [ -57.9167, -43.125 ], [ -58.3333, -43.125 ], [ -58.3333, -43.5417 ], [ -58.5417, -43.75 ], [ -58.5417, -43.9583 ], [ -58.75, -44.1667 ], [ -59.1667, -44.1667 ], [ -59.375, -44.5833 ], [ -59.1667, -44.7917 ], [ -59.375, -45.2083 ], [ -58.9583, -45.625 ], [ -58.5417, -45.625 ], [ -58.3333, -45.625 ], [ -57.9167, -45.8333 ], [ -57.9167, -46.0417 ], [ -57.7083, -46.0417 ], [ -57.5, -46.25 ], [ -57.7083, -46.875 ], [ -57.5, -47.0833 ], [ -57.0833, -46.875 ], [ -56.6667, -46.6667 ], [ -56.25, -46.4583 ], [ -56.0417, -46.4583 ], [ -55.625, -46.25 ], [ -55.4167, -46.0417 ], [ -55.2083, -45.625 ], [ -55.4167, -45.0 ], [ -55.625, -45.0 ] ], [ [ -51.0417, -59.7917 ], [ -51.0417, -60.0 ], [ -50.8333, -60.0 ], [ -50.625, -59.7917 ], [ -50.625, -59.5833 ], [ -50.8333, -59.5833 ], [ -51.0417, -59.7917 ] ], [ [ -47.7083, -25.0 ], [ -47.7083, -24.7917 ], [ -47.7083, -24.375 ], [ -48.125, -24.375 ], [ -48.3333, -24.5833 ], [ -48.5417, -25.0 ], [ -48.3333, -25.2083 ], [ -47.9167, -25.0 ], [ -47.7083, -25.0 ] ], [ [ -27.5, -26.25 ], [ -27.9167, -25.8333 ], [ -28.125, -26.0417 ], [ -27.9167, -26.6667 ], [ -27.5, -26.4583 ], [ -27.5, -26.25 ] ], [ [ -25.4167, -37.0833 ], [ -25.625, -37.0833 ], [ -26.0417, -37.0833 ], [ -26.0417, -37.2917 ], [ -26.0417, -37.7083 ], [ -25.4167, -37.7083 ], [ -25.4167, -37.5 ], [ -25.4167, -37.0833 ] ], [ [ -7.5, -48.5417 ], [ -6.6667, -48.3333 ], [ -6.6667, -47.9167 ], [ -7.0833, -47.7083 ], [ -7.7083, -47.7083 ], [ -7.5, -48.5417 ] ], [ [ -3.3333, -56.0417 ], [ -3.75, -56.4583 ], [ -3.3333, -57.0833 ], [ -2.9167, -56.25 ], [ -3.3333, -56.0417 ] ], [ [ -65.0, -30.2083 ], [ -65.0, -29.7917 ], [ -65.4167, -29.7917 ], [ -65.625, -30.0 ], [ -65.2083, -30.2083 ], [ -65.0, -30.2083 ] ] ] ] } },
{ "type": "Feature", "properties": { "id": 28, "neighbors": [ 30, 8, 10, 11, 12, 29 ], "height": 4, "biome": 9, "type": "island", "population": 0, "state": 0, "province": 0 }, "geometry": { "type": "MultiPolygon", "coordinates": [ [ [ [ -135.0, 58.125 ], [ -135.2083, 58.125 ], [ -135.4167, 58.75 ], [ -135.2083, 58.75 ], [ -135.2083, 58.9583 ], [ -134.5833, 58.9583 ], [ -134.5833, 58.5417 ], [ -135.0, 58.125 ] ] ] ] } },
{ "type": "Feature", "properties": { "id": 28, "neighbors": [ 30, 8, 10, 11, 12, 29 ], "height": 4, "biome": 9, "type": "island", "population": 0, "state": 0, "province": 0 }, "geometry": { "type": "MultiPolygon", "coordinates": [ [ [ [ -126.25, 2.9167 ], [ -126.4583, 2.7083 ], [ -126.6667, 2.9167 ], [ -126.6667, 3.125 ], [ -126.4583, 3.5417 ], [ -126.25, 3.5417 ], [ -126.0417, 3.3333 ], [ -126.25, 2.9167 ] ] ] ] } },
{ "type": "Feature", "properties": { "id": 28, "neighbors": [ 30, 8, 10, 11, 12, 29 ], "height": 4, "biome": 9, "type": "island", "population": 0, "state": 0, "province": 0 }, "geometry": { "type": "MultiPolygon", "coordinates": [ [ [ [ -127.7083, 42.0833 ], [ -127.7083, 42.5 ], [ -127.5, 42.9167 ], [ -127.2917, 43.125 ], [ -127.2917, 42.9167 ], [ -127.0833, 42.5 ], [ -127.5, 42.0833 ], [ -127.7083, 42.0833 ] ] ] ] } },
{ "type": "Feature", "properties": { "id": 28, "neighbors": [ 30, 8, 10, 11, 12, 29 ], "height": 4, "biome": 9, "type": "island", "population": 0, "state": 0, "province": 0 }, "geometry": { "type": "MultiPolygon", "coordinates": [ [ [ [ -120.4167, -44.7917 ], [ -120.625, -44.7917 ], [ -120.8333, -44.5833 ], [ -120.8333, -44.375 ], [ -120.625, -44.1667 ], [ -120.2083, -44.1667 ], [ -120.0, -44.375 ], [ -120.4167, -44.7917 ] ] ] ] } },
{ "type": "Feature", "properties": { "id": 28, "neighbors": [ 30, 8, 10, 11, 12, 29 ], "height": 4, "biome": 9, "type": "island", "population": 0, "state": 0, "province": 0 }, "geometry": { "type": "MultiPolygon", "coordinates": [ [ [ [ -118.3333, -26.4583 ], [ -117.7083, -26.875 ], [ -117.7083, -27.0833 ], [ -117.7083, -27.2917 ], [ -117.9167, -27.5 ], [ -118.125, -27.5 ], [ -118.5417, -27.2917 ], [ -118.5417, -26.875 ], [ -118.3333, -26.6667 ], [ -118.3333, -26.4583 ] ] ] ] } },
{ "type": "Feature", "properties": { "id": 28, "neighbors": [ 30, 8, 10, 11, 12, 29 ], "height": 4, "biome": 9, "type": "island", "population": 0, "state": 0, "province": 0 }, "geometry": { "type": "MultiPolygon", "coordinates": [ [ [ [ -108.5417, 64.5833 ], [ -108.75, 64.7917 ], [ -108.5417, 65.2083 ], [ -108.125, 65.2083 ], [ -107.9167, 65.2083 ], [ -107.5, 65.0 ], [ -107.0833, 64.5833 ], [ -107.0833, 64.375 ], [ -107.5, 63.9583 ], [ -107.7083, 64.1667 ], [ -108.125, 64.1667 ], [ -108.3333, 64.375 ], [ -108.5417, 64.5833 ] ] ] ] } },
{ "type": "Feature", "properties": { "id": 28, "neighbors": [ 30, 8, 10, 11, 12, 29 ], "height": 4, "biome": 9, "type": "island", "population": 0, "state": 0, "province": 0 }, "geometry": { "type": "MultiPolygon", "coordinates": [ [ [ [ -102.7083, -78.75 ], [ -102.9167, -78.9583 ], [ -103.3333, -78.5417 ], [ -102.9167, -78.125 ], [ -102.5, -78.3333 ], [ -102.5, -78.75 ], [ -102.7083, -78.75 ] ] ] ] } },
{ "type": "Feature", "properties": { "id": 28, "neighbors": [ 30, 8, 10, 11, 12, 29 ], "height": 4, "biome": 9, "type": "island", "population": 0, "state": 0, "province": 0 }, "geometry": { "type": "MultiPolygon", "coordinates": [ [ [ [ -101.25, -64.375 ], [ -101.0417, -64.375 ], [ -100.625, -64.7917 ], [ -100.8333, -65.2083 ], [ -101.25, -65.4167 ], [ -101.25, -65.2083 ], [ -101.4583, -65.0 ], [ -101.6667, -65.0 ], [ -101.25, -64.375 ] ] ] ] } },
{ "type": "Feature", "properties": { "id": 28, "neighbors": [ 30, 8, 10, 11, 12, 29 ], "height": 4, "biome": 9, "type": "island", "population": 0, "state": 0, "province": 0 }, "geometry": { "type": "MultiPolygon", "coordinates": [ [ [ [ -100.2083, 6.0417 ], [ -100.0, 6.0417 ], [ -100.0, 5.625 ], [ -100.2083, 5.4167 ], [ -100.4167, 5.4167 ], [ -100.8333, 5.4167 ], [ -101.0417, 5.625 ], [ -100.8333, 6.0417 ], [ -100.625, 6.25 ], [ -100.2083, 6.0417 ] ] ] ] } },
{ "type": "Feature", "properties": { "id": 28, "neighbors": [ 30, 8, 10, 11, 12, 29 ], "height": 4, "biome": 9, "type": "island", "population": 0, "state": 0, "province": 0 }, "geometry": { "type": "MultiPolygon", "coordinates": [ [ [ [ -98.3333, -40.8333 ], [ -98.5417, -41.0417 ], [ -98.75, -40.8333 ], [ -98.75, -40.625 ], [ -98.75, -40.2083 ], [ -98.5417, -40.2083 ], [ -98.125, -40.4167 ], [ -98.3333, -40.8333 ] ] ] ] } },
{ "type": "Feature", "properties": { "id": 28, "neighbors": [ 30, 8, 10, 11, 12, 29 ], "height": 4, "biome": 9, "type": "island", "population": 0, "state": 0, "province": 0 }, "geometry": { "type": "MultiPolygon", "coordinates": [ [ [ [ -97.0833, -3.75 ], [ -97.0833, -3.3333 ], [ -96.6667, -3.3333 ], [ -96.4583, -3.5417 ], [ -96.4583, -3.75 ], [ -96.6667, -3.9583 ], [ -97.0833, -3.75 ] ] ] ] } },
{ "type": "Feature", "properties": { "id": 28, "neighbors": [ 30, 8, 10, 11, 12, 29 ], "height": 4, "biome": 9, "type": "island", "population": 0, "state": 0, "province": 0 }, "geometry": { "type": "MultiPolygon", "coordinates": [ [ [ [ -98.75, 1.0417 ], [ -99.375, 0.8333 ], [ -99.375, 1.25 ], [ -99.1667, 1.4583 ], [ -98.75, 1.25 ], [ -98.75, 1.0417 ] ] ] ] } },
{ "type": "Feature", "properties": { "id": 28, "neighbors": [ 30, 8, 10, 11, 12, 29 ], "height": 4, "biome": 9, "type": "island", "population": 0, "state": 0, "province": 0 }, "geometry": { "type": "MultiPolygon", "coordinates": [ [ [ [ -90.0, 1.25 ], [ -89.5833, 0.8333 ], [ -89.375, 0.4167 ], [ -89.5833, -0.2083 ], [ -90.0, 0.0 ], [ -90.0, 0.2083 ], [ -90.4167, 0.625 ], [ -90.625, 0.625 ], [ -90.8333, 0.625 ], [ -91.0417, 0.8333 ], [ -91.25, 1.0417 ], [ -91.0417, 1.4583 ], [ -90.625, 1.4583 ], [ -90.2083, 1.25 ], [ -90.0, 1.25 ] ] ] ] } },
{ "type": "Feature", "properties": { "id": 28, "neighbors": [ 30, 8, 10, 11, 12, 29 ], "height": 4, "biome": 9, "type": "island", "population": 0, "state": 0, "province": 0 }, "geometry": { "type": "MultiPolygon", "coordinates": [ [ [ [ -83.125, -31.0417 ], [ -83.3333, -31.25 ], [ -83.5417, -31.25 ], [ -83.75, -31.0417 ], [ -83.9583, -30.625 ], [ -83.3333, -30.4167 ], [ -82.9167, -30.8333 ], [ -83.125, -31.0417 ] ] ] ] } },
{ "type": "Feature", "properties": { "id": 28, "neighbors": [ 30, 8, 10, 11, 12, 29 ], "height": 4, "biome": 9, "type": "island", "population": 0, "state": 0, "province": 0 }, "geometry": { "type": "MultiPolygon", "coordinates": [ [ [ [ -83.5417, 32.0833 ], [ -83.5417, 32.2917 ], [ -83.125, 32.5 ], [ -82.7083, 32.2917 ], [ -82.7083, 32.0833 ], [ -83.125, 31.875 ], [ -83.5417, 32.0833 ] ] ] ] } },
{ "type": "Feature", "properties": { "id": 28, "neighbors": [ 30, 8, 10, 11, 12, 29 ], "height": 4, "biome": 9, "type": "island", "population": 0, "state": 0, "province": 0 }, "geometry": { "type": "MultiPolygon", "coordinates": [ [ [ [ -88.9583, 34.5833 ], [ -88.75, 34.7917 ], [ -88.3333, 34.7917 ], [ -88.125, 34.375 ], [ -88.3333, 34.1667 ], [ -88.9583, 34.375 ], [ -88.9583, 34.5833 ] ] ] ] } },
{ "type": "Feature", "properties": { "id": 28, "neighbors": [ 30, 8, 10, 11, 12, 29 ], "height": 4, "biome": 9, "type": "island", "population": 0, "state": 0, "province": 0 }, "geometry": { "type": "MultiPolygon", "coordinates": [ [ [ [ -80.2083, -58.5417 ], [ -80.4167, -58.5417 ], [ -80.625, -58.125 ], [ -80.4167, -57.7083 ], [ -80.0, -57.7083 ], [ -79.7917, -57.9167 ], [ -79.7917, -58.125 ], [ -80.2083, -58.5417 ] ] ] ] } },
{ "type": "Feature", "properties": { "id": 28, "neighbors": [ 30, 8, 10, 11, 12, 29 ], "height": 4, "biome": 9, "type": "island", "population": 0, "state": 0, "province": 0 }, "geometry": { "type": "MultiPolygon", "coordinates": [ [ [ [ -80.625, 64.5833 ], [ -80.8333, 65.0 ], [ -80.4167, 65.4167 ], [ -80.0, 65.2083 ], [ -79.5833, 65.0 ], [ -79.1667, 64.7917 ], [ -79.1667, 64.5833 ], [ -79.375, 64.375 ], [ -79.7917, 64.375 ], [ -80.0, 64.375 ], [ -80.4167, 64.375 ], [ -80.625, 64.5833 ] ] ] ] } },
{ "type": "Feature", "properties": { "id": 28, "neighbors": [ 30, 8, 10, 11, 12, 29 ], "height": 4, "biome": 9, "type": "island", "population": 0, "state": 0, "province": 0 }, "geometry": { "type": "MultiPolygon", "coordinates": [ [ [ [ -68.5417, -2.5 ], [ -68.3333, -1.875 ], [ -67.9167, -1.875 ], [ -67.7083, -2.0833 ], [ -67.5, -2.0833 ], [ -67.5, -2.5 ], [ -67.5, -2.9167 ], [ -67.7083, -2.9167 ], [ -68.3333, -2.9167 ], [ -68.3333, -2.7083 ], [ -68.5417, -2.5 ] ] ] ] } },
{ "type": "Feature", "properties": { "id": 28, "neighbors": [ 30, 8, 10, 11, 12, 29 ], "height": 4, "biome": 9, "type": "island", "population": 0, "state": 0, "province": 0 }, "geometry": { "type": "MultiPolygon", "coordinates": [ [ [ [ -72.0833, 6.4583 ], [ -72.2917, 6.0417 ], [ -72.2917, 5.8333 ], [ -72.7083, 6.0417 ], [ -72.9167, 6.4583 ], [ -72.7083, 6.6667 ], [ -72.5, 6.875 ], [ -72.0833, 6.6667 ], [ -72.0833, 6.4583 ] ] ] ] } },
{ "type": "Feature", "properties": { "id": 28, "neighbors": [ 30, 8, 10, 11, 12, 29 ], "height": 4, "biome": 9, "type": "island", "population": 0, "state": 0, "province": 0 }, "geometry": { "type": "MultiPolygon", "coordinates": [ [ [ [ -67.2917, -21.4583 ], [ -66.875, -21.4583 ], [ -66.875, -22.0833 ], [ -67.2917, -22.0833 ], [ -67.5, -22.0833 ], [ -67.7083, -21.875 ], [ -67.7083, -21.6667 ], [ -67.5, -21.4583 ], [ -67.2917, -21.4583 ] ] ] ] } },
{ "type": "Feature", "properties": { "id": 28, "neighbors": [ 30, 8, 10, 11, 12, 29 ], "height": 4, "biome": 9, "type": "island", "population": 0, "state": 0, "province": 0 }, "geometry": { "type": "MultiPolygon", "coordinates": [ [ [ [ -65.2083, -6.0417 ], [ -64.7917, -5.625 ], [ -64.7917, -5.4167 ], [ -64.375, -5.0 ], [ -64.5833, -5.0 ], [ -64.7917, -4.5833 ], [ -64.7917, -4.1667 ], [ -64.5833, -4.1667 ], [ -64.375, -3.75 ], [ -63.9583, -3.3333 ], [ -63.75, -3.125 ], [ -63.5417, -3.125 ], [ -63.3333, -2.9167 ], [ -62.9167, -3.125 ], [ -62.7083, -3.125 ], [ -62.2917, -3.3333 ], [ -62.0833, -3.125 ], [ -61.875, -3.125 ], [ -61.6667, -2.9167 ], [ -61.6667, -2.7083 ], [ -61.4583, -2.5 ], [ -61.4583, -2.2917 ], [ -61.4583, -2.0833 ], [ -60.8333, -2.0833 ], [ -60.8333, -1.875 ], [ -60.4167, -1.4583 ], [ -60.2083, -1.6667 ], [ -59.5833, -1.4583 ], [ -59.5833, -1.6667 ], [ -59.1667, -1.4583 ], [ -58.9583, -1.6667 ], [ -58.75, -1.6667 ], [ -58.3333, -2.0833 ], [ -58.3333, -2.2917 ], [ -58.3333, -2.5 ], [ -58.3333, -2.7083 ], [ -58.5417, -3.3333 ], [ -58.5417, -3.75 ], [ -58.75, -3.9583 ], [ -58.9583, -3.9583 ], [ -59.1667, -4.375 ], [ -59.1667, -4.7917 ], [ -59.1667, -5.0 ], [ -59.1667, -5.4167 ], [ -59.375, -5.8333 ], [ -59.375, -6.0417 ], [ -59.7917, -6.25 ], [ -60.0, -6.4583 ], [ -60.4167, -6.25 ], [ -60.4167, -6.4583 ], [ -60.8333, -6.4583 ], [ -61.0417, -6.6667 ], [ -60.8333, -6.875 ], [ -61.25, -7.2917 ], [ -61.4583, -7.2917 ], [ -61.875, -7.5 ], [ -62.0833, -7.5 ], [ -62.2917, -7.7083 ], [ -62.5, -7.9167 ], [ -62.7083, -7.7083 ], [ -62.9167, -7.7083 ], [ -63.3333, -7.7083 ], [ -63.5417, -7.7083 ], [ -63.75, -7.5 ], [ -64.1667, -7.7083 ], [ -64.375, -7.5 ], [ -64.5833, -7.7083 ], [ -64.7917, -7.5 ], [ -64.7917, -7.0833 ], [ -65.0, -7.0833 ], [ -65.2083, -6.4583 ], [ -65.2083, -6.25 ], [ -65.2083, -6.0417 ] ] ] ] } },
{ "type": "Feature", "properties": { "id": 28, "neighbors": [ 30, 8, 10, 11, 12, 29 ], "height": 4, "biome": 9, "type": "island", "population": 0, "state": 0, "province": 0 }, "geometry": { "type": "MultiPolygon", "coordinates": [ [ [ [ -65.4167, 1.0417 ], [ -64.7917, 1.25 ], [ -64.5833, 1.0417 ], [ -64.5833, 0.625 ], [ -65.0, 0.4167 ], [ -65.4167, 0.8333 ], [ -65.4167, 1.0417 ] ] ] ] } },
{ "type": "Feature", "properties": { "id": 28, "neighbors": [ 30, 8, 10, 11, 12, 29 ], "height": 4, "biome": 9, "type": "island", "population": 0, "state": 0, "province": 0 }, "geometry": { "type": "MultiPolygon", "coordinates": [ [ [ [ -60.4167, 3.75 ], [ -60.8333, 3.9583 ], [ -61.0417, 4.1667 ], [ -60.8333, 4.5833 ], [ -60.4167, 4.5833 ], [ -60.2083, 3.9583 ], [ -60.2083, 3.75 ], [ -60.4167, 3.75 ] ] ] ] } },
{ "type": "Feature", "properties": { "id": 28, "neighbors": [ 30, 8, 10, 11, 12, 29 ], "height": 4, "biome": 9, "type": "island", "population": 0, "state": 0, "province": 0 }, "geometry": { "type": "MultiPolygon", "coordinates": [ [ [ [ -65.4167, 6.25 ], [ -65.4167, 5.8333 ], [ -65.8333, 5.8333 ], [ -66.0417, 6.4583 ], [ -65.625, 6.6667 ], [ -65.4167, 6.25 ] ] ] ] } },
{ "type": "Feature", "properties": { "id": 28, "neighbors": [ 30, 8, 10, 11, 12, 29 ], "height": 4, "biome": 9, "type": "island", "population": 0, "state": 0, "province": 0 }, "geometry": { "type": "MultiPolygon", "coordinates": [ [ [ [ -65.4167, 38.5417 ], [ -65.4167, 38.9583 ], [ -65.2083, 39.375 ], [ -65.4167, 39.5833 ], [ -65.2083, 40.2083 ], [ -64.7917, 40.2083 ], [ -64.5833, 40.2083 ], [ -64.375, 40.4167 ], [ -64.375, 40.625 ], [ -63.9583, 40.8333 ], [ -63.75, 40.8333 ], [ -63.5417, 41.0417 ], [ -63.5417, 41.6667 ], [ -63.3333, 41.6667 ], [ -63.125, 42.0833 ], [ -62.7083, 42.2917 ], [ -62.2917, 42.5 ], [ -62.2917, 42.9167 ], [ -62.0833, 42.9167 ], [ -62.2917, 43.5417 ], [ -62.0833, 43.75 ], [ -62.0833, 43.9583 ], [ -61.875, 44.1667 ], [ -61.6667, 44.375 ], [ -61.6667, 44.7917 ], [ -61.6667, 45.0 ], [ -61.4583, 45.4167 ], [ -61.0417, 45.4167 ], [ -61.0417, 45.625 ], [ -60.8333, 45.8333 ], [ -60.625, 45.8333 ], [ -60.4167, 45.8333 ], [ -60.0, 45.8333 ], [ -59.7917, 46.0417 ], [ -59.5833, 45.8333 ], [ -59.1667, 46.0417 ], [ -58.9583, 46.0417 ], [ -58.75, 46.25 ], [ -58.5417, 46.6667 ], [ -58.5417, 47.0833 ], [ -58.5417, 47.2917 ], [ -58.75, 47.5 ], [ -58.5417, 47.7083 ], [ -58.125, 47.9167 ], [ -57.7083, 47.7083 ], [ -57.2917, 47.5 ], [ -57.0833, 47.9167 ], [ -57.0833, 48.3333 ], [ -56.6667, 48.3333 ], [ -56.4583, 48.75 ], [ -56.25, 48.5417 ], [ -56.0417, 48.9583 ], [ -55.8333, 48.75 ], [ -55.2083, 48.9583 ], [ -55.0, 48.9583 ], [ -54.5833, 48.9583 ], [ -54.375, 48.9583 ], [ -53.9583, 48.9583 ], [ -53.75, 48.75 ], [ -53.75, 48.5417 ], [ -53.9583, 48.3333 ], [ -53.9583, 47.9167 ], [ -53.5417, 47.7083 ], [ -53.5417, 47.5 ], [ -53.3333, 47.2917 ], [ -53.3333, 46.875 ], [ -53.75, 46.875 ], [ -53.9583, 46.875 ], [ -54.1667, 46.6667 ], [ -54.1667, 46.25 ], [ -53.9583, 46.0417 ], [ -53.75, 45.8333 ], [ -53.75, 45.4167 ], [ -53.9583, 44.7917 ], [ -53.9583, 44.5833 ], [ -54.1667, 44.5833 ], [ -54.7917, 44.375 ], [ -54.7917, 43.75 ], [ -54.5833, 43.5417 ], [ -54.5833, 43.125 ], [ -54.5833, 42.9167 ], [ -54.375, 42.9167 ], [ -54.1667, 42.7083 ], [ -54.1667, 42.5 ], [ -53.9583, 42.0833 ], [ -53.9583, 41.6667 ], [ -54.375, 41.4583 ], [ -54.5833, 41.4583 ], [ -55.0, 41.0417 ], [ -55.2083, 40.8333 ], [ -55.4167, 40.8333 ], [ -55.4167, 40.625 ], [ -55.8333, 40.2083 ], [ -56.0417, 40.4167 ], [ -56.4583, 40.2083 ], [ -56.25, 39.5833 ], [ -56.6667, 39.1667 ], [ -56.875, 39.1667 ], [ -57.2917, 39.1667 ], [ -57.9167, 39.1667 ], [ -58.125, 38.9583 ], [ -58.75, 39.1667 ], [ -58.75, 39.375 ], [ -58.9583, 39.5833 ], [ -58.9583, 39.7917 ], [ -59.1667, 40.0 ], [ -59.5833, 40.0 ], [ -59.5833, 39.7917 ], [ -59.7917, 39.7917 ], [ -60.2083, 39.5833 ], [ -60.625, 39.375 ], [ -61.0417, 39.7917 ], [ -61.25, 39.7917 ], [ -61.4583, 39.5833 ], [ -61.4583, 39.375 ], [ -61.6667, 39.1667 ], [ -61.4583, 38.75 ], [ -61.4583, 38.5417 ], [ -61.6667, 38.5417 ], [ -61.875, 38.5417 ], [ -62.5, 38.3333 ], [ -62.5, 38.125 ], [ -62.2917, 37.9167 ], [ -62.2917, 37.5 ], [ -62.0833, 37.2917 ], [ -62.2917, 36.875 ], [ -62.0833, 36.6667 ], [ -62.5, 36.25 ], [ -62.7083, 36.25 ], [ -62.9167, 36.25 ], [ -63.125, 36.4583 ], [ -63.3333, 37.0833 ], [ -63.75, 36.875 ], [ -63.5417, 36.4583 ], [ -63.75, 36.4583 ], [ -63.9583, 36.25 ], [ -63.75, 36.0417 ], [ -63.9583, 35.8333 ], [ -63.75, 35.625 ], [ -64.1667, 35.2083 ], [ -64.375, 35.0 ], [ -64.5833, 35.0 ], [ -65.0, 35.0 ], [ -65.2083, 35.4167 ], [ -65.625, 35.4167 ], [ -65.8333, 35.625 ], [ -66.0417, 35.8333 ], [ -66.0417, 36.0417 ], [ -66.0417, 36.4583 ], [ -66.0417, 36.875 ], [ -66.4583, 37.0833 ], [ -66.6667, 37.5 ], [ -66.25, 37.7083 ], [ -66.25, 37.9167 ], [ -65.8333, 38.125 ], [ -65.8333, 38.3333 ], [ -65.4167, 38.5417 ] ] ] ] } },
{ "type": "Feature", "properties": { "id": 28, "neighbors": [ 30, 8, 10, 11, 12, 29 ], "height": 4, "biome": 9, "type": "island", "population": 0, "state": 0, "province": 0 }, "geometry": { "type": "MultiPolygon", "coordinates": [ [ [ [ -56.875, -65.0 ], [ -56.6667, -65.2083 ], [ -57.2917, -65.4167 ], [ -57.5, -65.0 ], [ -57.5, -64.7917 ], [ -57.2917, -64.5833 ], [ -56.875, -64.7917 ], [ -56.875, -65.0 ] ] ] ] } },
{ "type": "Feature", "properties": { "id": 28, "neighbors": [ 30, 8, 10, 11, 12, 29 ], "height": 4, "biome": 9, "type": "island", "population": 0, "state": 0, "province": 0 }, "geometry": { "type": "MultiPolygon", "coordinates": [ [ [ [ -56.6667, -44.1667 ], [ -56.6667, -44.7917 ], [ -57.0833, -44.5833 ], [ -57.0833, -43.9583 ], [ -56.6667, -44.1667 ] ] ] ] } },
{ "type": "Feature", "properties": { "id": 28, "neighbors": [ 30, 8, 10, 11, 12, 29 ], "height": 4, "biome": 9, "type": "island", "population": 0, "state": 0, "province": 0 }, "geometry": { "type": "MultiPolygon", "coordinates": [ [ [ [ -58.75, -11.6667 ], [ -57.9167, -11.4583 ], [ -57.5, -11.4583 ], [ -57.2917, -11.6667 ], [ -57.5, -12.0833 ], [ -57.7083, -12.0833 ], [ -57.9167, -12.0833 ], [ -58.3333, -12.0833 ], [ -58.75, -11.875 ], [ -58.75, -11.6667 ] ] ] ] } },
{ "type": "Feature", "properties": { "id": 28, "neighbors": [ 30, 8, 10, 11, 12, 29 ], "height": 4, "biome": 9, "type": "island", "population": 0, "state": 0, "province": 0 }, "geometry": { "type": "MultiPolygon", "coordinates": [ [ [ [ -54.375, -4.7917 ], [ -54.5833, -4.5833 ], [ -54.5833, -4.375 ], [ -54.375, -4.1667 ], [ -54.375, -3.9583 ], [ -54.1667, -3.9583 ], [ -53.75, -3.75 ], [ -53.5417, -3.75 ], [ -53.3333, -3.9583 ], [ -53.3333, -4.1667 ], [ -53.5417, -4.5833 ], [ -53.75, -4.7917 ], [ -53.9583, -5.0 ], [ -54.375, -4.7917 ] ] ] ] } },
{ "type": "Feature", "properties": { "id": 28, "neighbors": [ 30, 8, 10, 11, 12, 29 ], "height": 4, "biome": 9, "type": "island", "population": 0, "state": 0, "province": 0 }, "geometry": { "type": "MultiPolygon", "coordinates": [ [ [ [ -56.6667, -0.2083 ], [ -56.875, -0.2083 ], [ -57.0833, 0.4167 ], [ -56.6667, 0.4167 ], [ -56.25, 0.625 ], [ -56.0417, 0.625 ], [ -56.0417, 0.8333 ], [ -55.625, 0.8333 ], [ -55.4167, 0.4167 ], [ -55.625, 0.0 ], [ -55.8333, 0.2083 ], [ -56.0417, -0.2083 ], [ -56.25, -0.2083 ], [ -56.4583, -0.2083 ], [ -56.6667, -0.2083 ] ] ] ] } },
{ "type": "Feature", "properties": { "id": 28, "neighbors": [ 30, 8, 10, 11, 12, 29 ], "height": 4, "biome": 9, "type": "island", "population": 0, "state": 0, "province": 0 }, "geometry": { "type": "MultiPolygon", "coordinates": [ [ [ [ -53.75, 3.5417 ], [ -53.9583, 3.75 ], [ -53.9583, 3.9583 ], [ -53.75, 4.375 ], [ -53.3333, 4.5833 ], [ -53.3333, 4.375 ], [ -52.9167, 4.5833 ], [ -52.7083, 4.5833 ], [ -52.5, 4.1667 ], [ -52.5, 3.75 ], [ -52.7083, 3.75 ], [ -53.125, 3.75 ], [ -53.3333, 3.5417 ], [ -53.75, 3.5417 ] ] ] ] } },
{ "type": "Feature", "properties": { "id": 28, "neighbors": [ 30, 8, 10, 11, 12, 29 ], "height": 4, "biome": 9, "type": "island", "population": 0, "state": 0, "province": 0 }, "geometry": { "type": "MultiPolygon", "coordinates": [ [ [ [ -57.0833, 13.75 ], [ -57.0833, 13.3333 ], [ -57.0833, 13.125 ], [ -57.5, 13.125 ], [ -57.7083, 13.5417 ], [ -57.7083, 13.75 ], [ -57.9167, 13.9583 ], [ -57.7083, 14.375 ], [ -57.2917, 14.1667 ], [ -57.0833, 13.9583 ], [ -57.0833, 13.75 ] ] ] ] } },
{ "type": "Feature", "properties": { "id": 28, "neighbors": [ 30, 8, 10, 11, 12, 29 ], "height": 4, "biome": 9, "type": "island", "population": 0, "state": 0, "province": 0 }, "geometry": { "type": "MultiPolygon", "coordinates": [ [ [ [ -56.0417, 36.875 ], [ -56.0417, 36.6667 ], [ -56.0417, 36.25 ], [ -56.0417, 36.0417 ], [ -56.6667, 36.0417 ], [ -56.6667, 36.25 ], [ -57.0833, 36.25 ], [ -57.2917, 36.4583 ], [ -57.7083, 36.4583 ], [ -57.7083, 37.0833 ], [ -57.5, 37.2917 ], [ -57.2917, 37.5 ], [ -56.6667, 37.7083 ], [ -56.4583, 37.7083 ], [ -56.4583, 37.5 ], [ -56.25, 37.5 ], [ -56.25, 37.2917 ], [ -56.0417, 37.0833 ], [ -56.0417, 36.875 ] ] ] ] } },
{ "type": "Feature", "properties": { "id": 28, "neighbors": [ 30, 8, 10, 11, 12, 29 ], "height": 4, "biome": 9, "type": "island", "population": 0, "state": 0, "province": 0 }, "geometry": { "type": "MultiPolygon", "coordinates": [ [ [ [ -56.875, 62.7083 ], [ -56.875, 63.125 ], [ -56.6667, 63.125 ], [ -56.4583, 62.9167 ], [ -56.25, 62.9167 ], [ -56.6667, 62.5 ], [ -56.875, 62.5 ], [ -56.875, 62.7083 ] ] ] ] } },
{ "type": "Feature", "properties": { "id": 28, "neighbors": [ 30, 8, 10, 11, 12, 29 ], "height": 4, "biome": 9, "type": "island", "population": 0, "state": 0, "province": 0 }, "geometry": { "type": "MultiPolygon", "coordinates": [ [ [ [ -46.875, -18.5417 ], [ -46.6667, -18.5417 ], [ -46.4583, -18.5417 ], [ -46.0417, -18.3333 ], [ -45.8333, -18.3333 ], [ -45.625, -18.3333 ], [ -45.4167, -18.75 ], [ -45.8333, -19.1667 ], [ -46.25, -19.1667 ], [ -46.875, -19.1667 ], [ -46.875, -18.75 ], [ -46.875, -18.5417 ] ] ] ] } },
{ "type": "Feature", "properties": { "id": 28, "neighbors": [ 30, 8, 10, 11, 12, 29 ], "height": 4, "biome": 9, "type": "island", "population": 0, "state": 0, "province": 0 }, "geometry": { "type": "MultiPolygon", "coordinates": [ [ [ [ -47.7083, -7.9167 ], [ -47.2917, -8.3333 ], [ -47.7083, -8.5417 ], [ -47.9167, -8.5417 ], [ -48.125, -8.5417 ], [ -48.3333, -8.3333 ], [ -48.5417, -7.9167 ], [ -48.125, -7.5 ], [ -47.7083, -7.9167 ] ] ] ] } },
{ "type": "Feature", "properties": { "id": 28, "neighbors": [ 30, 8, 10, 11, 12, 29 ], "height": 4, "biome": 9, "type": "island", "population": 0, "state": 0, "province": 0 }, "geometry": { "type": "MultiPolygon", "coordinates": [ [ [ [ -45.0, 2.2917 ], [ -44.7917, 1.875 ], [ -45.0, 1.6667 ], [ -45.4167, 1.4583 ], [ -45.625, 1.6667 ], [ -45.8333, 1.875 ], [ -45.4167, 2.2917 ], [ -45.2083, 2.2917 ], [ -45.0, 2.2917 ] ] ] ] } },
{ "type": "Feature", "properties": { "id": 28, "neighbors": [ 30, 8, 10, 11, 12, 29 ], "height": 4, "biome": 9, "type": "island", "population": 0, "state": 0, "province": 0 }, "geometry": { "type": "MultiPolygon", "coordinates": [ [ [ [ -47.9167, 5.4167 ], [ -47.9167, 5.8333 ], [ -47.9167, 6.25 ], [ -47.7083, 6.6667 ], [ -47.9167, 7.0833 ], [ -47.7083, 7.2917 ], [ -47.7083, 7.5 ], [ -47.7083, 7.7083 ], [ -47.7083, 8.125 ], [ -47.7083, 8.3333 ], [ -47.7083, 8.75 ], [ -47.5, 8.75 ], [ -47.2917, 8.75 ], [ -46.875, 8.75 ], [ -46.4583, 8.75 ], [ -46.25, 8.5417 ], [ -46.0417, 8.3333 ], [ -45.8333, 8.125 ], [ -45.625, 8.125 ], [ -45.4167, 7.7083 ], [ -45.4167, 7.2917 ], [ -45.4167, 7.0833 ], [ -45.2083, 6.6667 ], [ -44.7917, 6.6667 ], [ -44.5833, 6.6667 ], [ -44.375, 6.4583 ], [ -44.375, 6.25 ], [ -44.1667, 6.0417 ], [ -44.1667, 5.8333 ], [ -43.75, 5.4167 ], [ -43.5417, 5.2083 ], [ -43.125, 5.2083 ], [ -42.7083, 5.2083 ], [ -42.5, 5.4167 ], [ -41.875, 5.2083 ], [ -41.875, 5.0 ], [ -41.6667, 4.5833 ], [ -41.4583, 4.5833 ], [ -41.25, 4.375 ], [ -40.8333, 4.5833 ], [ -40.625, 4.1667 ], [ -40.2083, 4.1667 ], [ -40.0, 4.1667 ], [ -39.7917, 3.75 ], [ -40.0, 3.5417 ], [ -40.4167, 3.5417 ], [ -40.2083, 2.9167 ], [ -40.0, 2.9167 ], [ -39.5833, 2.5 ], [ -39.375, 2.2917 ], [ -39.5833, 1.875 ], [ -39.5833, 1.6667 ], [ -39.5833, 1.4583 ], [ -39.7917, 1.25 ], [ -39.7917, 0.8333 ], [ -39.7917, 0.0 ], [ -40.0, -0.2083 ], [ -40.2083, -0.2083 ], [ -40.4167, -0.4167 ], [ -40.8333, -0.2083 ], [ -41.0417, 0.0 ], [ -40.8333, 0.4167 ], [ -40.8333, 0.625 ], [ -41.0417, 0.625 ], [ -41.25, 0.625 ], [ -41.6667, 0.8333 ], [ -41.875, 0.8333 ], [ -42.0833, 1.25 ], [ -42.5, 1.0417 ], [ -42.5, 1.25 ], [ -42.5, 1.6667 ], [ -42.9167, 1.6667 ], [ -42.9167, 2.0833 ], [ -43.125, 2.0833 ], [ -43.3333, 2.2917 ], [ -43.5417, 2.7083 ], [ -43.9583, 3.125 ], [ -44.1667, 3.5417 ], [ -44.7917, 3.9583 ], [ -44.7917, 4.375 ], [ -45.0, 4.5833 ], [ -45.2083, 4.5833 ], [ -45.8333, 4.7917 ], [ -46.0417, 5.2083 ], [ -46.4583, 5.2083 ], [ -46.6667, 5.2083 ], [ -46.875, 5.2083 ], [ -47.2917, 5.2083 ], [ -47.7083, 5.0 ], [ -47.9167, 5.0 ], [ -47.9167, 5.4167 ] ] ] ] } },
{ "type": "Feature", "properties": { "id": 28, "neighbors": [ 30, 8, 10, 11, 12, 29 ], "height": 4, "biome": 9, "type": "island", "population": 0, "state": 0, "province": 0 }, "geometry": { "type": "MultiPolygon", "coordinates": [ [ [ [ -50.8333, 37.9167 ], [ -50.625, 37.5 ], [ -50.8333, 37.0833 ], [ -51.0417, 36.6667 ], [ -51.4583, 36.4583 ], [ -51.6667, 36.6667 ], [ -51.875, 37.0833 ], [ -52.5, 37.2917 ], [ -52.5, 37.5 ], [ -52.5, 37.7083 ], [ -52.2917, 37.7083 ], [ -51.875, 37.7083 ], [ -51.4583, 37.9167 ], [ -51.25, 37.9167 ], [ -50.8333, 37.9167 ] ] ] ] } },
{ "type": "Feature", "properties": { "id": 28, "neighbors": [ 30, 8, 10, 11, 12, 29 ], "height": 4, "biome": 9, "type": "island", "population": 0, "state": 0, "province": 0 }, "geometry": { "type": "MultiPolygon", "coordinates": [ [ [ [ -38.75, 37.7083 ], [ -38.3333, 37.9167 ], [ -38.125, 38.3333 ], [ -37.7083, 38.3333 ], [ -36.875, 38.3333 ], [ -36.6667, 38.5417 ], [ -36.4583, 38.5417 ], [ -36.25, 38.5417 ], [ -36.0417, 38.5417 ], [ -35.8333, 38.9583 ], [ -35.4167, 39.375 ], [ -35.0, 39.375 ], [ -34.5833, 39.1667 ], [ -34.375, 39.5833 ], [ -34.375, 40.0 ], [ -34.375, 40.4167 ], [ -34.1667, 40.625 ], [ -33.9583, 40.8333 ], [ -33.75, 40.8333 ], [ -33.75, 41.25 ], [ -33.5417, 41.875 ], [ -33.5417, 42.5 ], [ -33.5417, 43.125 ], [ -33.5417, 43.3333 ], [ -33.3333, 43.75 ], [ -33.3333, 44.1667 ], [ -33.3333, 44.375 ], [ -33.3333, 44.5833 ], [ -33.125, 44.7917 ], [ -32.9167, 44.7917 ], [ -32.5, 45.0 ], [ -32.7083, 45.625 ], [ -32.7083, 46.0417 ], [ -32.0833, 46.25 ], [ -32.2917, 46.6667 ], [ -32.2917, 46.875 ], [ -32.0833, 46.875 ], [ -31.4583, 46.875 ], [ -31.4583, 47.2917 ], [ -31.0417, 47.2917 ], [ -30.8333, 47.7083 ], [ -30.625, 47.7083 ], [ -30.4167, 47.5 ], [ -30.2083, 47.7083 ], [ -29.7917, 47.5 ], [ -29.7917, 47.7083 ], [ -29.1667, 47.5 ], [ -28.9583, 48.125 ], [ -28.75, 48.3333 ], [ -28.5417, 48.5417 ], [ -28.125, 48.5417 ], [ -27.7083, 48.3333 ], [ -27.7083, 48.5417 ], [ -27.5, 48.5417 ], [ -27.0833, 48.3333 ], [ -26.6667, 48.3333 ], [ -26.0417, 48.5417 ], [ -26.0417, 48.75 ], [ -26.25, 48.9583 ], [ -26.25, 49.1667 ], [ -26.4583, 49.5833 ], [ -26.0417, 49.7917 ], [ -25.625, 50.2083 ], [ -25.8333, 50.4167 ], [ -25.8333, 50.625 ], [ -25.8333, 51.0417 ], [ -25.8333, 51.4583 ], [ -25.625, 51.875 ], [ -25.625, 52.0833 ], [ -25.4167, 52.5 ], [ -25.2083, 52.7083 ], [ -25.2083, 52.9167 ], [ -25.0, 53.3333 ], [ -25.0, 53.5417 ], [ -24.5833, 53.9583 ], [ -24.375, 53.9583 ], [ -24.5833, 54.5833 ], [ -24.375, 54.5833 ], [ -24.5833, 55.2083 ], [ -24.375, 55.4167 ], [ -23.9583, 55.2083 ], [ -23.75, 55.625 ], [ -23.75, 55.8333 ], [ -23.5417, 56.0417 ], [ -23.125, 56.25 ], [ -23.125, 56.4583 ], [ -22.9167, 56.6667 ], [ -22.9167, 57.0833 ], [ -22.5, 57.2917 ], [ -22.5, 57.5 ], [ -22.2917, 57.7083 ], [ -22.0833, 57.9167 ], [ -22.0833, 58.5417 ], [ -21.875, 58.5417 ], [ -21.875, 58.75 ], [ -22.0833, 59.375 ], [ -22.0833, 59.5833 ], [ -21.875, 59.5833 ], [ -21.875, 59.7917 ], [ -21.4583, 60.0 ], [ -21.25, 60.4167 ], [ -21.4583, 60.8333 ], [ -21.4583, 61.0417 ], [ -21.0417, 61.25 ], [ -20.8333, 61.25 ], [ -20.625, 61.4583 ], [ -20.2083, 61.25 ], [ -20.0, 61.25 ], [ -19.5833, 61.25 ], [ -18.9583, 61.25 ], [ -18.9583, 61.0417 ], [ -18.75, 61.0417 ], [ -18.3333, 60.8333 ], [ -17.9167, 60.8333 ], [ -17.5, 60.625 ], [ -17.2917, 60.2083 ], [ -17.0833, 60.0 ], [ -17.0833, 59.7917 ], [ -17.0833, 59.5833 ], [ -16.875, 59.375 ], [ -16.4583, 58.9583 ], [ -16.0417, 58.75 ], [ -15.8333, 58.5417 ], [ -15.625, 58.3333 ], [ -15.2083, 58.3333 ], [ -14.7917, 58.125 ], [ -14.5833, 58.125 ], [ -14.5833, 57.5 ], [ -14.375, 57.5 ], [ -14.375, 57.0833 ], [ -14.5833, 56.875 ], [ -14.5833, 56.4583 ], [ -14.7917, 56.0417 ], [ -14.375, 55.8333 ], [ -13.9583, 56.0417 ], [ -13.75, 56.0417 ], [ -13.5417, 55.625 ], [ -13.75, 55.4167 ], [ -13.75, 55.0 ], [ -13.75, 54.7917 ], [ -14.1667, 54.375 ], [ -14.375, 54.375 ], [ -14.375, 53.75 ], [ -14.7917, 53.75 ], [ -15.0, 53.5417 ], [ -15.4167, 53.5417 ], [ -15.625, 53.5417 ], [ -16.0417, 53.5417 ], [ -16.25, 53.9583 ], [ -16.4583, 54.1667 ], [ -16.4583, 54.375 ], [ -16.6667, 54.7917 ], [ -16.875, 55.2083 ], [ -17.0833, 55.2083 ], [ -17.2917, 55.2083 ], [ -17.7083, 55.2083 ], [ -18.125, 55.2083 ], [ -18.3333, 55.0 ], [ -18.3333, 54.7917 ], [ -18.5417, 54.375 ], [ -18.9583, 54.1667 ], [ -19.1667, 53.5417 ], [ -19.1667, 53.3333 ], [ -19.1667, 52.9167 ], [ -19.1667, 52.7083 ], [ -18.9583, 52.5 ], [ -18.9583, 52.0833 ], [ -18.75, 51.875 ], [ -19.1667, 51.4583 ], [ -19.1667, 51.0417 ], [ -18.75, 51.0417 ], [ -18.75, 50.8333 ], [ -18.5417, 50.8333 ], [ -18.3333, 50.8333 ], [ -17.7083, 50.8333 ], [ -17.7083, 50.2083 ], [ -17.5, 50.2083 ], [ -17.5, 50.0 ], [ -17.7083, 49.7917 ], [ -17.2917, 49.5833 ], [ -16.875, 49.5833 ], [ -16.6667, 49.7917 ], [ -16.6667, 50.0 ], [ -16.4583, 50.0 ], [ -16.25, 49.7917 ], [ -16.0417, 50.0 ], [ -15.8333, 49.7917 ], [ -15.4167, 50.0 ], [ -14.7917, 50.0 ], [ -14.5833, 50.0 ], [ -14.375, 50.0 ], [ -14.1667, 50.0 ], [ -13.75, 50.0 ], [ -13.5417, 50.0 ], [ -13.3333, 50.2083 ], [ -13.125, 50.2083 ], [ -12.9167, 50.0 ], [ -12.5, 50.0 ], [ -12.5, 49.7917 ], [ -12.0833, 49.7917 ], [ -12.2917, 48.9583 ], [ -11.875, 49.1667 ], [ -11.4583, 48.9583 ], [ -11.25, 49.1667 ], [ -10.8333, 48.9583 ], [ -10.625, 49.1667 ], [ -10.2083, 49.1667 ], [ -10.0, 49.1667 ], [ -9.7917, 48.9583 ], [ -9.375, 48.5417 ], [ -9.1667, 48.125 ], [ -8.9583, 48.125 ], [ -8.3333, 48.125 ], [ -8.125, 48.3333 ], [ -7.9167, 48.3333 ], [ -7.7083, 48.3333 ], [ -7.2917, 48.3333 ], [ -7.0833, 48.3333 ], [ -6.875, 48.125 ], [ -6.875, 47.7083 ], [ -6.6667, 47.5 ], [ -6.25, 47.5 ], [ -5.8333, 47.5 ], [ -5.625, 47.5 ], [ -5.2083, 47.0833 ], [ -5.0, 47.2917 ], [ -4.7917, 47.2917 ], [ -4.5833, 47.2917 ], [ -4.375, 47.0833 ], [ -3.75, 46.875 ], [ -3.75, 47.5 ], [ -3.3333, 47.7083 ], [ -3.125, 47.7083 ], [ -2.5, 47.7083 ], [ -2.2917, 47.5 ], [ -2.2917, 47.2917 ], [ -2.2917, 46.875 ], [ -1.875, 46.875 ], [ -1.6667, 47.0833 ], [ -1.4583, 47.0833 ], [ -1.0417, 47.2917 ], [ -1.0417, 47.5 ], [ -0.625, 47.7083 ], [ -0.4167, 47.7083 ], [ 0.0, 47.7083 ], [ 0.2083, 47.9167 ], [ 0.4167, 47.9167 ], [ 0.8333, 48.125 ], [ 0.625, 48.5417 ], [ 0.4167, 48.5417 ], [ 0.0, 48.75 ], [ 0.0, 49.1667 ], [ -0.2083, 49.375 ], [ -0.625, 49.375 ], [ -0.8333, 49.375 ], [ -1.0417, 49.1667 ], [ -1.6667, 49.375 ], [ -1.875, 49.7917 ], [ -2.0833, 49.7917 ], [ -2.5, 49.5833 ], [ -2.9167, 49.1667 ], [ -3.125, 49.375 ], [ -3.5417, 49.5833 ], [ -3.5417, 49.7917 ], [ -3.9583, 50.0 ], [ -3.9583, 50.2083 ], [ -4.1667, 50.625 ], [ -3.9583, 50.8333 ], [ -4.375, 51.25 ], [ -4.375, 51.4583 ], [ -4.5833, 51.6667 ], [ -4.5833, 51.875 ], [ -4.375, 52.2917 ], [ -4.1667, 52.2917 ], [ -3.9583, 52.5 ], [ -3.9583, 52.7083 ], [ -3.3333, 52.9167 ], [ -2.7083, 53.125 ], [ -2.7083, 52.9167 ], [ -1.875, 53.125 ], [ -1.4583, 53.125 ], [ -1.0417, 53.125 ], [ -1.0417, 52.9167 ], [ -0.8333, 52.5 ], [ -0.625, 52.5 ], [ -0.4167, 52.0833 ], [ -0.2083, 52.0833 ], [ -0.2083, 51.875 ], [ 0.0, 51.6667 ], [ 0.4167, 51.6667 ], [ 0.625, 51.875 ], [ 0.8333, 51.875 ], [ 1.0417, 51.875 ], [ 1.25, 51.875 ], [ 1.6667, 51.6667 ], [ 2.0833, 52.0833 ], [ 2.0833, 51.875 ], [ 2.5, 52.0833 ], [ 2.9167, 51.875 ], [ 3.125, 51.875 ], [ 3.3333, 51.6667 ], [ 3.3333, 51.4583 ], [ 3.9583, 51.6667 ], [ 4.375, 51.4583 ], [ 4.375, 51.25 ], [ 5.0, 51.25 ], [ 5.0, 51.0417 ], [ 5.4167, 50.8333 ], [ 5.4167, 50.625 ], [ 5.625, 50.625 ], [ 6.0417, 50.625 ], [ 6.25, 51.0417 ], [ 6.4583, 51.0417 ], [ 6.6667, 50.625 ], [ 6.875, 50.625 ], [ 7.0833, 50.4167 ], [ 7.5, 50.4167 ], [ 7.5, 50.625 ], [ 8.125, 50.625 ], [ 8.3333, 50.4167 ], [ 8.5417, 50.625 ], [ 8.75, 50.625 ], [ 8.9583, 50.625 ], [ 9.1667, 50.625 ], [ 9.5833, 50.625 ], [ 9.7917, 51.0417 ], [ 10.0, 51.0417 ], [ 10.4167, 51.25 ], [ 10.625, 51.4583 ], [ 10.8333, 51.4583 ], [ 11.0417, 51.6667 ], [ 11.4583, 51.4583 ], [ 11.4583, 51.0417 ], [ 11.6667, 50.625 ], [ 12.0833, 50.625 ], [ 12.0833, 50.4167 ], [ 12.0833, 50.2083 ], [ 12.7083, 50.0 ], [ 12.7083, 49.7917 ], [ 12.9167, 49.5833 ], [ 12.9167, 49.375 ], [ 13.125, 48.75 ], [ 13.125, 48.125 ], [ 12.9167, 47.9167 ], [ 12.7083, 47.9167 ], [ 12.5, 47.7083 ], [ 12.2917, 47.5 ], [ 12.0833, 47.7083 ], [ 11.875, 47.7083 ], [ 11.6667, 47.5 ], [ 11.25, 47.5 ], [ 11.25, 47.2917 ], [ 11.4583, 46.875 ], [ 11.25, 46.875 ], [ 10.8333, 46.875 ], [ 10.2083, 47.0833 ], [ 9.5833, 47.0833 ], [ 9.5833, 46.875 ], [ 9.1667, 46.6667 ], [ 8.9583, 46.6667 ], [ 8.3333, 46.6667 ], [ 8.125, 46.6667 ], [ 7.9167, 46.875 ], [ 7.5, 47.0833 ], [ 7.5, 47.2917 ], [ 7.5, 47.5 ], [ 7.2917, 47.7083 ], [ 7.5, 48.125 ], [ 7.2917, 48.3333 ], [ 7.5, 48.75 ], [ 7.0833, 48.9583 ], [ 6.6667, 48.75 ], [ 6.6667, 48.5417 ], [ 6.4583, 48.3333 ], [ 6.25, 48.125 ], [ 6.0417, 47.9167 ], [ 6.0417, 47.7083 ], [ 5.625, 47.5 ], [ 5.4167, 47.7083 ], [ 5.2083, 47.5 ], [ 4.7917, 47.7083 ], [ 4.375, 47.9167 ], [ 4.375, 48.125 ], [ 4.1667, 48.5417 ], [ 3.9583, 48.5417 ], [ 3.3333, 48.3333 ], [ 2.9167, 48.125 ], [ 2.9167, 47.9167 ], [ 2.9167, 47.7083 ], [ 2.9167, 47.5 ], [ 2.9167, 47.2917 ], [ 3.125, 47.2917 ], [ 3.125, 46.875 ], [ 3.3333, 46.875 ], [ 3.5417, 46.4583 ], [ 3.75, 46.6667 ], [ 4.1667, 46.25 ], [ 4.375, 46.4583 ], [ 4.5833, 46.4583 ], [ 5.0, 46.6667 ], [ 5.4167, 46.4583 ], [ 5.4167, 46.25 ], [ 5.625, 46.25 ], [ 5.8333, 46.4583 ], [ 6.0417, 46.25 ], [ 6.25, 46.4583 ], [ 6.6667, 46.25 ], [ 6.875, 46.4583 ], [ 7.0833, 46.4583 ], [ 7.5, 46.0417 ], [ 7.5, 45.8333 ], [ 7.5, 45.4167 ], [ 7.9167, 45.2083 ], [ 8.125, 45.2083 ], [ 8.5417, 44.7917 ], [ 8.125, 44.1667 ], [ 8.3333, 43.9583 ], [ 8.3333, 43.5417 ], [ 8.75, 43.125 ], [ 8.9583, 42.7083 ], [ 9.1667, 42.2917 ], [ 9.375, 42.0833 ], [ 9.5833, 41.6667 ], [ 9.375, 41.4583 ], [ 9.375, 41.25 ], [ 9.1667, 41.0417 ], [ 9.375, 40.8333 ], [ 9.1667, 40.4167 ], [ 9.1667, 40.0 ], [ 8.9583, 39.7917 ], [ 9.1667, 39.375 ], [ 9.5833, 39.375 ], [ 9.5833, 38.9583 ], [ 9.7917, 38.3333 ], [ 9.7917, 37.7083 ], [ 9.1667, 37.7083 ], [ 8.75, 37.7083 ], [ 8.5417, 37.7083 ], [ 8.3333, 37.7083 ], [ 8.125, 37.5 ], [ 8.125, 37.2917 ], [ 8.3333, 37.0833 ], [ 8.125, 36.6667 ], [ 8.3333, 36.4583 ], [ 8.125, 36.25 ], [ 8.5417, 35.8333 ], [ 8.75, 35.8333 ], [ 8.9583, 35.625 ], [ 8.9583, 35.2083 ], [ 8.9583, 34.7917 ], [ 9.1667, 34.375 ], [ 8.9583, 33.9583 ], [ 8.5417, 34.1667 ], [ 8.3333, 34.375 ], [ 7.9167, 34.7917 ], [ 7.5, 35.0 ], [ 7.0833, 35.4167 ], [ 6.875, 35.2083 ], [ 6.875, 35.0 ], [ 6.4583, 35.0 ], [ 6.25, 34.7917 ], [ 5.8333, 34.7917 ], [ 5.625, 34.7917 ], [ 5.4167, 34.5833 ], [ 5.625, 34.1667 ], [ 6.0417, 33.75 ], [ 5.8333, 33.5417 ], [ 5.4167, 33.3333 ], [ 5.4167, 33.125 ], [ 5.2083, 32.7083 ], [ 5.0, 32.7083 ], [ 4.7917, 32.2917 ], [ 5.2083, 32.0833 ], [ 5.2083, 31.875 ], [ 4.7917, 31.6667 ], [ 4.5833, 31.875 ], [ 4.375, 31.6667 ], [ 4.375, 31.25 ], [ 4.1667, 31.0417 ], [ 4.1667, 30.8333 ], [ 3.75, 30.8333 ], [ 3.5417, 30.8333 ], [ 3.125, 30.625 ], [ 2.9167, 30.2083 ], [ 2.7083, 30.2083 ], [ 2.5, 30.0 ], [ 2.2917, 30.0 ], [ 2.0833, 30.625 ], [ 1.6667, 30.625 ], [ 1.4583, 30.4167 ], [ 1.25, 30.2083 ], [ 1.25, 29.7917 ], [ 1.4583, 29.375 ], [ 1.4583, 29.1667 ], [ 1.4583, 28.9583 ], [ 1.0417, 28.75 ], [ 1.0417, 28.5417 ], [ 0.8333, 28.5417 ], [ 0.4167, 27.9167 ], [ 0.2083, 27.7083 ], [ 0.0, 27.5 ], [ -0.2083, 27.5 ], [ -0.2083, 27.2917 ], [ -0.2083, 27.0833 ], [ -0.625, 27.0833 ], [ -0.8333, 26.6667 ], [ -1.25, 26.4583 ], [ -1.4583, 26.4583 ], [ -1.875, 26.4583 ], [ -2.5, 26.6667 ], [ -2.7083, 26.6667 ], [ -2.7083, 26.4583 ], [ -2.7083, 26.25 ], [ -2.5, 26.0417 ], [ -2.5, 25.8333 ], [ -2.7083, 25.625 ], [ -3.125, 25.8333 ], [ -3.3333, 25.4167 ], [ -3.125, 25.4167 ], [ -3.5417, 24.7917 ], [ -3.75, 25.0 ], [ -3.9583, 25.0 ], [ -4.1667, 25.0 ], [ -4.1667, 25.2083 ], [ -4.375, 25.2083 ], [ -4.5833, 25.4167 ], [ -4.7917, 25.4167 ], [ -5.2083, 25.8333 ], [ -5.4167, 26.0417 ], [ -5.625, 26.0417 ], [ -5.8333, 25.8333 ], [ -6.0417, 25.8333 ], [ -6.25, 25.625 ], [ -6.4583, 25.4167 ], [ -6.6667, 25.4167 ], [ -6.875, 25.2083 ], [ -7.2917, 25.2083 ], [ -7.5, 25.0 ], [ -7.7083, 25.0 ], [ -7.9167, 24.7917 ], [ -8.125, 24.7917 ], [ -8.3333, 24.7917 ], [ -8.5417, 24.375 ], [ -8.9583, 24.375 ], [ -8.9583, 24.1667 ], [ -9.1667, 24.1667 ], [ -9.375, 23.75 ], [ -9.1667, 23.5417 ], [ -9.375, 23.3333 ], [ -9.5833, 23.3333 ], [ -9.7917, 23.5417 ], [ -10.2083, 23.3333 ], [ -10.0, 22.9167 ], [ -10.0, 22.7083 ], [ -10.0, 22.2917 ], [ -10.0, 21.875 ], [ -10.2083, 21.6667 ], [ -10.8333, 21.4583 ], [ -11.0417, 21.25 ], [ -10.8333, 20.8333 ], [ -11.25, 20.4167 ], [ -11.4583, 20.4167 ], [ -11.4583, 20.2083 ], [ -11.4583, 20.0 ], [ -11.4583, 19.5833 ], [ -11.4583, 18.75 ], [ -11.875, 18.9583 ], [ -12.2917, 18.75 ], [ -12.2917, 18.5417 ], [ -12.0833, 18.5417 ], [ -12.2917, 17.9167 ], [ -12.9167, 18.125 ], [ -12.9167, 17.9167 ], [ -13.125, 17.5 ], [ -12.9167, 17.2917 ], [ -12.9167, 17.0833 ], [ -13.125, 16.875 ], [ -13.125, 16.6667 ], [ -13.3333, 16.25 ], [ -13.9583, 16.4583 ], [ -13.9583, 16.25 ], [ -14.375, 16.4583 ], [ -14.5833, 16.25 ], [ -14.7917, 16.0417 ], [ -14.7917, 15.8333 ], [ -14.5833, 15.625 ], [ -14.7917, 15.4167 ], [ -14.7917, 15.2083 ], [ -14.375, 15.0 ], [ -13.9583, 15.2083 ], [ -13.75, 14.7917 ], [ -13.75, 14.5833 ], [ -13.75, 14.375 ], [ -13.75, 13.9583 ], [ -13.5417, 13.75 ], [ -13.3333, 13.75 ], [ -13.125, 13.5417 ], [ -12.7083, 13.5417 ], [ -12.5, 13.5417 ], [ -12.2917, 13.3333 ], [ -12.0833, 12.9167 ], [ -12.5, 12.5 ], [ -12.9167, 12.0833 ], [ -12.7083, 11.875 ], [ -12.7083, 11.4583 ], [ -12.9167, 11.4583 ], [ -12.9167, 11.25 ], [ -13.125, 11.0417 ], [ -13.125, 10.8333 ], [ -13.125, 10.4167 ], [ -13.125, 10.2083 ], [ -12.7083, 9.7917 ], [ -12.5, 9.375 ], [ -12.5, 9.1667 ], [ -12.2917, 8.9583 ], [ -12.2917, 8.75 ], [ -12.0833, 8.3333 ], [ -12.2917, 8.125 ], [ -12.7083, 7.9167 ], [ -13.125, 8.125 ], [ -13.3333, 8.3333 ], [ -13.75, 7.9167 ], [ -14.375, 7.7083 ], [ -14.7917, 7.9167 ], [ -14.7917, 8.125 ], [ -15.2083, 8.3333 ], [ -15.4167, 7.9167 ], [ -15.8333, 7.7083 ], [ -15.8333, 7.2917 ], [ -16.0417, 7.2917 ], [ -16.4583, 7.2917 ], [ -16.875, 7.5 ], [ -17.2917, 7.7083 ], [ -17.2917, 7.9167 ], [ -17.7083, 7.9167 ], [ -17.7083, 8.125 ], [ -17.9167, 8.125 ], [ -18.125, 8.3333 ], [ -18.3333, 8.5417 ], [ -18.75, 8.75 ], [ -18.9583, 8.75 ], [ -19.375, 8.75 ], [ -19.375, 9.375 ], [ -19.5833, 9.5833 ], [ -19.5833, 9.7917 ], [ -19.7917, 10.0 ], [ -20.0, 10.2083 ], [ -20.4167, 10.625 ], [ -20.4167, 10.4167 ], [ -20.8333, 10.625 ], [ -21.0417, 10.625 ], [ -21.25, 10.4167 ], [ -21.6667, 10.2083 ], [ -21.875, 10.625 ], [ -22.2917, 11.0417 ], [ -22.2917, 11.25 ], [ -22.2917, 11.4583 ], [ -22.2917, 11.6667 ], [ -22.2917, 12.0833 ], [ -22.7083, 12.0833 ], [ -23.125, 12.5 ], [ -23.125, 12.7083 ], [ -22.9167, 12.9167 ], [ -22.9167, 13.125 ], [ -23.125, 13.3333 ], [ -23.5417, 13.5417 ], [ -23.75, 13.5417 ], [ -24.1667, 13.5417 ], [ -24.5833, 13.3333 ], [ -24.7917, 13.5417 ], [ -25.0, 13.5417 ], [ -25.2083, 13.75 ], [ -25.4167, 13.9583 ], [ -25.8333, 13.75 ], [ -26.0417, 14.1667 ], [ -26.25, 14.1667 ], [ -26.4583, 14.375 ], [ -26.6667, 14.5833 ], [ -26.875, 15.0 ], [ -26.875, 15.2083 ], [ -27.0833, 15.8333 ], [ -27.5, 16.4583 ], [ -27.2917, 16.6667 ], [ -27.2917, 16.875 ], [ -27.5, 16.875 ], [ -27.7083, 17.5 ], [ -28.125, 17.0833 ], [ -28.3333, 17.2917 ], [ -28.5417, 17.2917 ], [ -28.3333, 17.5 ], [ -28.5417, 17.9167 ], [ -28.9583, 18.125 ], [ -29.375, 18.3333 ], [ -29.375, 18.125 ], [ -30.0, 18.3333 ], [ -30.2083, 18.125 ], [ -30.625, 18.3333 ], [ -30.625, 18.9583 ], [ -30.4167, 19.1667 ], [ -30.625, 19.5833 ], [ -30.2083, 19.7917 ], [ -30.2083, 20.0 ], [ -30.625, 20.4167 ], [ -31.25, 20.625 ], [ -31.4583, 20.8333 ], [ -31.6667, 21.0417 ], [ -32.0833, 21.0417 ], [ -32.2917, 21.4583 ], [ -32.5, 21.4583 ], [ -32.7083, 21.875 ], [ -33.125, 21.875 ], [ -33.5417, 22.0833 ], [ -33.9583, 22.5 ], [ -33.9583, 22.9167 ], [ -33.75, 22.9167 ], [ -32.9167, 23.3333 ], [ -32.7083, 23.75 ], [ -33.125, 24.1667 ], [ -33.3333, 24.375 ], [ -33.5417, 24.7917 ], [ -33.75, 24.7917 ], [ -33.75, 25.2083 ], [ -33.9583, 25.2083 ], [ -33.75, 25.8333 ], [ -33.5417, 25.8333 ], [ -33.3333, 26.0417 ], [ -32.9167, 26.25 ], [ -32.5, 26.4583 ], [ -32.5, 26.6667 ], [ -32.2917, 26.6667 ], [ -32.2917, 27.0833 ], [ -31.875, 27.2917 ], [ -31.875, 27.5 ], [ -31.875, 27.7083 ], [ -31.6667, 27.9167 ], [ -31.4583, 28.125 ], [ -31.25, 28.125 ], [ -31.25, 28.3333 ], [ -31.25, 28.75 ], [ -31.6667, 28.9583 ], [ -31.875, 29.1667 ], [ -31.6667, 29.5833 ], [ -31.25, 29.7917 ], [ -31.25, 30.0 ], [ -31.4583, 30.2083 ], [ -31.4583, 30.4167 ], [ -31.875, 30.625 ], [ -31.6667, 31.0417 ], [ -31.875, 31.25 ], [ -31.875, 31.4583 ], [ -32.0833, 31.6667 ], [ -32.0833, 31.875 ], [ -32.2917, 32.0833 ], [ -32.2917, 32.2917 ], [ -32.7083, 32.5 ], [ -32.9167, 32.5 ], [ -33.3333, 32.7083 ], [ -33.5417, 32.5 ], [ -33.5417, 32.7083 ], [ -33.75, 32.5 ], [ -33.9583, 32.7083 ], [ -34.375, 33.125 ], [ -34.1667, 33.3333 ], [ -34.375, 33.75 ], [ -34.5833, 33.75 ], [ -35.0, 33.9583 ], [ -35.4167, 34.1667 ], [ -35.625, 33.9583 ], [ -36.0417, 33.9583 ], [ -36.6667, 33.9583 ], [ -36.875, 34.375 ], [ -37.0833, 34.5833 ], [ -37.0833, 34.7917 ], [ -37.5, 35.2083 ], [ -37.9167, 35.625 ], [ -38.125, 35.4167 ], [ -38.5417, 35.4167 ], [ -38.9583, 35.4167 ], [ -39.1667, 35.8333 ], [ -39.375, 35.8333 ], [ -39.375, 36.25 ], [ -39.375, 36.4583 ], [ -39.7917, 36.875 ], [ -39.7917, 37.2917 ], [ -39.1667, 37.5 ], [ -38.75, 37.7083 ] ], [ [ -16.25, 32.2917 ], [ -16.6667, 32.0833 ], [ -16.6667, 31.6667 ], [ -16.875, 31.6667 ], [ -16.875, 31.25 ], [ -16.875, 30.8333 ], [ -16.6667, 30.8333 ], [ -16.4583, 30.2083 ], [ -16.25, 30.2083 ], [ -16.25, 30.0 ], [ -16.0417, 30.0 ], [ -15.8333, 29.7917 ], [ -15.625, 29.375 ], [ -15.2083, 29.5833 ], [ -15.0, 30.0 ], [ -14.5833, 30.4167 ], [ -14.1667, 30.2083 ], [ -13.9583, 30.4167 ], [ -13.75, 30.4167 ], [ -13.5417, 30.625 ], [ -13.3333, 31.0417 ], [ -13.3333, 31.25 ], [ -13.3333, 31.4583 ], [ -13.3333, 31.6667 ], [ -13.75, 31.875 ], [ -13.9583, 32.2917 ], [ -14.1667, 32.2917 ], [ -14.375, 32.5 ], [ -14.5833, 32.5 ], [ -14.7917, 32.5 ], [ -15.0, 32.7083 ], [ -15.2083, 32.7083 ], [ -15.4167, 32.5 ], [ -15.8333, 32.5 ], [ -16.0417, 32.5 ], [ -16.25, 32.2917 ] ] ] ] } },
{ "type": "Feature", "properties": { "id": 28, "neighbors": [ 30, 8, 10, 11, 12, 29 ], "height": 4, "biome": 9, "type": "island", "population": 0, "state": 0, "province": 0 }, "geometry": { "type": "MultiPolygon", "coordinates": [ [ [ [ -38.75, 42.7083 ], [ -38.75, 42.9167 ], [ -38.3333, 43.3333 ], [ -37.9167, 43.125 ], [ -37.9167, 42.9167 ], [ -38.3333, 42.5 ], [ -38.75, 42.7083 ] ] ] ] } },
{ "type": "Feature", "properties": { "id": 28, "neighbors": [ 30, 8, 10, 11, 12, 29 ], "height": 4, "biome": 9, "type": "island", "population": 0, "state": 0, "province": 0 }, "geometry": { "type": "MultiPolygon", "coordinates": [ [ [ [ -34.7917, 29.7917 ], [ -34.7917, 30.2083 ], [ -34.5833, 30.2083 ], [ -34.1667, 30.2083 ], [ -33.9583, 30.2083 ], [ -33.9583, 30.0 ], [ -33.9583, 29.7917 ], [ -33.5417, 29.375 ], [ -34.1667, 29.375 ], [ -34.1667, 29.5833 ], [ -34.5833, 29.7917 ], [ -34.7917, 29.7917 ] ] ] ] } },
{ "type": "Feature", "properties": { "id": 28, "neighbors": [ 30, 8, 10, 11, 12, 29 ], "height": 4, "biome": 9, "type": "island", "population": 0, "state": 0, "province": 0 }, "geometry": { "type": "MultiPolygon", "coordinates": [ [ [ [ -31.4583, 18.3333 ], [ -31.25, 17.7083 ], [ -31.25, 17.5 ], [ -31.4583, 17.5 ], [ -31.6667, 17.5 ], [ -31.875, 17.9167 ], [ -31.4583, 18.3333 ] ] ] ] } },
{ "type": "Feature", "properties": { "id": 28, "neighbors": [ 30, 8, 10, 11, 12, 29 ], "height": 4, "biome": 9, "type": "island", "population": 0, "state": 0, "province": 0 }, "geometry": { "type": "MultiPolygon", "coordinates": [ [ [ [ -29.375, 58.3333 ], [ -28.9583, 58.125 ], [ -28.9583, 57.7083 ], [ -28.9583, 57.0833 ], [ -28.9583, 56.875 ], [ -29.1667, 56.6667 ], [ -29.1667, 56.25 ], [ -29.375, 56.0417 ], [ -29.375, 55.625 ], [ -29.5833, 55.4167 ], [ -29.5833, 55.0 ], [ -30.0, 55.0 ], [ -30.4167, 55.4167 ], [ -30.8333, 55.625 ], [ -31.0417, 55.8333 ], [ -31.0417, 56.0417 ], [ -31.0417, 56.25 ], [ -31.0417, 56.6667 ], [ -30.8333, 56.875 ], [ -30.625, 56.875 ], [ -30.4167, 57.2917 ], [ -30.0, 57.2917 ], [ -30.0, 57.5 ], [ -29.5833, 57.9167 ], [ -29.5833, 58.125 ], [ -29.375, 58.3333 ] ] ] ] } },
{ "type": "Feature", "properties": { "id": 28, "neighbors": [ 30, 8, 10, 11, 12, 29 ], "height": 4, "biome": 9, "type": "island", "population": 0, "state": 0, "province": 0 }, "geometry": { "type": "MultiPolygon", "coordinates": [ [ [ [ -28.5417, 12.0833 ], [ -28.9583, 12.2917 ], [ -28.9583, 12.5 ], [ -28.9583, 12.7083 ], [ -28.75, 12.9167 ], [ -28.3333, 12.7083 ], [ -28.125, 12.5 ], [ -28.5417, 12.0833 ] ] ] ] } },
{ "type": "Feature", "properties": { "id": 28, "neighbors": [ 30, 8, 10, 11, 12, 29 ], "height": 4, "biome": 9, "type": "island", "population": 0, "state": 0, "province": 0 }, "geometry": { "type": "MultiPolygon", "coordinates": [ [ [ [ -23.3333, -3.9583 ], [ -23.5417, -3.75 ], [ -23.125, -3.3333 ], [ -22.9167, -3.125 ], [ -22.7083, -3.125 ], [ -22.5, -3.125 ], [ -22.0833, -3.3333 ], [ -22.2917, -3.75 ], [ -22.5, -3.75 ], [ -22.7083, -3.9583 ], [ -22.7083, -4.1667 ], [ -23.125, -4.1667 ], [ -23.3333, -3.9583 ] ] ] ] } },
{ "type": "Feature", "properties": { "id": 28, "neighbors": [ 30, 8, 10, 11, 12, 29 ], "height": 4, "biome": 9, "type": "island", "population": 0, "state": 0, "province": 0 }, "geometry": { "type": "MultiPolygon", "coordinates": [ [ [ [ -21.6667, 78.125 ], [ -21.4583, 77.7083 ], [ -21.6667, 77.5 ], [ -21.875, 77.5 ], [ -22.0833, 77.7083 ], [ -22.0833, 78.125 ], [ -21.6667, 78.125 ] ] ] ] } },
{ "type": "Feature", "properties": { "id": 28, "neighbors": [ 30, 8, 10, 11, 12, 29 ], "height": 4, "biome": 9, "type": "island", "population": 0, "state": 0, "province": 0 }, "geometry": { "type": "MultiPolygon", "coordinates": [ [ [ [ -17.2917, 52.9167 ], [ -17.0833, 52.9167 ], [ -17.0833, 52.2917 ], [ -17.2917, 52.0833 ], [ -17.7083, 52.5 ], [ -17.7083, 52.9167 ], [ -17.2917, 52.9167 ] ] ] ] } },
{ "type": "Feature", "properties": { "id": 28, "neighbors": [ 30, 8, 10, 11, 12, 29 ], "height": 4, "biome": 9, "type": "island", "population": 0, "state": 0, "province": 0 }, "geometry": { "type": "MultiPolygon", "coordinates": [ [ [ [ -13.9583, -66.4583 ], [ -14.1667, -66.25 ], [ -14.1667, -66.0417 ], [ -14.1667, -65.8333 ], [ -13.75, -65.8333 ], [ -13.5417, -66.25 ], [ -13.9583, -66.4583 ] ] ] ] } },
{ "type": "Feature", "properties": { "id": 28, "neighbors": [ 30, 8, 10, 11, 12, 29 ], "height": 4, "biome": 9, "type": "island", "population": 0, "state": 0, "province": 0 }, "geometry": { "type": "MultiPolygon", "coordinates": [ [ [ [ -12.2917, 14.5833 ], [ -12.5, 14.7917 ], [ -12.2917, 15.0 ], [ -11.875, 15.2083 ], [ -11.4583, 14.7917 ], [ -11.6667, 14.5833 ], [ -12.0833, 14.375 ], [ -12.2917, 14.5833 ] ] ] ] } },
{ "type": "Feature", "properties": { "id": 28, "neighbors": [ 30, 8, 10, 11, 12, 29 ], "height": 4, "biome": 9, "type": "island", "population": 0, "state": 0, "province": 0 }, "geometry": { "type": "MultiPolygon", "coordinates": [ [ [ [ -9.1667, -22.2917 ], [ -9.1667, -22.5 ], [ -9.375, -22.7083 ], [ -9.5833, -22.7083 ], [ -10.0, -22.5 ], [ -10.0, -22.2917 ], [ -9.7917, -22.0833 ], [ -9.1667, -22.2917 ] ] ] ] } },
{ "type": "Feature", "properties": { "id": 28, "neighbors": [ 30, 8, 10, 11, 12, 29 ], "height": 4, "biome": 9, "type": "island", "population": 0, "state": 0, "province": 0 }, "geometry": { "type": "MultiPolygon", "coordinates": [ [ [ [ -8.75, -6.4583 ], [ -8.5417, -6.4583 ], [ -8.125, -6.25 ], [ -7.9167, -6.25 ], [ -7.7083, -6.4583 ], [ -7.7083, -6.875 ], [ -8.3333, -6.875 ], [ -8.75, -7.0833 ], [ -9.1667, -6.6667 ], [ -8.9583, -6.6667 ], [ -8.75, -6.4583 ] ] ] ] } },
{ "type": "Feature", "properties": { "id": 28, "neighbors": [ 30, 8, 10, 11, 12, 29 ], "height": 4, "biome": 9, "type": "island", "population": 0, "state": 0, "province": 0 }, "geometry": { "type": "MultiPolygon", "coordinates": [ [ [ [ -6.0417, 7.2917 ], [ -6.0417, 6.875 ], [ -6.0417, 6.6667 ], [ -6.25, 6.4583 ], [ -6.6667, 6.4583 ], [ -6.875, 6.6667 ], [ -6.875, 7.0833 ], [ -6.6667, 7.2917 ], [ -6.0417, 7.2917 ] ] ] ] } },
{ "type": "Feature", "properties": { "id": 28, "neighbors": [ 30, 8, 10, 11, 12, 29 ], "height": 4, "biome": 9, "type": "island", "population": 0, "state": 0, "province": 0 }, "geometry": { "type": "MultiPolygon", "coordinates": [ [ [ [ -10.4167, 7.2917 ], [ -10.625, 7.5 ], [ -10.4167, 7.9167 ], [ -10.2083, 7.9167 ], [ -10.0, 7.9167 ], [ -10.0, 7.5 ], [ -10.0, 7.2917 ], [ -10.4167, 7.2917 ] ] ] ] } },
{ "type": "Feature", "properties": { "id": 28, "neighbors": [ 30, 8, 10, 11, 12, 29 ], "height": 4, "biome": 9, "type": "island", "population": 0, "state": 0, "province": 0 }, "geometry": { "type": "MultiPolygon", "coordinates": [ [ [ [ -6.25, 17.7083 ], [ -6.4583, 17.5 ], [ -6.875, 17.7083 ], [ -6.875, 17.9167 ], [ -6.875, 18.3333 ], [ -6.6667, 18.3333 ], [ -6.25, 18.125 ], [ -6.25, 17.9167 ], [ -6.25, 17.7083 ] ] ] ] } },
{ "type": "Feature", "properties": { "id": 28, "neighbors": [ 30, 8, 10, 11, 12, 29 ], "height": 4, "biome": 9, "type": "island", "population": 0, "state": 0, "province": 0 }, "geometry": { "type": "MultiPolygon", "coordinates": [ [ [ [ -6.4583, 22.7083 ], [ -6.6667, 22.7083 ], [ -7.0833, 23.125 ], [ -6.6667, 23.5417 ], [ -6.25, 23.5417 ], [ -6.0417, 23.3333 ], [ -6.0417, 23.125 ], [ -6.0417, 22.9167 ], [ -6.4583, 22.7083 ] ] ] ] } },
{ "type": "Feature", "properties": { "id": 28, "neighbors": [ 30, 8, 10, 11, 12, 29 ], "height": 4, "biome": 9, "type": "island", "population": 0, "state": 0, "province": 0 }, "geometry": { "type": "MultiPolygon", "coordinates": [ [ [ [ -9.5833, 58.5417 ], [ -9.1667, 58.125 ], [ -9.1667, 57.9167 ], [ -9.375, 57.5 ], [ -9.5833, 57.5 ], [ -9.7917, 57.5 ], [ -10.0, 57.7083 ], [ -10.2083, 57.9167 ], [ -10.0, 58.3333 ], [ -9.7917, 58.5417 ], [ -9.5833, 58.5417 ] ] ] ] } },
{ "type": "Feature", "properties": { "id": 28, "neighbors": [ 30, 8, 10, 11, 12, 29 ], "height": 4, "biome": 9, "type": "island", "population": 0, "state": 0, "province": 0 }, "geometry": { "type": "MultiPolygon", "coordinates": [ [ [ [ -8.5417, 60.625 ], [ -8.5417, 60.8333 ], [ -8.125, 61.0417 ], [ -7.7083, 61.25 ], [ -7.2917, 61.25 ], [ -7.0833, 61.25 ], [ -7.0833, 60.625 ], [ -6.875, 60.4167 ], [ -6.875, 60.0 ], [ -6.875, 59.7917 ], [ -7.0833, 59.5833 ], [ -7.2917, 59.1667 ], [ -7.5, 58.9583 ], [ -7.9167, 58.9583 ], [ -8.125, 58.9583 ], [ -8.5417, 59.1667 ], [ -8.5417, 59.5833 ], [ -8.5417, 60.0 ], [ -8.5417, 60.2083 ], [ -8.5417, 60.625 ] ] ] ] } },
{ "type": "Feature", "properties": { "id": 28, "neighbors": [ 30, 8, 10, 11, 12, 29 ], "height": 4, "biome": 9, "type": "island", "population": 0, "state": 0, "province": 0 }, "geometry": { "type": "MultiPolygon", "coordinates": [ [ [ [ -3.125, 7.5 ], [ -3.3333, 7.2917 ], [ -3.75, 7.2917 ], [ -3.9583, 7.7083 ], [ -3.9583, 7.9167 ], [ -4.1667, 8.5417 ], [ -4.1667, 8.75 ], [ -3.9583, 9.1667 ], [ -3.5417, 9.1667 ], [ -3.3333, 8.9583 ], [ -3.3333, 8.5417 ], [ -3.125, 8.3333 ], [ -3.125, 8.125 ], [ -3.3333, 7.9167 ], [ -3.125, 7.5 ] ] ] ] } },
{ "type": "Feature", "properties": { "id": 28, "neighbors": [ 30, 8, 10, 11, 12, 29 ], "height": 4, "biome": 9, "type": "island", "population": 0, "state": 0, "province": 0 }, "geometry": { "type": "MultiPolygon", "coordinates": [ [ [ [ -2.0833, 9.5833 ], [ -1.875, 9.7917 ], [ -1.4583, 9.7917 ], [ -1.25, 9.5833 ], [ -1.6667, 9.1667 ], [ -2.0833, 9.1667 ], [ -2.2917, 9.375 ], [ -2.0833, 9.5833 ] ] ] ] } },
{ "type": "Feature", "properties": { "id": 28, "neighbors": [ 30, 8, 10, 11, 12, 29 ], "height": 4, "biome": 9, "type": "island", "population": 0, "state": 0, "province": 0 }, "geometry": { "type": "MultiPolygon", "coordinates": [ [ [ [ 3.9583, -28.9583 ], [ 4.5833, -28.9583 ], [ 4.5833, -29.5833 ], [ 4.1667, -29.7917 ], [ 3.75, -29.375 ], [ 3.9583, -28.9583 ] ] ] ] } },
{ "type": "Feature", "properties": { "id": 28, "neighbors": [ 30, 8, 10, 11, 12, 29 ], "height": 4, "biome": 9, "type": "island", "population": 0, "state": 0, "province": 0 }, "geometry": { "type": "MultiPolygon", "coordinates": [ [ [ [ -0.2083, 11.25 ], [ -0.8333, 11.25 ], [ -0.8333, 11.6667 ], [ -0.4167, 11.875 ], [ 0.0, 11.6667 ], [ -0.2083, 11.25 ] ] ] ] } },
{ "type": "Feature", "properties": { "id": 28, "neighbors": [ 30, 8, 10, 11, 12, 29 ], "height": 4, "biome": 9, "type": "island", "population": 0, "state": 0, "province": 0 }, "geometry": { "type": "MultiPolygon", "coordinates": [ [ [ [ 0.4167, 13.75 ], [ 1.0417, 13.75 ], [ 1.25, 13.5417 ], [ 1.4583, 13.3333 ], [ 1.0417, 13.125 ], [ 0.625, 13.125 ], [ 0.2083, 13.3333 ], [ 0.4167, 13.75 ] ] ] ] } },
{ "type": "Feature", "properties": { "id": 28, "neighbors": [ 30, 8, 10, 11, 12, 29 ], "height": 4, "biome": 9, "type": "island", "population": 0, "state": 0, "province": 0 }, "geometry": { "type": "MultiPolygon", "coordinates": [ [ [ [ 4.1667, 13.9583 ], [ 4.1667, 14.1667 ], [ 4.1667, 14.375 ], [ 4.7917, 14.375 ], [ 5.0, 14.375 ], [ 5.0, 13.75 ], [ 4.7917, 13.75 ], [ 4.5833, 13.75 ], [ 4.1667, 13.9583 ] ] ] ] } },
{ "type": "Feature", "properties": { "id": 28, "neighbors": [ 30, 8, 10, 11, 12, 29 ], "height": 4, "biome": 9, "type": "island", "population": 0, "state": 0, "province": 0 }, "geometry": { "type": "MultiPolygon", "coordinates": [ [ [ [ 3.125, 13.9583 ], [ 3.125, 14.375 ], [ 3.3333, 14.5833 ], [ 3.5417, 14.1667 ], [ 3.5417, 13.75 ], [ 3.125, 13.9583 ] ] ] ] } },
{ "type": "Feature", "properties": { "id": 28, "neighbors": [ 30, 8, 10, 11, 12, 29 ], "height": 4, "biome": 9, "type": "island", "population": 0, "state": 0, "province": 0 }, "geometry": { "type": "MultiPolygon", "coordinates": [ [ [ [ 5.625, 24.1667 ], [ 5.8333, 24.375 ], [ 6.4583, 24.5833 ], [ 6.6667, 24.375 ], [ 7.0833, 24.375 ], [ 7.2917, 24.375 ], [ 7.5, 24.1667 ], [ 7.9167, 23.9583 ], [ 8.125, 23.75 ], [ 8.125, 23.3333 ], [ 7.9167, 23.125 ], [ 7.7083, 22.9167 ], [ 7.7083, 22.7083 ], [ 7.7083, 22.5 ], [ 7.2917, 22.2917 ], [ 7.5, 22.0833 ], [ 7.2917, 21.6667 ], [ 7.5, 21.4583 ], [ 7.2917, 21.25 ], [ 6.875, 21.0417 ], [ 6.4583, 21.0417 ], [ 6.25, 20.8333 ], [ 6.0417, 20.8333 ], [ 5.625, 20.8333 ], [ 5.625, 20.2083 ], [ 5.2083, 20.0 ], [ 5.2083, 20.2083 ], [ 5.0, 20.625 ], [ 5.0, 20.8333 ], [ 5.0, 21.0417 ], [ 5.0, 21.25 ], [ 4.7917, 21.6667 ], [ 4.5833, 21.875 ], [ 4.375, 22.2917 ], [ 4.5833, 22.7083 ], [ 4.7917, 23.125 ], [ 4.7917, 23.3333 ], [ 5.0, 23.5417 ], [ 5.2083, 23.75 ], [ 5.2083, 23.9583 ], [ 5.4167, 24.1667 ], [ 5.625, 24.1667 ] ] ] ] } },
{ "type": "Feature", "properties": { "id": 28, "neighbors": [ 30, 8, 10, 11, 12, 29 ], "height": 4, "biome": 9, "type": "island", "population": 0, "state": 0, "province": 0 }, "geometry": { "type": "MultiPolygon", "coordinates": [ [ [ [ 3.5417, 26.875 ], [ 3.5417, 27.0833 ], [ 3.9583, 27.2917 ], [ 4.375, 27.0833 ], [ 4.375, 26.6667 ], [ 3.9583, 26.4583 ], [ 3.75, 26.6667 ], [ 3.5417, 26.875 ] ] ] ] } },
{ "type": "Feature", "properties": { "id": 28, "neighbors": [ 30, 8, 10, 11, 12, 29 ], "height": 4, "biome": 9, "type": "island", "population": 0, "state": 0, "province": 0 }, "geometry": { "type": "MultiPolygon", "coordinates": [ [ [ [ 18.9583, -45.0 ], [ 19.1667, -45.0 ], [ 19.375, -45.0 ], [ 19.7917, -45.2083 ], [ 19.7917, -45.4167 ], [ 19.5833, -45.625 ], [ 19.375, -45.625 ], [ 18.9583, -45.4167 ], [ 18.9583, -45.0 ] ] ] ] } },
{ "type": "Feature", "properties": { "id": 28, "neighbors": [ 30, 8, 10, 11, 12, 29 ], "height": 4, "biome": 9, "type": "island", "population": 0, "state": 0, "province": 0 }, "geometry": { "type": "MultiPolygon", "coordinates": [ [ [ [ 16.4583, -44.375 ], [ 16.25, -45.0 ], [ 15.8333, -45.0 ], [ 15.625, -44.5833 ], [ 15.625, -44.375 ], [ 16.0417, -44.375 ], [ 16.4583, -44.375 ] ] ] ] } },
{ "type": "Feature", "properties": { "id": 28, "neighbors": [ 30, 8, 10, 11, 12, 29 ], "height": 4, "biome": 9, "type": "island", "population": 0, "state": 0, "province": 0 }, "geometry": { "type": "MultiPolygon", "coordinates": [ [ [ [ 7.9167, -35.0 ], [ 7.9167, -35.4167 ], [ 7.7083, -35.625 ], [ 7.2917, -35.2083 ], [ 7.7083, -35.0 ], [ 7.9167, -35.0 ] ] ] ] } },
{ "type": "Feature", "properties": { "id": 28, "neighbors": [ 30, 8, 10, 11, 12, 29 ], "height": 4, "biome": 9, "type": "island", "population": 0, "state": 0, "province": 0 }, "geometry": { "type": "MultiPolygon", "coordinates": [ [ [ [ 19.1667, -26.0417 ], [ 18.9583, -26.0417 ], [ 18.75, -25.625 ], [ 18.75, -25.2083 ], [ 18.75, -25.0 ], [ 18.9583, -25.0 ], [ 19.1667, -24.7917 ], [ 19.5833, -24.7917 ], [ 19.5833, -24.375 ], [ 19.375, -24.1667 ], [ 19.1667, -24.375 ], [ 18.9583, -24.1667 ], [ 18.5417, -24.375 ], [ 18.3333, -24.375 ], [ 18.3333, -23.9583 ], [ 18.5417, -23.75 ], [ 18.5417, -23.3333 ], [ 18.75, -23.125 ], [ 18.75, -22.7083 ], [ 18.75, -22.5 ], [ 18.3333, -22.0833 ], [ 18.125, -22.0833 ], [ 17.9167, -21.6667 ], [ 17.9167, -21.0417 ], [ 18.125, -20.8333 ], [ 18.125, -20.4167 ], [ 17.9167, -20.2083 ], [ 17.9167, -19.7917 ], [ 18.125, -19.5833 ], [ 18.3333, -19.1667 ], [ 18.5417, -18.9583 ], [ 18.5417, -18.75 ], [ 18.3333, -18.5417 ], [ 17.9167, -18.5417 ], [ 18.125, -17.9167 ], [ 17.9167, -17.7083 ], [ 17.7083, -17.7083 ], [ 17.7083, -17.9167 ], [ 17.2917, -18.125 ], [ 17.0833, -18.125 ], [ 16.875, -18.5417 ], [ 16.6667, -18.5417 ], [ 16.4583, -18.75 ], [ 16.25, -18.5417 ], [ 16.0417, -18.125 ], [ 16.25, -17.7083 ], [ 16.6667, -17.7083 ], [ 16.6667, -17.5 ], [ 17.2917, -17.5 ], [ 17.2917, -17.0833 ], [ 17.0833, -16.875 ], [ 16.875, -16.875 ], [ 16.4583, -16.6667 ], [ 16.25, -16.875 ], [ 16.0417, -16.6667 ], [ 15.625, -16.875 ], [ 15.4167, -16.875 ], [ 15.0, -17.2917 ], [ 15.2083, -17.5 ], [ 14.7917, -17.7083 ], [ 14.5833, -17.5 ], [ 14.1667, -17.7083 ], [ 13.75, -17.5 ], [ 13.5417, -17.5 ], [ 13.3333, -17.7083 ], [ 12.9167, -17.7083 ], [ 12.0833, -17.5 ], [ 12.2917, -17.9167 ], [ 12.0833, -18.3333 ], [ 12.2917, -18.5417 ], [ 12.2917, -18.75 ], [ 11.875, -18.9583 ], [ 11.4583, -18.9583 ], [ 11.4583, -19.1667 ], [ 11.25, -19.1667 ], [ 11.0417, -19.1667 ], [ 10.8333, -18.9583 ], [ 10.4167, -18.75 ], [ 10.4167, -18.5417 ], [ 9.7917, -18.3333 ], [ 9.7917, -18.125 ], [ 9.5833, -17.7083 ], [ 9.375, -17.7083 ], [ 9.375, -17.2917 ], [ 9.1667, -17.0833 ], [ 9.1667, -16.6667 ], [ 9.1667, -16.0417 ], [ 8.9583, -15.8333 ], [ 8.9583, -15.4167 ], [ 9.375, -15.4167 ], [ 9.5833, -15.2083 ], [ 9.7917, -15.0 ], [ 9.5833, -14.375 ], [ 9.5833, -14.1667 ], [ 9.5833, -13.9583 ], [ 9.7917, -13.75 ], [ 10.2083, -13.75 ], [ 10.4167, -13.5417 ], [ 10.625, -13.3333 ], [ 10.4167, -13.3333 ], [ 10.0, -13.125 ], [ 10.0, -12.7083 ], [ 10.2083, -12.5 ], [ 10.4167, -12.0833 ], [ 10.625, -11.875 ], [ 10.625, -11.6667 ], [ 10.625, -11.4583 ], [ 10.625, -11.25 ], [ 10.625, -11.0417 ], [ 10.8333, -11.0417 ], [ 11.0417, -10.8333 ], [ 11.4583, -10.4167 ], [ 11.4583, -10.2083 ], [ 11.875, -10.0 ], [ 11.875, -9.7917 ], [ 11.875, -9.375 ], [ 12.0833, -8.75 ], [ 12.0833, -8.5417 ], [ 12.2917, -8.3333 ], [ 12.7083, -8.3333 ], [ 13.125, -7.9167 ], [ 13.3333, -7.9167 ], [ 13.5417, -7.9167 ], [ 13.75, -7.9167 ], [ 14.1667, -7.9167 ], [ 14.5833, -7.7083 ], [ 14.375, -7.2917 ], [ 14.1667, -7.2917 ], [ 13.9583, -6.875 ], [ 14.7917, -6.6667 ], [ 15.2083, -6.4583 ], [ 15.4167, -6.4583 ], [ 15.625, -6.6667 ], [ 16.25, -6.25 ], [ 16.6667, -6.0417 ], [ 17.0833, -5.8333 ], [ 17.2917, -5.8333 ], [ 17.5, -6.0417 ], [ 17.5, -6.25 ], [ 17.9167, -6.6667 ], [ 18.3333, -6.4583 ], [ 18.5417, -6.25 ], [ 18.75, -6.25 ], [ 18.9583, -6.0417 ], [ 19.1667, -6.0417 ], [ 19.5833, -5.625 ], [ 19.7917, -5.2083 ], [ 20.0, -5.2083 ], [ 20.2083, -5.4167 ], [ 20.4167, -5.2083 ], [ 20.8333, -5.2083 ], [ 20.8333, -5.4167 ], [ 21.25, -5.4167 ], [ 21.25, -5.625 ], [ 21.875, -5.625 ], [ 21.875, -5.8333 ], [ 22.0833, -6.0417 ], [ 22.2917, -6.0417 ], [ 22.5, -5.8333 ], [ 23.125, -5.625 ], [ 23.3333, -5.625 ], [ 23.5417, -5.625 ], [ 23.75, -5.625 ], [ 24.1667, -5.2083 ], [ 24.375, -5.2083 ], [ 24.7917, -5.625 ], [ 25.0, -5.625 ], [ 25.4167, -5.8333 ], [ 25.8333, -5.8333 ], [ 25.8333, -5.625 ], [ 26.0417, -5.625 ], [ 26.4583, -5.8333 ], [ 26.4583, -6.0417 ], [ 27.0833, -6.25 ], [ 27.2917, -6.0417 ], [ 27.5, -6.25 ], [ 27.7083, -6.25 ], [ 27.7083, -6.0417 ], [ 28.125, -6.0417 ], [ 28.3333, -6.0417 ], [ 28.5417, -6.0417 ], [ 28.75, -6.25 ], [ 28.9583, -6.25 ], [ 29.1667, -6.4583 ], [ 29.7917, -6.6667 ], [ 29.7917, -6.875 ], [ 30.2083, -6.875 ], [ 30.4167, -7.0833 ], [ 30.625, -7.2917 ], [ 31.0417, -7.7083 ], [ 31.4583, -7.9167 ], [ 31.6667, -7.9167 ], [ 31.875, -8.125 ], [ 32.0833, -8.125 ], [ 32.5, -8.3333 ], [ 33.125, -8.75 ], [ 33.3333, -9.1667 ], [ 33.3333, -9.5833 ], [ 33.3333, -10.2083 ], [ 33.5417, -10.2083 ], [ 33.9583, -10.625 ], [ 34.5833, -10.8333 ], [ 34.7917, -10.8333 ], [ 35.0, -11.0417 ], [ 35.2083, -11.4583 ], [ 34.7917, -11.6667 ], [ 34.375, -11.6667 ], [ 34.1667, -11.6667 ], [ 33.5417, -11.4583 ], [ 33.3333, -11.875 ], [ 33.125, -12.2917 ], [ 32.9167, -12.2917 ], [ 32.5, -12.5 ], [ 32.5, -12.7083 ], [ 32.5, -12.9167 ], [ 32.5, -13.3333 ], [ 31.6667, -13.3333 ], [ 31.6667, -13.125 ], [ 31.25, -13.125 ], [ 31.0417, -13.3333 ], [ 30.8333, -13.5417 ], [ 30.625, -13.9583 ], [ 30.2083, -13.9583 ], [ 30.0, -13.75 ], [ 30.0, -13.5417 ], [ 29.7917, -13.3333 ], [ 29.7917, -12.9167 ], [ 29.5833, -12.7083 ], [ 29.375, -13.125 ], [ 28.75, -13.125 ], [ 28.5417, -13.3333 ], [ 28.5417, -13.125 ], [ 28.125, -13.3333 ], [ 27.7083, -13.5417 ], [ 27.9167, -14.1667 ], [ 28.3333, -14.1667 ], [ 28.5417, -14.1667 ], [ 28.75, -14.5833 ], [ 28.75, -14.7917 ], [ 28.75, -15.0 ], [ 28.75, -15.4167 ], [ 28.5417, -15.8333 ], [ 28.3333, -16.0417 ], [ 27.9167, -16.25 ], [ 27.5, -16.25 ], [ 27.0833, -16.0417 ], [ 27.0833, -15.625 ], [ 27.0833, -15.0 ], [ 26.875, -14.7917 ], [ 27.0833, -14.375 ], [ 26.875, -14.375 ], [ 26.875, -13.75 ], [ 26.6667, -13.5417 ], [ 26.4583, -13.3333 ], [ 26.4583, -12.9167 ], [ 26.4583, -12.2917 ], [ 26.25, -12.2917 ], [ 26.0417, -12.2917 ], [ 25.625, -12.2917 ], [ 25.2083, -12.2917 ], [ 25.0, -12.7083 ], [ 24.7917, -12.7083 ], [ 24.7917, -12.9167 ], [ 24.375, -13.125 ], [ 24.375, -13.3333 ], [ 24.1667, -13.75 ], [ 23.75, -13.75 ], [ 23.75, -13.9583 ], [ 23.3333, -13.9583 ], [ 23.125, -13.9583 ], [ 22.7083, -14.375 ], [ 22.7083, -14.5833 ], [ 22.2917, -14.5833 ], [ 22.0833, -14.375 ], [ 21.875, -13.9583 ], [ 21.6667, -13.5417 ], [ 21.4583, -13.125 ], [ 21.4583, -12.7083 ], [ 21.25, -12.7083 ], [ 20.8333, -12.2917 ], [ 20.625, -12.2917 ], [ 20.4167, -12.9167 ], [ 20.625, -13.125 ], [ 20.4167, -13.3333 ], [ 20.4167, -13.5417 ], [ 20.0, -13.75 ], [ 20.0, -13.9583 ], [ 19.7917, -14.1667 ], [ 19.5833, -14.375 ], [ 19.7917, -14.375 ], [ 19.5833, -15.0 ], [ 20.0, -15.2083 ], [ 20.2083, -15.2083 ], [ 20.625, -15.2083 ], [ 20.8333, -15.2083 ], [ 21.0417, -15.2083 ], [ 21.25, -15.2083 ], [ 21.4583, -15.625 ], [ 21.6667, -16.0417 ], [ 21.875, -16.25 ], [ 21.875, -16.6667 ], [ 22.0833, -17.0833 ], [ 22.2917, -17.2917 ], [ 22.2917, -17.5 ], [ 22.2917, -17.7083 ], [ 22.2917, -18.125 ], [ 22.5, -18.3333 ], [ 22.9167, -17.9167 ], [ 23.125, -17.7083 ], [ 23.3333, -17.9167 ], [ 23.5417, -18.3333 ], [ 23.9583, -18.3333 ], [ 24.1667, -18.3333 ], [ 24.1667, -18.125 ], [ 24.7917, -17.9167 ], [ 25.2083, -18.125 ], [ 25.625, -18.3333 ], [ 25.8333, -18.5417 ], [ 25.8333, -18.75 ], [ 26.0417, -18.9583 ], [ 26.0417, -19.1667 ], [ 26.25, -19.375 ], [ 26.25, -19.5833 ], [ 26.6667, -19.7917 ], [ 27.0833, -19.7917 ], [ 27.2917, -19.7917 ], [ 27.2917, -20.2083 ], [ 26.875, -20.4167 ], [ 26.875, -20.8333 ], [ 26.6667, -21.0417 ], [ 26.6667, -21.25 ], [ 26.6667, -21.4583 ], [ 26.6667, -21.6667 ], [ 26.25, -22.0833 ], [ 26.0417, -22.5 ], [ 25.625, -22.9167 ], [ 25.4167, -22.9167 ], [ 25.0, -23.3333 ], [ 24.7917, -23.75 ], [ 24.7917, -23.9583 ], [ 24.7917, -24.375 ], [ 24.7917, -24.5833 ], [ 25.0, -24.7917 ], [ 25.0, -25.0 ], [ 24.5833, -25.2083 ], [ 24.375, -25.8333 ], [ 24.375, -26.0417 ], [ 23.9583, -26.0417 ], [ 23.75, -25.8333 ], [ 23.3333, -26.4583 ], [ 22.9167, -26.4583 ], [ 22.7083, -26.6667 ], [ 22.7083, -27.0833 ], [ 22.5, -27.5 ], [ 22.2917, -27.2917 ], [ 22.0833, -26.875 ], [ 21.6667, -26.6667 ], [ 21.25, -26.6667 ], [ 21.0417, -26.6667 ], [ 20.625, -26.875 ], [ 20.4167, -26.6667 ], [ 20.0, -26.875 ], [ 19.7917, -26.875 ], [ 19.5833, -26.6667 ], [ 19.5833, -26.25 ], [ 19.1667, -26.0417 ] ] ] ] } },
{ "type": "Feature", "properties": { "id": 28, "neighbors": [ 30, 8, 10, 11, 12, 29 ], "height": 4, "biome": 9, "type": "island", "population": 0, "state": 0, "province": 0 }, "geometry": { "type": "MultiPolygon", "coordinates": [ [ [ [ 13.75, -21.4583 ], [ 14.1667, -21.4583 ], [ 14.1667, -21.875 ], [ 13.75, -22.0833 ], [ 13.5417, -21.875 ], [ 13.75, -21.4583 ] ] ] ] } },
{ "type": "Feature", "properties": { "id": 28, "neighbors": [ 30, 8, 10, 11, 12, 29 ], "height": 4, "biome": 9, "type": "island", "population": 0, "state": 0, "province": 0 }, "geometry": { "type": "MultiPolygon", "coordinates": [ [ [ [ 11.0417, 3.75 ], [ 10.8333, 3.75 ], [ 10.625, 4.1667 ], [ 10.625, 4.375 ], [ 11.0417, 4.5833 ], [ 11.4583, 4.375 ], [ 11.6667, 3.9583 ], [ 11.6667, 3.75 ], [ 11.4583, 3.75 ], [ 11.0417, 3.75 ] ] ] ] } },
{ "type": "Feature", "properties": { "id": 28, "neighbors": [ 30, 8, 10, 11, 12, 29 ], "height": 4, "biome": 9, "type": "island", "population": 0, "state": 0, "province": 0 }, "geometry": { "type": "MultiPolygon", "coordinates": [ [ [ [ 21.0417, 10.0 ], [ 20.8333, 9.7917 ], [ 20.2083, 9.7917 ], [ 20.2083, 10.0 ], [ 19.5833, 10.0 ], [ 19.375, 10.2083 ], [ 19.5833, 10.625 ], [ 20.0, 10.625 ], [ 20.2083, 10.4167 ], [ 20.4167, 10.4167 ], [ 21.0417, 10.2083 ], [ 21.0417, 10.0 ] ] ] ] } },
{ "type": "Feature", "properties": { "id": 28, "neighbors": [ 30, 8, 10, 11, 12, 29 ], "height": 4, "biome": 9, "type": "island", "population": 0, "state": 0, "province": 0 }, "geometry": { "type": "MultiPolygon", "coordinates": [ [ [ [ 12.7083, 13.125 ], [ 12.5, 12.9167 ], [ 12.2917, 12.9167 ], [ 12.0833, 13.125 ], [ 12.0833, 13.3333 ], [ 11.6667, 13.5417 ], [ 11.875, 13.9583 ], [ 11.875, 14.1667 ], [ 12.0833, 14.1667 ], [ 12.2917, 13.9583 ], [ 12.5, 13.75 ], [ 12.7083, 13.75 ], [ 12.9167, 13.3333 ], [ 12.7083, 13.125 ] ] ] ] } },
{ "type": "Feature", "properties": { "id": 28, "neighbors": [ 30, 8, 10, 11, 12, 29 ], "height": 4, "biome": 9, "type": "island", "population": 0, "state": 0, "province": 0 }, "geometry": { "type": "MultiPolygon", "coordinates": [ [ [ [ 7.2917, 13.9583 ], [ 7.7083, 14.1667 ], [ 8.125, 14.1667 ], [ 8.3333, 13.75 ], [ 8.125, 13.5417 ], [ 7.7083, 13.5417 ], [ 7.2917, 13.75 ], [ 7.2917, 13.9583 ] ] ] ] } },
{ "type": "Feature", "properties": { "id": 28, "neighbors": [ 30, 8, 10, 11, 12, 29 ], "height": 4, "biome": 9, "type": "island", "population": 0, "state": 0, "province": 0 }, "geometry": { "type": "MultiPolygon", "coordinates": [ [ [ [ 20.2083, 16.25 ], [ 20.4167, 16.6667 ], [ 20.625, 16.6667 ], [ 21.0417, 16.25 ], [ 21.0417, 16.0417 ], [ 20.8333, 15.8333 ], [ 20.4167, 15.8333 ], [ 20.2083, 16.25 ] ] ] ] } },
{ "type": "Feature", "properties": { "id": 28, "neighbors": [ 30, 8, 10, 11, 12, 29 ], "height": 4, "biome": 9, "type": "island", "population": 0, "state": 0, "province": 0 }, "geometry": { "type": "MultiPolygon", "coordinates": [ [ [ [ 8.9583, 18.75 ], [ 8.5417, 18.5417 ], [ 8.125, 18.9583 ], [ 7.9167, 19.5833 ], [ 7.7083, 19.5833 ], [ 7.7083, 20.0 ], [ 7.9167, 20.2083 ], [ 8.125, 20.2083 ], [ 8.5417, 20.4167 ], [ 8.9583, 20.4167 ], [ 9.1667, 20.0 ], [ 8.9583, 19.7917 ], [ 8.9583, 19.5833 ], [ 8.75, 19.1667 ], [ 8.9583, 18.9583 ], [ 8.9583, 18.75 ] ] ] ] } },
{ "type": "Feature", "properties": { "id": 28, "neighbors": [ 30, 8, 10, 11, 12, 29 ], "height": 4, "biome": 9, "type": "island", "population": 0, "state": 0, "province": 0 }, "geometry": { "type": "MultiPolygon", "coordinates": [ [ [ [ 17.2917, 25.0 ], [ 17.2917, 25.2083 ], [ 17.0833, 25.4167 ], [ 17.5, 25.8333 ], [ 17.7083, 25.8333 ], [ 18.125, 26.0417 ], [ 18.5417, 26.25 ], [ 18.9583, 26.4583 ], [ 19.1667, 26.6667 ], [ 19.5833, 26.4583 ], [ 20.0, 26.4583 ], [ 20.4167, 26.0417 ], [ 20.2083, 25.8333 ], [ 20.2083, 25.625 ], [ 20.2083, 25.4167 ], [ 20.2083, 25.2083 ], [ 20.4167, 25.0 ], [ 20.625, 24.5833 ], [ 20.2083, 24.375 ], [ 20.2083, 24.1667 ], [ 19.7917, 23.9583 ], [ 19.5833, 23.9583 ], [ 19.375, 23.75 ], [ 18.9583, 23.3333 ], [ 19.1667, 23.125 ], [ 18.9583, 22.7083 ], [ 18.5417, 22.7083 ], [ 17.9167, 22.5 ], [ 17.5, 22.5 ], [ 17.0833, 22.9167 ], [ 16.875, 23.3333 ], [ 16.6667, 23.75 ], [ 16.875, 23.9583 ], [ 16.6667, 24.1667 ], [ 16.6667, 24.5833 ], [ 16.875, 24.5833 ], [ 17.0833, 24.5833 ], [ 17.2917, 25.0 ] ] ] ] } },
{ "type": "Feature", "properties": { "id": 28, "neighbors": [ 30, 8, 10, 11, 12, 29 ], "height": 4, "biome": 9, "type": "island", "population": 0, "state": 0, "province": 0 }, "geometry": { "type": "MultiPolygon", "coordinates": [ [ [ [ 15.0, 26.6667 ], [ 15.2083, 27.0833 ], [ 15.625, 27.0833 ], [ 15.625, 26.875 ], [ 15.4167, 26.4583 ], [ 15.0, 26.6667 ] ] ] ] } },
{ "type": "Feature", "properties": { "id": 28, "neighbors": [ 30, 8, 10, 11, 12, 29 ], "height": 4, "biome": 9, "type": "island", "population": 0, "state": 0, "province": 0 }, "geometry": { "type": "MultiPolygon", "coordinates": [ [ [ [ 20.625, 28.75 ], [ 20.625, 29.1667 ], [ 20.625, 29.5833 ], [ 20.4167, 29.5833 ], [ 20.0, 29.5833 ], [ 19.7917, 30.0 ], [ 20.2083, 30.2083 ], [ 20.2083, 30.625 ], [ 20.4167, 30.8333 ], [ 20.625, 31.0417 ], [ 20.625, 31.6667 ], [ 20.8333, 31.875 ], [ 21.0417, 32.0833 ], [ 21.25, 32.5 ], [ 21.0417, 32.7083 ], [ 21.4583, 33.125 ], [ 21.25, 33.125 ], [ 21.6667, 33.5417 ], [ 21.6667, 33.75 ], [ 21.4583, 33.9583 ], [ 21.4583, 34.375 ], [ 21.6667, 34.375 ], [ 22.0833, 34.375 ], [ 22.2917, 34.1667 ], [ 22.5, 34.1667 ], [ 22.7083, 33.9583 ], [ 23.3333, 33.9583 ], [ 23.3333, 34.1667 ], [ 23.5417, 34.375 ], [ 23.75, 34.5833 ], [ 23.9583, 34.5833 ], [ 24.1667, 34.5833 ], [ 24.375, 34.5833 ], [ 24.5833, 34.5833 ], [ 24.7917, 34.5833 ], [ 25.2083, 34.5833 ], [ 25.625, 34.5833 ], [ 25.625, 33.9583 ], [ 25.8333, 33.9583 ], [ 26.0417, 33.9583 ], [ 26.25, 33.9583 ], [ 26.4583, 33.9583 ], [ 26.875, 33.9583 ], [ 27.0833, 33.9583 ], [ 27.0833, 34.1667 ], [ 27.7083, 34.375 ], [ 27.9167, 34.5833 ], [ 27.9167, 34.7917 ], [ 28.125, 35.0 ], [ 28.125, 35.4167 ], [ 28.3333, 35.625 ], [ 28.5417, 35.8333 ], [ 28.3333, 36.0417 ], [ 28.75, 36.25 ], [ 29.1667, 36.25 ], [ 29.1667, 36.4583 ], [ 29.5833, 36.0417 ], [ 29.7917, 36.0417 ], [ 30.2083, 35.8333 ], [ 30.0, 35.625 ], [ 30.2083, 35.625 ], [ 30.625, 35.625 ], [ 30.8333, 36.0417 ], [ 31.0417, 36.25 ], [ 31.0417, 36.4583 ], [ 31.25, 36.6667 ], [ 31.0417, 37.2917 ], [ 31.0417, 37.5 ], [ 31.25, 37.7083 ], [ 31.25, 38.125 ], [ 31.0417, 38.3333 ], [ 31.0417, 38.75 ], [ 30.8333, 39.1667 ], [ 31.25, 39.5833 ], [ 31.4583, 39.7917 ], [ 31.875, 39.7917 ], [ 32.0833, 40.0 ], [ 32.2917, 40.0 ], [ 32.5, 40.625 ], [ 32.9167, 40.625 ], [ 33.125, 40.625 ], [ 33.3333, 40.625 ], [ 33.3333, 40.2083 ], [ 33.75, 40.0 ], [ 33.9583, 39.7917 ], [ 34.375, 39.375 ], [ 34.5833, 39.375 ], [ 35.0, 39.375 ], [ 35.625, 38.9583 ], [ 35.625, 38.75 ], [ 35.8333, 38.3333 ], [ 35.8333, 38.125 ], [ 35.8333, 37.7083 ], [ 35.625, 37.5 ], [ 35.4167, 37.5 ], [ 35.2083, 37.0833 ], [ 34.7917, 36.6667 ], [ 34.375, 36.4583 ], [ 34.1667, 36.4583 ], [ 33.9583, 36.25 ], [ 33.75, 36.25 ], [ 33.5417, 36.0417 ], [ 33.5417, 35.8333 ], [ 33.3333, 35.4167 ], [ 33.125, 35.625 ], [ 32.7083, 35.2083 ], [ 32.9167, 34.7917 ], [ 33.125, 34.1667 ], [ 32.7083, 33.9583 ], [ 32.5, 33.75 ], [ 32.5, 33.3333 ], [ 32.7083, 32.9167 ], [ 32.5, 32.7083 ], [ 32.2917, 32.5 ], [ 32.2917, 32.0833 ], [ 31.875, 31.875 ], [ 31.6667, 32.0833 ], [ 31.0417, 31.875 ], [ 31.0417, 32.0833 ], [ 30.625, 31.875 ], [ 30.625, 32.0833 ], [ 30.4167, 31.875 ], [ 30.0, 31.6667 ], [ 30.2083, 31.25 ], [ 30.0, 31.25 ], [ 30.0, 31.0417 ], [ 29.5833, 30.8333 ], [ 29.375, 30.8333 ], [ 28.9583, 30.8333 ], [ 28.5417, 30.8333 ], [ 28.125, 31.0417 ], [ 27.7083, 31.0417 ], [ 27.5, 31.0417 ], [ 26.875, 31.0417 ], [ 26.4583, 31.0417 ], [ 26.25, 31.0417 ], [ 26.25, 31.4583 ], [ 26.0417, 31.875 ], [ 25.8333, 31.875 ], [ 25.625, 31.6667 ], [ 25.4167, 31.6667 ], [ 25.2083, 31.4583 ], [ 25.0, 31.4583 ], [ 24.7917, 31.4583 ], [ 24.5833, 31.4583 ], [ 24.375, 31.25 ], [ 24.1667, 31.25 ], [ 23.9583, 31.0417 ], [ 23.75, 31.0417 ], [ 23.5417, 30.625 ], [ 23.3333, 30.0 ], [ 23.125, 29.5833 ], [ 23.3333, 29.1667 ], [ 23.5417, 28.75 ], [ 23.3333, 28.5417 ], [ 23.5417, 28.3333 ], [ 23.5417, 27.9167 ], [ 23.5417, 27.7083 ], [ 23.5417, 27.2917 ], [ 23.5417, 27.0833 ], [ 23.3333, 27.0833 ], [ 22.9167, 27.0833 ], [ 22.2917, 27.2917 ], [ 22.0833, 27.2917 ], [ 21.6667, 27.0833 ], [ 21.25, 27.0833 ], [ 20.8333, 27.0833 ], [ 20.625, 26.875 ], [ 20.4167, 27.0833 ], [ 20.2083, 27.5 ], [ 20.4167, 27.7083 ], [ 20.4167, 27.9167 ], [ 20.4167, 28.125 ], [ 20.625, 28.3333 ], [ 20.625, 28.75 ] ] ] ] } },
{ "type": "Feature", "properties": { "id": 28, "neighbors": [ 30, 8, 10, 11, 12, 29 ], "height": 4, "biome": 9, "type": "island", "population": 0, "state": 0, "province": 0 }, "geometry": { "type": "MultiPolygon", "coordinates": [ [ [ [ 16.875, 29.5833 ], [ 16.875, 29.7917 ], [ 16.875, 30.0 ], [ 16.875, 30.4167 ], [ 17.0833, 30.625 ], [ 17.5, 30.4167 ], [ 17.5, 30.0 ], [ 17.5, 29.7917 ], [ 16.875, 29.5833 ] ] ] ] } },
{ "type": "Feature", "properties": { "id": 28, "neighbors": [ 30, 8, 10, 11, 12, 29 ], "height": 4, "biome": 9, "type": "island", "population": 0, "state": 0, "province": 0 }, "geometry": { "type": "MultiPolygon", "coordinates": [ [ [ [ 10.625, 31.875 ], [ 10.625, 31.4583 ], [ 10.4167, 31.25 ], [ 10.0, 31.25 ], [ 10.0, 31.4583 ], [ 10.2083, 31.875 ], [ 10.625, 31.875 ] ] ] ] } },
{ "type": "Feature", "properties": { "id": 28, "neighbors": [ 30, 8, 10, 11, 12, 29 ], "height": 4, "biome": 9, "type": "island", "population": 0, "state": 0, "province": 0 }, "geometry": { "type": "MultiPolygon", "coordinates": [ [ [ [ 18.9583, 33.5417 ], [ 18.75, 33.3333 ], [ 18.3333, 33.3333 ], [ 18.125, 33.3333 ], [ 18.3333, 33.75 ], [ 18.5417, 33.75 ], [ 18.9583, 33.5417 ] ] ] ] } },
{ "type": "Feature", "properties": { "id": 28, "neighbors": [ 30, 8, 10, 11, 12, 29 ], "height": 4, "biome": 9, "type": "island", "population": 0, "state": 0, "province": 0 }, "geometry": { "type": "MultiPolygon", "coordinates": [ [ [ [ 12.7083, 37.9167 ], [ 12.7083, 37.5 ], [ 12.2917, 37.5 ], [ 12.0833, 37.7083 ], [ 12.0833, 37.9167 ], [ 12.2917, 37.9167 ], [ 12.7083, 37.9167 ] ] ] ] } },
{ "type": "Feature", "properties": { "id": 28, "neighbors": [ 30, 8, 10, 11, 12, 29 ], "height": 4, "biome": 9, "type": "island", "population": 0, "state": 0, "province": 0 }, "geometry": { "type": "MultiPolygon", "coordinates": [ [ [ [ 21.875, 38.5417 ], [ 22.0833, 38.125 ], [ 21.6667, 37.9167 ], [ 21.25, 38.125 ], [ 21.4583, 38.3333 ], [ 21.6667, 38.5417 ], [ 21.875, 38.5417 ] ] ] ] } },
{ "type": "Feature", "properties": { "id": 28, "neighbors": [ 30, 8, 10, 11, 12, 29 ], "height": 4, "biome": 9, "type": "island", "population": 0, "state": 0, "province": 0 }, "geometry": { "type": "MultiPolygon", "coordinates": [ [ [ [ 12.7083, 43.125 ], [ 12.2917, 43.125 ], [ 12.2917, 43.5417 ], [ 12.5, 43.75 ], [ 12.9167, 44.1667 ], [ 13.125, 43.75 ], [ 13.125, 43.5417 ], [ 13.125, 43.3333 ], [ 12.9167, 43.125 ], [ 12.7083, 43.125 ] ] ] ] } },
{ "type": "Feature", "properties": { "id": 28, "neighbors": [ 30, 8, 10, 11, 12, 29 ], "height": 4, "biome": 9, "type": "island", "population": 0, "state": 0, "province": 0 }, "geometry": { "type": "MultiPolygon", "coordinates": [ [ [ [ 6.6667, 58.5417 ], [ 6.6667, 58.9583 ], [ 6.875, 59.1667 ], [ 6.875, 59.375 ], [ 6.875, 59.5833 ], [ 7.2917, 59.7917 ], [ 7.5, 59.5833 ], [ 7.2917, 59.1667 ], [ 7.5, 58.9583 ], [ 7.5, 58.5417 ], [ 7.2917, 58.3333 ], [ 6.875, 58.3333 ], [ 6.6667, 58.3333 ], [ 6.6667, 58.5417 ] ] ] ] } },
{ "type": "Feature", "properties": { "id": 28, "neighbors": [ 30, 8, 10, 11, 12, 29 ], "height": 4, "biome": 9, "type": "island", "population": 0, "state": 0, "province": 0 }, "geometry": { "type": "MultiPolygon", "coordinates": [ [ [ [ 31.6667, -69.375 ], [ 31.25, -69.7917 ], [ 30.8333, -69.5833 ], [ 30.8333, -69.375 ], [ 30.625, -69.375 ], [ 30.4167, -68.9583 ], [ 30.2083, -68.5417 ], [ 30.4167, -68.125 ], [ 30.8333, -68.3333 ], [ 30.8333, -68.5417 ], [ 31.25, -68.75 ], [ 31.25, -68.9583 ], [ 31.6667, -69.1667 ], [ 31.6667, -69.375 ] ] ] ] } },
{ "type": "Feature", "properties": { "id": 28, "neighbors": [ 30, 8, 10, 11, 12, 29 ], "height": 4, "biome": 9, "type": "island", "population": 0, "state": 0, "province": 0 }, "geometry": { "type": "MultiPolygon", "coordinates": [ [ [ [ 36.6667, -55.4167 ], [ 36.875, -55.2083 ], [ 37.2917, -55.0 ], [ 37.2917, -54.5833 ], [ 37.2917, -53.9583 ], [ 37.2917, -53.5417 ], [ 37.0833, -53.125 ], [ 36.875, -53.125 ], [ 36.4583, -52.9167 ], [ 36.25, -52.5 ], [ 36.0417, -51.875 ], [ 35.8333, -51.875 ], [ 35.4167, -51.6667 ], [ 35.2083, -51.6667 ], [ 34.7917, -51.6667 ], [ 34.7917, -51.4583 ], [ 35.0, -51.25 ], [ 34.7917, -50.625 ], [ 34.5833, -50.4167 ], [ 34.1667, -50.2083 ], [ 33.9583, -49.7917 ], [ 34.1667, -49.375 ], [ 34.375, -49.375 ], [ 34.375, -49.1667 ], [ 34.1667, -48.9583 ], [ 33.75, -49.1667 ], [ 33.5417, -48.9583 ], [ 33.75, -48.5417 ], [ 33.3333, -48.125 ], [ 33.125, -47.7083 ], [ 33.3333, -47.2917 ], [ 33.125, -47.2917 ], [ 33.5417, -46.6667 ], [ 33.3333, -46.4583 ], [ 32.9167, -46.6667 ], [ 32.7083, -46.4583 ], [ 32.5, -46.25 ], [ 32.7083, -46.0417 ], [ 32.7083, -45.8333 ], [ 32.9167, -45.4167 ], [ 33.125, -45.2083 ], [ 33.125, -44.7917 ], [ 33.125, -44.5833 ], [ 33.125, -44.1667 ], [ 33.3333, -43.9583 ], [ 33.3333, -43.75 ], [ 33.75, -43.3333 ], [ 33.75, -42.9167 ], [ 33.5417, -42.7083 ], [ 33.5417, -42.5 ], [ 33.3333, -42.2917 ], [ 33.125, -42.0833 ], [ 33.3333, -41.875 ], [ 33.75, -41.6667 ], [ 33.9583, -41.25 ], [ 33.9583, -40.8333 ], [ 34.1667, -40.625 ], [ 34.7917, -40.625 ], [ 34.7917, -40.8333 ], [ 35.2083, -41.0417 ], [ 35.4167, -40.2083 ], [ 35.8333, -40.2083 ], [ 36.0417, -40.2083 ], [ 36.4583, -40.4167 ], [ 36.875, -40.4167 ], [ 37.0833, -39.7917 ], [ 37.2917, -39.7917 ], [ 37.2917, -39.5833 ], [ 37.7083, -39.375 ], [ 37.7083, -38.9583 ], [ 37.9167, -38.9583 ], [ 38.3333, -38.9583 ], [ 38.3333, -38.75 ], [ 38.9583, -38.75 ], [ 39.1667, -38.9583 ], [ 39.375, -39.375 ], [ 40.0, -39.5833 ], [ 40.2083, -39.1667 ], [ 40.0, -38.75 ], [ 40.0, -38.5417 ], [ 40.2083, -38.3333 ], [ 40.625, -37.9167 ], [ 40.625, -37.7083 ], [ 41.0417, -37.7083 ], [ 41.4583, -37.9167 ], [ 41.6667, -38.125 ], [ 41.6667, -38.3333 ], [ 41.875, -38.5417 ], [ 42.2917, -38.5417 ], [ 42.7083, -38.3333 ], [ 42.7083, -38.125 ], [ 42.9167, -37.9167 ], [ 42.9167, -37.7083 ], [ 43.5417, -37.5 ], [ 43.5417, -37.7083 ], [ 43.9583, -37.7083 ], [ 43.9583, -37.9167 ], [ 44.5833, -37.9167 ], [ 44.5833, -37.5 ], [ 44.7917, -37.2917 ], [ 44.7917, -37.0833 ], [ 45.0, -36.6667 ], [ 45.2083, -36.4583 ], [ 45.2083, -36.25 ], [ 45.4167, -36.25 ], [ 45.625, -35.8333 ], [ 45.8333, -35.625 ], [ 46.0417, -35.8333 ], [ 46.25, -36.25 ], [ 45.8333, -36.4583 ], [ 45.8333, -36.875 ], [ 46.0417, -37.0833 ], [ 46.4583, -37.0833 ], [ 46.6667, -37.5 ], [ 46.875, -37.5 ], [ 47.0833, -37.5 ], [ 47.5, -37.0833 ], [ 47.5, -36.875 ], [ 47.7083, -36.6667 ], [ 47.7083, -36.4583 ], [ 47.9167, -36.4583 ], [ 47.9167, -36.0417 ], [ 48.3333, -35.8333 ], [ 48.3333, -35.2083 ], [ 48.125, -35.2083 ], [ 47.9167, -35.0 ], [ 47.7083, -35.0 ], [ 47.2917, -34.5833 ], [ 46.875, -34.1667 ], [ 46.875, -33.75 ], [ 46.4583, -33.3333 ], [ 46.25, -33.3333 ], [ 46.0417, -33.125 ], [ 46.4583, -32.7083 ], [ 46.0417, -32.5 ], [ 46.0417, -32.0833 ], [ 46.0417, -31.875 ], [ 46.25, -31.6667 ], [ 46.25, -31.25 ], [ 46.25, -31.0417 ], [ 46.25, -30.8333 ], [ 46.0417, -30.625 ], [ 45.8333, -30.625 ], [ 45.8333, -30.4167 ], [ 45.625, -30.4167 ], [ 45.4167, -30.2083 ], [ 45.4167, -29.7917 ], [ 45.4167, -29.5833 ], [ 45.4167, -29.375 ], [ 45.2083, -29.375 ], [ 44.7917, -28.9583 ], [ 44.7917, -28.5417 ], [ 44.5833, -28.125 ], [ 44.5833, -27.7083 ], [ 44.7917, -27.7083 ], [ 44.7917, -27.2917 ], [ 45.0, -27.0833 ], [ 45.0, -26.875 ], [ 44.7917, -26.6667 ], [ 44.7917, -26.25 ], [ 45.0, -26.0417 ], [ 45.2083, -26.0417 ], [ 45.4167, -25.8333 ], [ 45.625, -25.4167 ], [ 45.4167, -25.0 ], [ 45.4167, -24.7917 ], [ 45.625, -24.5833 ], [ 45.625, -24.1667 ], [ 45.625, -23.9583 ], [ 45.625, -23.75 ], [ 45.625, -23.5417 ], [ 45.625, -23.3333 ], [ 45.625, -23.125 ], [ 45.8333, -22.9167 ], [ 46.0417, -22.5 ], [ 46.0417, -22.2917 ], [ 46.0417, -22.0833 ], [ 46.0417, -21.875 ], [ 46.0417, -21.6667 ], [ 46.0417, -21.4583 ], [ 46.4583, -21.25 ], [ 46.6667, -21.4583 ], [ 46.875, -21.25 ], [ 47.2917, -21.4583 ], [ 47.5, -21.0417 ], [ 47.5, -20.8333 ], [ 47.5, -20.4167 ], [ 47.9167, -20.4167 ], [ 48.125, -20.2083 ], [ 48.5417, -20.2083 ], [ 48.5417, -19.7917 ], [ 48.5417, -19.375 ], [ 48.3333, -19.1667 ], [ 48.3333, -18.75 ], [ 48.125, -18.75 ], [ 48.125, -18.5417 ], [ 48.3333, -18.125 ], [ 48.75, -18.125 ], [ 48.9583, -18.3333 ], [ 49.1667, -18.3333 ], [ 49.5833, -18.3333 ], [ 49.7917, -18.125 ], [ 50.0, -17.9167 ], [ 50.4167, -18.125 ], [ 50.8333, -17.9167 ], [ 50.625, -17.5 ], [ 50.0, -17.5 ], [ 50.0, -17.2917 ], [ 50.2083, -16.875 ], [ 50.0, -16.875 ], [ 50.2083, -16.4583 ], [ 50.0, -16.25 ], [ 50.2083, -16.25 ], [ 50.0, -15.625 ], [ 50.2083, -15.4167 ], [ 50.2083, -15.2083 ], [ 51.0417, -15.2083 ], [ 51.25, -15.2083 ], [ 51.6667, -15.2083 ], [ 51.875, -15.0 ], [ 52.0833, -15.0 ], [ 52.2917, -14.5833 ], [ 52.5, -14.375 ], [ 52.9167, -14.5833 ], [ 52.9167, -14.7917 ], [ 53.3333, -14.7917 ], [ 53.5417, -14.5833 ], [ 53.5417, -14.1667 ], [ 53.75, -13.9583 ], [ 53.75, -13.5417 ], [ 53.9583, -13.3333 ], [ 53.9583, -12.9167 ], [ 54.1667, -12.9167 ], [ 54.375, -12.5 ], [ 54.375, -12.2917 ], [ 54.5833, -12.0833 ], [ 54.5833, -11.875 ], [ 54.1667, -11.875 ], [ 54.1667, -11.4583 ], [ 53.75, -11.4583 ], [ 53.5417, -11.4583 ], [ 53.5417, -11.0417 ], [ 53.9583, -11.0417 ], [ 53.9583, -10.625 ], [ 54.1667, -10.625 ], [ 54.375, -10.2083 ], [ 54.1667, -9.7917 ], [ 53.9583, -9.7917 ], [ 53.75, -9.5833 ], [ 53.3333, -9.375 ], [ 53.125, -9.1667 ], [ 52.9167, -9.1667 ], [ 52.9167, -8.75 ], [ 53.125, -8.5417 ], [ 53.3333, -8.3333 ], [ 53.5417, -8.3333 ], [ 53.75, -8.3333 ], [ 53.9583, -8.5417 ], [ 54.375, -8.3333 ], [ 54.375, -7.9167 ], [ 54.7917, -7.7083 ], [ 54.5833, -7.5 ], [ 54.7917, -7.2917 ], [ 54.7917, -7.0833 ], [ 54.1667, -6.875 ], [ 53.75, -6.6667 ], [ 53.75, -6.4583 ], [ 53.9583, -6.25 ], [ 54.375, -6.25 ], [ 54.375, -6.4583 ], [ 54.7917, -6.25 ], [ 55.0, -6.4583 ], [ 55.2083, -6.4583 ], [ 55.4167, -6.25 ], [ 55.4167, -5.8333 ], [ 55.2083, -5.625 ], [ 55.2083, -5.4167 ], [ 55.0, -5.0 ], [ 55.0, -4.375 ], [ 55.2083, -3.9583 ], [ 55.4167, -3.5417 ], [ 55.2083, -3.3333 ], [ 55.4167, -2.9167 ], [ 55.2083, -2.7083 ], [ 55.2083, -2.5 ], [ 55.4167, -2.5 ], [ 55.8333, -2.5 ], [ 56.25, -2.5 ], [ 56.4583, -2.7083 ], [ 56.875, -2.2917 ], [ 56.6667, -1.875 ], [ 56.4583, -1.875 ], [ 56.25, -1.875 ], [ 55.8333, -1.875 ], [ 55.625, -1.875 ], [ 55.4167, -1.875 ], [ 55.2083, -1.6667 ], [ 55.0, -1.875 ], [ 54.5833, -1.875 ], [ 54.375, -1.875 ], [ 54.375, -2.0833 ], [ 54.1667, -2.2917 ], [ 53.9583, -2.2917 ], [ 53.75, -1.875 ], [ 53.3333, -1.875 ], [ 53.125, -1.6667 ], [ 52.7083, -1.875 ], [ 52.5, -1.6667 ], [ 52.5, -1.25 ], [ 52.5, -1.0417 ], [ 52.5, -0.8333 ], [ 52.5, -0.625 ], [ 52.7083, -0.2083 ], [ 52.9167, 0.2083 ], [ 53.125, 0.2083 ], [ 53.3333, 0.8333 ], [ 53.5417, 0.8333 ], [ 53.5417, 1.0417 ], [ 53.9583, 1.25 ], [ 54.1667, 1.25 ], [ 54.1667, 1.0417 ], [ 54.375, 1.0417 ], [ 54.5833, 0.625 ], [ 55.0, 0.625 ], [ 55.2083, 0.625 ], [ 55.2083, 0.8333 ], [ 55.0, 1.25 ], [ 54.5833, 1.875 ], [ 54.7917, 2.0833 ], [ 54.5833, 2.0833 ], [ 54.7917, 2.5 ], [ 54.7917, 2.7083 ], [ 54.7917, 2.9167 ], [ 54.5833, 3.3333 ], [ 54.375, 3.5417 ], [ 54.1667, 3.5417 ], [ 53.75, 3.75 ], [ 53.75, 3.9583 ], [ 54.1667, 4.1667 ], [ 54.1667, 4.375 ], [ 54.375, 4.7917 ], [ 54.375, 5.0 ], [ 54.5833, 5.4167 ], [ 54.7917, 5.4167 ], [ 55.0, 5.2083 ], [ 55.4167, 5.4167 ], [ 55.8333, 5.4167 ], [ 55.8333, 6.0417 ], [ 56.25, 6.25 ], [ 56.4583, 6.0417 ], [ 56.875, 5.8333 ], [ 57.2917, 5.625 ], [ 57.5, 5.8333 ], [ 57.9167, 5.625 ], [ 57.9167, 5.8333 ], [ 58.3333, 5.625 ], [ 58.5417, 5.2083 ], [ 58.75, 5.2083 ], [ 58.9583, 5.0 ], [ 58.9583, 4.7917 ], [ 58.5417, 4.5833 ], [ 58.3333, 4.375 ], [ 58.3333, 4.1667 ], [ 58.5417, 3.75 ], [ 58.75, 3.75 ], [ 58.9583, 3.75 ], [ 59.1667, 3.75 ], [ 59.375, 3.75 ], [ 59.5833, 3.3333 ], [ 59.7917, 3.125 ], [ 59.7917, 2.9167 ], [ 60.0, 2.7083 ], [ 59.5833, 2.2917 ], [ 59.1667, 1.875 ], [ 59.1667, 1.6667 ], [ 59.5833, 1.4583 ], [ 59.7917, 1.4583 ], [ 60.0, 1.6667 ], [ 60.4167, 1.4583 ], [ 60.4167, 1.25 ], [ 60.8333, 1.0417 ], [ 61.0417, 1.25 ], [ 61.0417, 1.4583 ], [ 61.6667, 1.6667 ], [ 61.6667, 1.4583 ], [ 61.875, 1.0417 ], [ 62.0833, 0.8333 ], [ 62.0833, 0.625 ], [ 62.2917, 0.4167 ], [ 62.2917, 0.2083 ], [ 62.5, -0.2083 ], [ 62.7083, -0.625 ], [ 62.9167, -0.8333 ], [ 63.3333, -0.8333 ], [ 63.5417, -0.8333 ], [ 63.5417, -0.2083 ], [ 63.75, 0.0 ], [ 64.1667, -0.4167 ], [ 64.5833, -0.625 ], [ 64.7917, -0.625 ], [ 65.2083, -1.0417 ], [ 65.4167, -0.8333 ], [ 65.625, -1.0417 ], [ 66.25, -0.8333 ], [ 66.4583, -1.25 ], [ 66.6667, -1.4583 ], [ 66.875, -1.4583 ], [ 67.0833, -1.6667 ], [ 67.2917, -1.875 ], [ 67.0833, -2.0833 ], [ 67.2917, -2.5 ], [ 67.7083, -2.5 ], [ 67.9167, -2.5 ], [ 68.3333, -2.2917 ], [ 68.75, -2.5 ], [ 68.9583, -2.0833 ], [ 69.375, -2.0833 ], [ 69.375, -2.2917 ], [ 69.5833, -2.9167 ], [ 69.5833, -3.125 ], [ 70.2083, -3.3333 ], [ 70.625, -3.3333 ], [ 70.8333, -3.3333 ], [ 71.25, -3.125 ], [ 71.4583, -3.125 ], [ 71.6667, -3.125 ], [ 72.0833, -2.7083 ], [ 72.0833, -2.5 ], [ 72.2917, -2.5 ], [ 72.7083, -2.7083 ], [ 72.9167, -3.125 ], [ 73.3333, -3.125 ], [ 73.5417, -3.125 ], [ 73.9583, -3.125 ], [ 74.1667, -3.3333 ], [ 74.1667, -3.5417 ], [ 74.1667, -3.9583 ], [ 74.375, -4.1667 ], [ 74.7917, -4.1667 ], [ 75.0, -4.5833 ], [ 75.4167, -4.5833 ], [ 75.8333, -4.1667 ], [ 76.25, -4.1667 ], [ 76.25, -3.9583 ], [ 76.6667, -3.75 ], [ 76.875, -3.75 ], [ 77.2917, -4.1667 ], [ 77.7083, -4.5833 ], [ 77.9167, -4.375 ], [ 77.9167, -4.5833 ], [ 78.125, -5.0 ], [ 78.125, -5.2083 ], [ 78.125, -5.4167 ], [ 78.125, -5.625 ], [ 78.125, -5.8333 ], [ 78.3333, -6.25 ], [ 78.5417, -6.25 ], [ 78.9583, -6.25 ], [ 78.9583, -6.4583 ], [ 79.375, -6.4583 ], [ 79.5833, -6.6667 ], [ 79.7917, -6.6667 ], [ 80.0, -7.0833 ], [ 80.4167, -7.0833 ], [ 81.0417, -7.0833 ], [ 80.8333, -7.5 ], [ 81.25, -7.7083 ], [ 81.6667, -7.5 ], [ 81.875, -7.2917 ], [ 82.0833, -7.2917 ], [ 82.5, -7.2917 ], [ 82.9167, -7.5 ], [ 83.3333, -7.2917 ], [ 83.3333, -7.0833 ], [ 83.3333, -6.6667 ], [ 83.125, -6.4583 ], [ 83.125, -6.0417 ], [ 83.125, -5.8333 ], [ 83.3333, -5.625 ], [ 83.5417, -5.2083 ], [ 83.3333, -5.0 ], [ 82.9167, -4.7917 ], [ 82.7083, -4.5833 ], [ 82.5, -4.375 ], [ 82.7083, -3.75 ], [ 82.9167, -3.75 ], [ 82.9167, -3.3333 ], [ 83.125, -3.125 ], [ 83.125, -2.9167 ], [ 83.125, -2.7083 ], [ 83.125, -2.5 ], [ 83.125, -2.0833 ], [ 83.125, -1.6667 ], [ 83.5417, -1.4583 ], [ 83.9583, -1.6667 ], [ 84.1667, -1.6667 ], [ 84.375, -1.4583 ], [ 84.375, -1.25 ], [ 84.375, -0.8333 ], [ 84.1667, -0.625 ], [ 84.1667, -0.2083 ], [ 84.5833, 0.2083 ], [ 85.0, 0.2083 ], [ 85.0, 0.0 ], [ 85.2083, -0.2083 ], [ 85.4167, -0.4167 ], [ 85.8333, -0.2083 ], [ 86.0417, -0.4167 ], [ 86.25, -0.4167 ], [ 86.4583, -0.4167 ], [ 86.875, -0.2083 ], [ 87.2917, -0.625 ], [ 87.9167, -0.4167 ], [ 88.125, 0.0 ], [ 88.5417, -0.2083 ], [ 88.5417, -0.4167 ], [ 88.9583, -0.8333 ], [ 89.1667, -0.8333 ], [ 89.7917, -0.625 ], [ 90.2083, -0.4167 ], [ 90.4167, -0.4167 ], [ 90.625, -0.2083 ], [ 90.8333, 0.2083 ], [ 91.25, 0.625 ], [ 91.4583, 0.625 ], [ 91.875, 0.625 ], [ 92.0833, 0.4167 ], [ 92.5, 0.0 ], [ 92.9167, 0.2083 ], [ 92.9167, 0.4167 ], [ 93.5417, 0.8333 ], [ 93.75, 0.625 ], [ 94.1667, 0.625 ], [ 94.375, 0.8333 ], [ 95.0, 1.0417 ], [ 95.2083, 1.25 ], [ 95.625, 1.25 ], [ 95.8333, 1.25 ], [ 96.0417, 1.0417 ], [ 96.0417, 0.8333 ], [ 96.25, 0.2083 ], [ 96.6667, 0.2083 ], [ 96.875, 0.2083 ], [ 97.0833, 0.4167 ], [ 97.5, 0.625 ], [ 97.7083, 0.2083 ], [ 98.125, 0.2083 ], [ 98.125, 0.0 ], [ 98.5417, 0.0 ], [ 98.9583, -0.2083 ], [ 99.1667, -0.2083 ], [ 99.375, -0.2083 ], [ 99.5833, -0.2083 ], [ 100.2083, 0.0 ], [ 100.2083, 0.2083 ], [ 100.4167, 0.625 ], [ 101.0417, 0.625 ], [ 101.0417, 0.8333 ], [ 101.6667, 1.0417 ], [ 101.6667, 1.25 ], [ 101.4583, 1.6667 ], [ 101.4583, 1.875 ], [ 101.4583, 2.0833 ], [ 101.6667, 2.0833 ], [ 102.0833, 1.875 ], [ 102.2917, 1.6667 ], [ 102.5, 1.6667 ], [ 102.7083, 1.875 ], [ 103.125, 1.875 ], [ 103.3333, 1.875 ], [ 103.5417, 2.0833 ], [ 103.75, 2.0833 ], [ 103.9583, 2.0833 ], [ 104.1667, 2.0833 ], [ 104.375, 2.2917 ], [ 104.7917, 2.2917 ], [ 105.0, 2.2917 ], [ 105.2083, 2.2917 ], [ 105.625, 2.2917 ], [ 106.4583, 2.0833 ], [ 106.875, 2.0833 ], [ 107.0833, 2.2917 ], [ 107.5, 2.2917 ], [ 107.7083, 2.5 ], [ 107.9167, 2.9167 ], [ 108.5417, 2.9167 ], [ 108.5417, 3.125 ], [ 108.75, 3.125 ], [ 109.1667, 2.9167 ], [ 109.1667, 3.125 ], [ 109.7917, 2.9167 ], [ 109.7917, 2.7083 ], [ 109.5833, 2.2917 ], [ 109.375, 1.875 ], [ 109.375, 1.6667 ], [ 109.7917, 1.6667 ], [ 110.0, 1.875 ], [ 110.2083, 1.875 ], [ 110.4167, 2.0833 ], [ 110.625, 2.0833 ], [ 110.8333, 2.7083 ], [ 111.0417, 2.7083 ], [ 111.0417, 3.3333 ], [ 111.25, 3.3333 ], [ 111.25, 3.5417 ], [ 111.25, 3.75 ], [ 111.4583, 4.1667 ], [ 111.4583, 4.5833 ], [ 111.875, 4.7917 ], [ 112.0833, 4.7917 ], [ 112.2917, 5.0 ], [ 112.2917, 5.4167 ], [ 112.5, 5.8333 ], [ 112.5, 6.0417 ], [ 112.5, 6.25 ], [ 111.875, 6.4583 ], [ 111.6667, 6.25 ], [ 111.25, 6.25 ], [ 111.25, 6.0417 ], [ 111.0417, 6.0417 ], [ 110.625, 6.4583 ], [ 110.625, 6.875 ], [ 110.8333, 6.875 ], [ 111.0417, 7.2917 ], [ 110.8333, 7.7083 ], [ 110.4167, 7.7083 ], [ 110.2083, 7.7083 ], [ 109.7917, 7.5 ], [ 109.1667, 7.5 ], [ 108.9583, 7.9167 ], [ 109.1667, 8.3333 ], [ 109.1667, 8.5417 ], [ 109.1667, 8.75 ], [ 109.1667, 9.1667 ], [ 108.9583, 9.375 ], [ 108.9583, 9.5833 ], [ 108.5417, 9.7917 ], [ 108.5417, 10.2083 ], [ 108.3333, 10.4167 ], [ 108.3333, 10.625 ], [ 108.125, 10.8333 ], [ 108.125, 11.25 ], [ 108.3333, 11.25 ], [ 108.3333, 11.6667 ], [ 108.3333, 12.0833 ], [ 108.3333, 12.5 ], [ 107.7083, 12.5 ], [ 107.7083, 12.7083 ], [ 107.2917, 12.9167 ], [ 106.875, 13.125 ], [ 106.6667, 13.3333 ], [ 106.4583, 13.3333 ], [ 106.0417, 13.125 ], [ 105.8333, 13.125 ], [ 105.2083, 13.125 ], [ 105.2083, 13.3333 ], [ 105.4167, 13.5417 ], [ 105.2083, 13.75 ], [ 105.4167, 14.1667 ], [ 105.0, 14.375 ], [ 104.7917, 14.375 ], [ 104.5833, 14.375 ], [ 104.375, 14.375 ], [ 103.9583, 14.7917 ], [ 103.9583, 15.0 ], [ 103.75, 15.2083 ], [ 103.5417, 15.625 ], [ 103.3333, 15.8333 ], [ 103.125, 16.0417 ], [ 102.9167, 16.4583 ], [ 102.5, 16.4583 ], [ 101.875, 16.6667 ], [ 101.25, 16.4583 ], [ 101.0417, 16.4583 ], [ 100.8333, 16.25 ], [ 100.8333, 15.625 ], [ 100.4167, 15.4167 ], [ 100.4167, 15.2083 ], [ 99.7917, 15.0 ], [ 100.0, 15.625 ], [ 99.5833, 15.625 ], [ 99.375, 15.625 ], [ 99.1667, 15.625 ], [ 98.9583, 15.4167 ], [ 98.3333, 15.8333 ], [ 98.125, 15.8333 ], [ 97.9167, 15.8333 ], [ 97.7083, 15.625 ], [ 97.5, 15.8333 ], [ 97.2917, 15.625 ], [ 97.2917, 15.8333 ], [ 96.875, 15.625 ], [ 96.4583, 15.8333 ], [ 96.25, 15.8333 ], [ 96.0417, 15.8333 ], [ 95.625, 16.0417 ], [ 95.625, 16.6667 ], [ 95.2083, 16.6667 ], [ 95.0, 16.4583 ], [ 94.375, 16.4583 ], [ 93.9583, 16.4583 ], [ 93.5417, 16.6667 ], [ 93.125, 16.4583 ], [ 93.3333, 16.25 ], [ 92.9167, 15.8333 ], [ 92.7083, 15.625 ], [ 92.2917, 15.625 ], [ 92.2917, 16.0417 ], [ 91.875, 16.25 ], [ 91.6667, 16.4583 ], [ 91.4583, 16.25 ], [ 91.25, 16.4583 ], [ 90.8333, 16.4583 ], [ 90.625, 16.6667 ], [ 90.4167, 16.6667 ], [ 90.2083, 16.6667 ], [ 89.7917, 16.6667 ], [ 89.5833, 16.875 ], [ 89.1667, 16.875 ], [ 88.9583, 17.2917 ], [ 88.5417, 17.0833 ], [ 88.5417, 17.2917 ], [ 88.75, 17.9167 ], [ 88.5417, 17.9167 ], [ 88.75, 18.5417 ], [ 88.5417, 18.9583 ], [ 88.125, 18.9583 ], [ 87.9167, 18.9583 ], [ 87.9167, 18.5417 ], [ 87.7083, 18.125 ], [ 87.9167, 17.9167 ], [ 87.9167, 17.5 ], [ 88.125, 17.2917 ], [ 88.125, 16.875 ], [ 87.7083, 16.6667 ], [ 87.2917, 17.0833 ], [ 87.0833, 17.5 ], [ 86.6667, 17.5 ], [ 86.4583, 17.2917 ], [ 86.25, 17.5 ], [ 86.0417, 17.5 ], [ 86.0417, 17.9167 ], [ 86.0417, 18.125 ], [ 86.0417, 18.5417 ], [ 85.8333, 18.5417 ], [ 85.625, 18.5417 ], [ 85.2083, 18.75 ], [ 85.0, 19.1667 ], [ 84.5833, 19.375 ], [ 84.5833, 19.5833 ], [ 84.375, 19.5833 ], [ 83.75, 19.7917 ], [ 83.5417, 19.7917 ], [ 83.3333, 19.7917 ], [ 83.125, 19.375 ], [ 82.9167, 19.5833 ], [ 82.5, 19.1667 ], [ 82.2917, 18.75 ], [ 82.0833, 18.75 ], [ 81.6667, 19.1667 ], [ 81.6667, 19.375 ], [ 81.0417, 19.375 ], [ 81.0417, 19.1667 ], [ 80.4167, 19.375 ], [ 80.4167, 19.1667 ], [ 80.0, 19.1667 ], [ 79.7917, 18.75 ], [ 79.5833, 18.75 ], [ 79.375, 18.75 ], [ 78.9583, 18.75 ], [ 78.75, 18.9583 ], [ 78.3333, 18.9583 ], [ 78.3333, 18.75 ], [ 77.7083, 18.75 ], [ 77.5, 18.75 ], [ 77.0833, 18.75 ], [ 76.875, 18.9583 ], [ 76.6667, 19.1667 ], [ 76.4583, 19.375 ], [ 76.0417, 19.375 ], [ 75.8333, 19.1667 ], [ 75.625, 18.9583 ], [ 75.4167, 18.9583 ], [ 75.2083, 19.375 ], [ 75.2083, 19.5833 ], [ 74.7917, 19.7917 ], [ 74.5833, 19.7917 ], [ 74.5833, 19.5833 ], [ 74.1667, 19.7917 ], [ 74.1667, 19.5833 ], [ 73.5417, 19.5833 ], [ 73.5417, 19.375 ], [ 73.5417, 19.1667 ], [ 73.3333, 18.9583 ], [ 73.3333, 18.5417 ], [ 73.3333, 18.3333 ], [ 73.3333, 18.125 ], [ 73.125, 17.9167 ], [ 73.5417, 17.7083 ], [ 73.75, 17.5 ], [ 73.9583, 17.5 ], [ 74.1667, 17.5 ], [ 74.1667, 16.875 ], [ 73.9583, 16.875 ], [ 73.75, 16.4583 ], [ 73.5417, 16.4583 ], [ 73.3333, 16.25 ], [ 73.3333, 15.8333 ], [ 73.5417, 15.4167 ], [ 73.5417, 15.2083 ], [ 73.75, 14.7917 ], [ 73.5417, 14.7917 ], [ 73.5417, 14.375 ], [ 73.3333, 14.1667 ], [ 73.125, 14.1667 ], [ 72.7083, 13.9583 ], [ 72.7083, 13.75 ], [ 72.2917, 13.5417 ], [ 72.2917, 13.3333 ], [ 72.0833, 13.125 ], [ 71.875, 13.125 ], [ 71.875, 12.9167 ], [ 71.4583, 12.7083 ], [ 71.0417, 12.2917 ], [ 71.25, 12.0833 ], [ 71.0417, 11.875 ], [ 71.0417, 11.6667 ], [ 70.8333, 11.4583 ], [ 70.8333, 11.25 ], [ 70.625, 11.0417 ], [ 70.625, 10.8333 ], [ 70.2083, 10.8333 ], [ 70.0, 10.4167 ], [ 69.7917, 10.4167 ], [ 69.5833, 10.2083 ], [ 69.5833, 9.7917 ], [ 69.375, 9.375 ], [ 69.1667, 9.5833 ], [ 68.9583, 9.5833 ], [ 68.5417, 9.7917 ], [ 68.3333, 9.5833 ], [ 68.3333, 9.1667 ], [ 68.5417, 9.1667 ], [ 68.3333, 8.75 ], [ 68.125, 8.75 ], [ 67.7083, 8.5417 ], [ 67.5, 8.5417 ], [ 67.2917, 8.3333 ], [ 67.0833, 8.3333 ], [ 66.875, 8.125 ], [ 66.6667, 8.3333 ], [ 66.25, 8.125 ], [ 65.8333, 8.125 ], [ 65.625, 8.125 ], [ 65.4167, 8.125 ], [ 64.7917, 8.125 ], [ 64.7917, 7.9167 ], [ 64.7917, 7.5 ], [ 64.7917, 7.2917 ], [ 64.5833, 7.2917 ], [ 64.375, 7.2917 ], [ 64.1667, 7.5 ], [ 63.75, 7.5 ], [ 63.5417, 7.5 ], [ 63.3333, 7.2917 ], [ 62.9167, 7.0833 ], [ 62.9167, 6.875 ], [ 62.7083, 6.6667 ], [ 62.5, 6.4583 ], [ 62.2917, 6.6667 ], [ 62.0833, 6.4583 ], [ 61.875, 6.4583 ], [ 61.6667, 6.6667 ], [ 61.4583, 6.6667 ], [ 61.25, 6.875 ], [ 61.25, 7.5 ], [ 60.8333, 7.5 ], [ 60.625, 7.9167 ], [ 60.4167, 7.9167 ], [ 60.2083, 8.3333 ], [ 60.0, 8.9583 ], [ 59.5833, 8.9583 ], [ 59.375, 8.75 ], [ 59.1667, 8.75 ], [ 58.75, 8.75 ], [ 58.5417, 9.1667 ], [ 58.125, 9.1667 ], [ 57.9167, 9.5833 ], [ 57.7083, 9.5833 ], [ 57.5, 9.7917 ], [ 57.2917, 9.7917 ], [ 56.875, 10.0 ], [ 56.25, 10.2083 ], [ 55.8333, 10.2083 ], [ 55.625, 10.4167 ], [ 55.4167, 10.4167 ], [ 55.2083, 10.625 ], [ 55.2083, 11.0417 ], [ 55.2083, 11.4583 ], [ 55.2083, 12.0833 ], [ 55.0, 12.2917 ], [ 54.5833, 12.2917 ], [ 54.5833, 12.0833 ], [ 53.9583, 12.0833 ], [ 53.5417, 12.5 ], [ 53.5417, 12.9167 ], [ 53.5417, 13.5417 ], [ 53.5417, 13.9583 ], [ 53.5417, 14.375 ], [ 53.75, 14.5833 ], [ 53.5417, 14.7917 ], [ 53.75, 15.0 ], [ 53.5417, 15.2083 ], [ 53.5417, 15.8333 ], [ 53.75, 15.8333 ], [ 53.9583, 16.0417 ], [ 54.1667, 16.25 ], [ 54.375, 16.0417 ], [ 54.5833, 16.6667 ], [ 54.5833, 16.875 ], [ 54.375, 17.0833 ], [ 54.1667, 17.2917 ], [ 54.1667, 17.5 ], [ 53.9583, 17.9167 ], [ 53.9583, 18.125 ], [ 54.1667, 18.125 ], [ 54.375, 18.125 ], [ 54.7917, 18.3333 ], [ 55.0, 18.75 ], [ 55.2083, 19.1667 ], [ 55.0, 19.5833 ], [ 55.2083, 19.7917 ], [ 55.2083, 20.0 ], [ 55.2083, 20.4167 ], [ 55.2083, 20.625 ], [ 55.4167, 21.0417 ], [ 55.8333, 21.0417 ], [ 55.8333, 21.4583 ], [ 55.8333, 21.6667 ], [ 55.8333, 22.0833 ], [ 55.8333, 22.5 ], [ 56.0417, 22.7083 ], [ 55.8333, 23.3333 ], [ 56.0417, 23.5417 ], [ 56.25, 23.5417 ], [ 56.4583, 23.5417 ], [ 56.6667, 23.75 ], [ 56.6667, 24.1667 ], [ 56.6667, 24.5833 ], [ 56.875, 24.7917 ], [ 56.6667, 25.2083 ], [ 56.875, 25.625 ], [ 57.0833, 25.625 ], [ 57.2917, 25.8333 ], [ 57.5, 25.8333 ], [ 57.9167, 26.25 ], [ 57.9167, 26.4583 ], [ 58.125, 26.4583 ], [ 58.3333, 26.6667 ], [ 58.75, 26.875 ], [ 58.75, 27.0833 ], [ 59.1667, 27.0833 ], [ 59.375, 27.0833 ], [ 59.7917, 27.5 ], [ 59.7917, 27.7083 ], [ 60.0, 27.9167 ], [ 60.4167, 28.3333 ], [ 60.625, 28.125 ], [ 61.0417, 28.3333 ], [ 61.25, 28.3333 ], [ 61.4583, 28.5417 ], [ 61.6667, 28.5417 ], [ 62.0833, 28.5417 ], [ 62.2917, 28.5417 ], [ 62.2917, 28.3333 ], [ 62.9167, 28.5417 ], [ 63.125, 28.75 ], [ 62.9167, 29.1667 ], [ 63.125, 29.375 ], [ 63.125, 29.5833 ], [ 63.5417, 29.7917 ], [ 63.5417, 30.2083 ], [ 63.125, 30.2083 ], [ 62.9167, 30.2083 ], [ 62.9167, 30.625 ], [ 63.3333, 31.0417 ], [ 63.75, 31.4583 ], [ 63.9583, 31.875 ], [ 63.9583, 32.0833 ], [ 64.375, 32.5 ], [ 64.5833, 32.5 ], [ 64.7917, 32.2917 ], [ 65.2083, 32.2917 ], [ 65.4167, 32.5 ], [ 65.625, 32.5 ], [ 66.0417, 32.5 ], [ 66.25, 32.5 ], [ 66.4583, 32.2917 ], [ 66.6667, 32.0833 ], [ 66.6667, 31.875 ], [ 67.0833, 31.4583 ], [ 67.2917, 31.4583 ], [ 67.5, 31.875 ], [ 67.5, 32.0833 ], [ 67.9167, 32.5 ], [ 68.3333, 32.7083 ], [ 68.75, 32.5 ], [ 68.9583, 32.7083 ], [ 69.1667, 32.9167 ], [ 69.5833, 33.125 ], [ 70.0, 33.5417 ], [ 70.4167, 33.3333 ], [ 70.625, 33.3333 ], [ 70.8333, 33.125 ], [ 71.0417, 33.3333 ], [ 71.4583, 33.125 ], [ 71.875, 33.3333 ], [ 72.2917, 33.3333 ], [ 72.2917, 33.125 ], [ 72.5, 33.125 ], [ 72.9167, 33.3333 ], [ 73.125, 33.5417 ], [ 73.3333, 33.75 ], [ 73.5417, 33.9583 ], [ 74.1667, 34.375 ], [ 74.1667, 34.5833 ], [ 74.375, 34.5833 ], [ 74.5833, 34.7917 ], [ 74.7917, 34.7917 ], [ 75.0, 35.4167 ], [ 74.5833, 35.2083 ], [ 74.375, 35.4167 ], [ 74.1667, 35.625 ], [ 74.1667, 35.8333 ], [ 74.1667, 36.25 ], [ 74.1667, 36.6667 ], [ 74.1667, 36.875 ], [ 74.5833, 36.875 ], [ 74.7917, 36.875 ], [ 75.0, 37.0833 ], [ 75.2083, 37.2917 ], [ 75.2083, 37.5 ], [ 75.4167, 37.7083 ], [ 75.625, 38.125 ], [ 75.4167, 38.125 ], [ 75.8333, 38.5417 ], [ 75.4167, 38.9583 ], [ 75.2083, 38.9583 ], [ 75.0, 39.1667 ], [ 75.0, 39.7917 ], [ 75.0, 40.0 ], [ 75.0, 40.4167 ], [ 75.0, 40.8333 ], [ 75.625, 41.0417 ], [ 75.8333, 41.4583 ], [ 75.625, 41.875 ], [ 75.4167, 42.0833 ], [ 75.2083, 42.2917 ], [ 75.2083, 42.7083 ], [ 75.625, 42.9167 ], [ 75.8333, 43.125 ], [ 75.8333, 43.3333 ], [ 75.8333, 43.75 ], [ 75.2083, 43.75 ], [ 75.2083, 43.9583 ], [ 75.0, 44.1667 ], [ 75.4167, 44.375 ], [ 75.4167, 44.5833 ], [ 75.625, 44.7917 ], [ 75.8333, 45.0 ], [ 75.625, 45.4167 ], [ 75.4167, 45.4167 ], [ 75.0, 45.625 ], [ 75.0, 45.8333 ], [ 75.0, 46.0417 ], [ 74.7917, 46.25 ], [ 74.7917, 46.6667 ], [ 74.7917, 47.0833 ], [ 75.0, 47.2917 ], [ 75.0, 47.7083 ], [ 75.2083, 47.9167 ], [ 75.2083, 48.3333 ], [ 75.2083, 48.5417 ], [ 75.2083, 48.75 ], [ 75.2083, 48.9583 ], [ 75.0, 49.1667 ], [ 75.2083, 49.375 ], [ 75.0, 49.5833 ], [ 75.2083, 49.7917 ], [ 75.0, 50.2083 ], [ 75.4167, 50.625 ], [ 75.4167, 50.8333 ], [ 76.0417, 51.0417 ], [ 76.25, 51.4583 ], [ 76.4583, 51.875 ], [ 76.4583, 52.0833 ], [ 76.4583, 52.5 ], [ 76.0417, 52.9167 ], [ 75.8333, 52.9167 ], [ 75.625, 53.125 ], [ 75.625, 53.75 ], [ 75.625, 53.9583 ], [ 75.8333, 54.1667 ], [ 75.8333, 54.375 ], [ 75.625, 54.5833 ], [ 75.8333, 54.7917 ], [ 75.625, 55.2083 ], [ 75.8333, 55.4167 ], [ 75.8333, 55.625 ], [ 75.625, 56.25 ], [ 75.4167, 56.6667 ], [ 75.2083, 56.875 ], [ 74.7917, 57.2917 ], [ 74.5833, 57.2917 ], [ 74.5833, 57.5 ], [ 74.5833, 57.7083 ], [ 74.375, 57.9167 ], [ 74.375, 58.125 ], [ 74.375, 58.5417 ], [ 74.375, 58.75 ], [ 74.5833, 58.9583 ], [ 74.7917, 58.9583 ], [ 74.7917, 59.375 ], [ 74.7917, 59.5833 ], [ 74.375, 60.0 ], [ 74.7917, 60.4167 ], [ 75.2083, 60.4167 ], [ 75.4167, 60.4167 ], [ 75.8333, 60.8333 ], [ 75.8333, 61.25 ], [ 75.625, 61.4583 ], [ 75.625, 61.875 ], [ 75.625, 62.2917 ], [ 75.625, 62.5 ], [ 75.625, 62.9167 ], [ 75.625, 63.125 ], [ 75.8333, 63.125 ], [ 75.8333, 63.3333 ], [ 75.8333, 63.75 ], [ 76.0417, 63.9583 ], [ 75.625, 64.5833 ], [ 75.8333, 64.7917 ], [ 76.0417, 64.7917 ], [ 76.25, 65.4167 ], [ 76.4583, 65.4167 ], [ 76.4583, 65.625 ], [ 76.6667, 65.8333 ], [ 76.875, 66.0417 ], [ 77.0833, 66.0417 ], [ 77.2917, 66.25 ], [ 77.5, 66.25 ], [ 77.7083, 66.4583 ], [ 77.9167, 66.4583 ], [ 78.125, 66.4583 ], [ 78.3333, 66.4583 ], [ 78.5417, 66.4583 ], [ 78.75, 66.4583 ], [ 78.9583, 66.6667 ], [ 78.9583, 66.875 ], [ 79.1667, 67.2917 ], [ 79.1667, 67.7083 ], [ 79.1667, 67.9167 ], [ 79.1667, 68.125 ], [ 79.375, 68.3333 ], [ 79.5833, 68.3333 ], [ 79.7917, 68.75 ], [ 80.0, 68.75 ], [ 80.4167, 68.75 ], [ 80.625, 68.9583 ], [ 80.8333, 68.75 ], [ 81.25, 68.75 ], [ 81.6667, 68.9583 ], [ 81.6667, 69.375 ], [ 81.875, 69.375 ], [ 82.0833, 69.5833 ], [ 82.2917, 69.375 ], [ 82.7083, 69.375 ], [ 83.125, 69.5833 ], [ 83.5417, 69.7917 ], [ 83.75, 69.5833 ], [ 84.1667, 69.5833 ], [ 84.375, 69.375 ], [ 84.5833, 69.375 ], [ 85.0, 69.7917 ], [ 85.0, 70.0 ], [ 85.0, 70.2083 ], [ 85.2083, 70.4167 ], [ 85.625, 70.4167 ], [ 86.0417, 70.4167 ], [ 86.0417, 70.625 ], [ 86.25, 70.625 ], [ 86.4583, 70.8333 ], [ 86.4583, 71.25 ], [ 86.4583, 71.6667 ], [ 86.4583, 71.875 ], [ 86.875, 72.0833 ], [ 87.0833, 72.0833 ], [ 87.0833, 72.2917 ], [ 87.5, 72.5 ], [ 87.5, 72.7083 ], [ 87.9167, 72.9167 ], [ 88.125, 72.7083 ], [ 88.5417, 72.7083 ], [ 88.75, 72.5 ], [ 88.9583, 72.5 ], [ 89.1667, 72.2917 ], [ 89.375, 72.9167 ], [ 89.7917, 72.9167 ], [ 90.0, 73.125 ], [ 90.0, 73.3333 ], [ 90.0, 73.5417 ], [ 90.0, 73.75 ], [ 90.2083, 74.1667 ], [ 90.0, 74.375 ], [ 90.2083, 74.5833 ], [ 90.0, 74.7917 ], [ 90.0, 75.4167 ], [ 90.0, 75.8333 ], [ 90.2083, 75.8333 ], [ 90.2083, 76.0417 ], [ 90.4167, 76.4583 ], [ 90.8333, 76.25 ], [ 91.0417, 76.0417 ], [ 91.4583, 76.0417 ], [ 91.6667, 76.25 ], [ 92.0833, 76.4583 ], [ 92.2917, 76.4583 ], [ 92.5, 76.6667 ], [ 92.7083, 76.875 ], [ 92.7083, 77.2917 ], [ 92.9167, 77.2917 ], [ 93.125, 77.9167 ], [ 93.5417, 77.9167 ], [ 93.75, 77.9167 ], [ 94.1667, 77.9167 ], [ 94.375, 78.125 ], [ 94.7917, 77.9167 ], [ 95.0, 78.125 ], [ 95.4167, 78.125 ], [ 95.4167, 78.3333 ], [ 95.2083, 78.75 ], [ 95.8333, 78.9583 ], [ 96.0417, 79.1667 ], [ 96.0417, 79.375 ], [ 96.4583, 79.375 ], [ 96.6667, 79.5833 ], [ 96.875, 79.7917 ], [ 97.2917, 80.2083 ], [ 97.5, 80.0 ], [ 97.7083, 80.4167 ], [ 98.125, 80.4167 ], [ 98.125, 80.625 ], [ 98.5417, 80.8333 ], [ 98.9583, 80.8333 ], [ 99.1667, 80.8333 ], [ 99.375, 80.625 ], [ 99.5833, 80.625 ], [ 100.0, 80.2083 ], [ 100.2083, 80.2083 ], [ 100.625, 80.2083 ], [ 100.8333, 80.4167 ], [ 100.8333, 80.8333 ], [ 100.8333, 81.0417 ], [ 101.0417, 81.25 ], [ 101.4583, 81.25 ], [ 101.6667, 81.0417 ], [ 101.875, 81.0417 ], [ 102.0833, 80.8333 ], [ 102.2917, 81.0417 ], [ 102.5, 80.8333 ], [ 102.9167, 80.8333 ], [ 103.5417, 81.0417 ], [ 103.5417, 81.25 ], [ 103.75, 81.4583 ], [ 103.9583, 81.4583 ], [ 104.1667, 81.875 ], [ 104.5833, 81.875 ], [ 104.5833, 81.4583 ], [ 104.7917, 80.8333 ], [ 105.0, 80.8333 ], [ 105.2083, 81.0417 ], [ 105.625, 81.0417 ], [ 105.625, 81.25 ], [ 105.8333, 81.25 ], [ 106.0417, 81.25 ], [ 106.25, 81.25 ], [ 106.4583, 81.0417 ], [ 106.6667, 81.0417 ], [ 106.875, 80.8333 ], [ 107.0833, 80.8333 ], [ 107.5, 80.625 ], [ 107.5, 80.4167 ], [ 107.5, 80.0 ], [ 107.7083, 80.0 ], [ 107.9167, 79.5833 ], [ 108.125, 79.375 ], [ 108.5417, 79.7917 ], [ 108.75, 79.5833 ], [ 109.1667, 79.5833 ], [ 109.375, 79.375 ], [ 109.1667, 78.9583 ], [ 109.375, 78.75 ], [ 109.1667, 78.5417 ], [ 109.1667, 78.125 ], [ 109.375, 77.7083 ], [ 109.375, 77.2917 ], [ 109.5833, 77.2917 ], [ 109.7917, 77.2917 ], [ 110.0, 77.2917 ], [ 110.2083, 77.2917 ], [ 110.625, 76.875 ], [ 110.625, 76.6667 ], [ 110.8333, 76.0417 ], [ 110.625, 76.0417 ], [ 110.4167, 75.4167 ], [ 110.625, 75.4167 ], [ 110.625, 75.2083 ], [ 110.625, 75.0 ], [ 110.8333, 75.0 ], [ 111.4583, 75.0 ], [ 111.4583, 74.5833 ], [ 111.4583, 74.375 ], [ 111.4583, 73.9583 ], [ 111.6667, 73.75 ], [ 111.6667, 73.5417 ], [ 111.875, 73.3333 ], [ 112.2917, 73.5417 ], [ 112.7083, 73.5417 ], [ 113.125, 73.5417 ], [ 113.125, 73.125 ], [ 113.125, 72.9167 ], [ 113.5417, 72.7083 ], [ 113.5417, 72.5 ], [ 113.5417, 71.875 ], [ 113.9583, 71.6667 ], [ 114.1667, 71.6667 ], [ 114.375, 71.6667 ], [ 114.5833, 71.875 ], [ 114.7917, 71.875 ], [ 115.2083, 71.875 ], [ 115.4167, 71.875 ], [ 115.4167, 71.4583 ], [ 115.8333, 71.25 ], [ 116.25, 70.625 ], [ 116.0417, 70.4167 ], [ 115.625, 70.0 ], [ 115.8333, 70.0 ], [ 116.0417, 69.5833 ], [ 116.4583, 69.5833 ], [ 116.875, 69.5833 ], [ 117.0833, 69.5833 ], [ 117.7083, 69.5833 ], [ 117.7083, 69.375 ], [ 118.3333, 69.375 ], [ 118.75, 69.5833 ], [ 118.9583, 69.5833 ], [ 119.1667, 69.375 ], [ 119.375, 69.5833 ], [ 119.7917, 69.1667 ], [ 120.2083, 69.1667 ], [ 120.4167, 68.9583 ], [ 120.625, 69.1667 ], [ 121.25, 69.1667 ], [ 121.25, 68.9583 ], [ 121.4583, 68.9583 ], [ 121.875, 69.1667 ], [ 122.0833, 69.1667 ], [ 122.0833, 69.375 ], [ 122.2917, 69.5833 ], [ 122.7083, 70.0 ], [ 123.125, 70.2083 ], [ 123.125, 70.625 ], [ 123.3333, 70.8333 ], [ 123.3333, 71.0417 ], [ 123.5417, 71.25 ], [ 124.1667, 71.4583 ], [ 124.375, 71.875 ], [ 124.375, 72.0833 ], [ 124.5833, 72.0833 ], [ 125.0, 72.2917 ], [ 125.4167, 71.875 ], [ 125.625, 71.875 ], [ 125.8333, 71.875 ], [ 126.0417, 71.875 ], [ 126.6667, 72.2917 ], [ 126.6667, 72.5 ], [ 126.6667, 72.7083 ], [ 126.875, 72.7083 ], [ 127.0833, 72.7083 ], [ 127.5, 72.7083 ], [ 127.9167, 72.9167 ], [ 128.125, 72.9167 ], [ 128.5417, 72.9167 ], [ 128.75, 72.5 ], [ 128.75, 72.2917 ], [ 128.9583, 71.875 ], [ 129.375, 71.875 ], [ 129.375, 72.0833 ], [ 129.7917, 71.875 ], [ 129.7917, 72.0833 ], [ 130.2083, 72.0833 ], [ 130.4167, 71.875 ], [ 130.8333, 71.6667 ], [ 130.8333, 71.875 ], [ 131.25, 71.6667 ], [ 131.4583, 71.875 ], [ 132.0833, 71.875 ], [ 132.5, 71.875 ], [ 132.7083, 71.6667 ], [ 133.125, 71.6667 ], [ 133.5417, 71.875 ], [ 134.1667, 71.875 ], [ 134.5833, 72.0833 ], [ 134.7917, 71.6667 ], [ 134.7917, 71.4583 ], [ 134.7917, 71.25 ], [ 134.7917, 71.0417 ], [ 134.7917, 70.4167 ], [ 135.2083, 70.4167 ], [ 135.4167, 70.2083 ], [ 135.625, 70.2083 ], [ 135.625, 70.0 ], [ 136.0417, 69.7917 ], [ 136.4583, 69.7917 ], [ 136.6667, 69.5833 ], [ 136.6667, 69.1667 ], [ 136.6667, 68.75 ], [ 136.6667, 68.3333 ], [ 136.6667, 68.125 ], [ 137.0833, 68.3333 ], [ 137.0833, 68.5417 ], [ 137.7083, 68.75 ], [ 137.9167, 68.5417 ], [ 137.7083, 68.125 ], [ 137.9167, 67.9167 ], [ 137.7083, 67.5 ], [ 138.125, 67.0833 ], [ 138.3333, 67.0833 ], [ 138.75, 67.0833 ], [ 138.75, 66.875 ], [ 138.75, 66.6667 ], [ 138.9583, 66.4583 ], [ 138.9583, 66.25 ], [ 138.9583, 66.0417 ], [ 138.75, 65.625 ], [ 139.1667, 65.2083 ], [ 139.1667, 65.0 ], [ 139.375, 64.7917 ], [ 139.375, 64.375 ], [ 139.1667, 64.1667 ], [ 138.75, 63.9583 ], [ 138.75, 63.75 ], [ 138.75, 63.5417 ], [ 138.9583, 63.125 ], [ 139.1667, 62.5 ], [ 138.9583, 62.2917 ], [ 138.9583, 62.0833 ], [ 138.9583, 61.6667 ], [ 139.1667, 61.4583 ], [ 139.1667, 61.0417 ], [ 139.375, 60.8333 ], [ 139.375, 60.4167 ], [ 139.5833, 60.0 ], [ 139.375, 59.5833 ], [ 139.1667, 59.5833 ], [ 138.75, 59.375 ], [ 138.5417, 59.375 ], [ 138.3333, 59.1667 ], [ 138.3333, 58.9583 ], [ 137.9167, 58.75 ], [ 137.9167, 58.5417 ], [ 137.9167, 58.125 ], [ 137.7083, 57.9167 ], [ 137.9167, 57.5 ], [ 137.9167, 57.2917 ], [ 137.7083, 57.0833 ], [ 137.7083, 56.875 ], [ 137.2917, 56.6667 ], [ 137.2917, 56.25 ], [ 137.0833, 56.25 ], [ 137.2917, 55.625 ], [ 136.875, 55.4167 ], [ 136.875, 55.2083 ], [ 136.6667, 55.0 ], [ 136.4583, 54.5833 ], [ 136.4583, 54.375 ], [ 136.25, 54.1667 ], [ 136.0417, 53.75 ], [ 135.8333, 53.75 ], [ 135.625, 53.3333 ], [ 135.4167, 53.3333 ], [ 135.4167, 52.9167 ], [ 135.0, 52.7083 ], [ 134.7917, 52.9167 ], [ 134.5833, 52.7083 ], [ 134.375, 52.7083 ], [ 134.1667, 52.5 ], [ 133.75, 52.0833 ], [ 133.3333, 52.0833 ], [ 132.9167, 52.0833 ], [ 132.7083, 51.875 ], [ 132.2917, 51.875 ], [ 132.0833, 52.0833 ], [ 131.6667, 52.2917 ], [ 131.4583, 52.0833 ], [ 131.25, 52.2917 ], [ 130.8333, 52.2917 ], [ 130.4167, 52.0833 ], [ 130.0, 52.0833 ], [ 129.5833, 52.2917 ], [ 129.375, 52.5 ], [ 129.375, 52.7083 ], [ 129.375, 53.125 ], [ 128.75, 53.125 ], [ 128.75, 53.3333 ], [ 128.5417, 53.3333 ], [ 128.3333, 53.5417 ], [ 127.9167, 53.75 ], [ 127.7083, 53.75 ], [ 127.5, 53.75 ], [ 127.5, 53.3333 ], [ 127.5, 52.9167 ], [ 127.2917, 52.5 ], [ 127.5, 52.2917 ], [ 127.2917, 51.875 ], [ 127.0833, 51.6667 ], [ 127.0833, 51.25 ], [ 126.875, 51.0417 ], [ 127.0833, 50.8333 ], [ 126.6667, 50.625 ], [ 126.6667, 50.4167 ], [ 126.4583, 50.2083 ], [ 126.6667, 49.7917 ], [ 126.4583, 49.375 ], [ 126.0417, 49.5833 ], [ 125.8333, 49.1667 ], [ 125.625, 49.375 ], [ 125.4167, 49.1667 ], [ 125.2083, 49.1667 ], [ 125.0, 49.375 ], [ 124.7917, 49.5833 ], [ 124.5833, 49.5833 ], [ 124.375, 49.7917 ], [ 124.1667, 49.5833 ], [ 124.1667, 49.1667 ], [ 123.75, 48.9583 ], [ 123.5417, 48.9583 ], [ 123.5417, 49.1667 ], [ 123.125, 49.1667 ], [ 122.9167, 49.375 ], [ 122.7083, 49.375 ], [ 122.7083, 48.75 ], [ 122.9167, 48.75 ], [ 123.125, 48.3333 ], [ 123.5417, 48.125 ], [ 123.5417, 47.5 ], [ 123.5417, 47.0833 ], [ 123.3333, 46.875 ], [ 123.5417, 46.6667 ], [ 123.3333, 46.4583 ], [ 122.9167, 46.25 ], [ 122.9167, 46.0417 ], [ 122.9167, 45.8333 ], [ 122.9167, 45.625 ], [ 122.9167, 45.4167 ], [ 122.9167, 45.0 ], [ 123.125, 44.7917 ], [ 122.9167, 44.5833 ], [ 122.9167, 44.375 ], [ 122.2917, 44.375 ], [ 122.0833, 44.1667 ], [ 122.5, 43.75 ], [ 122.9167, 43.9583 ], [ 123.125, 43.75 ], [ 123.5417, 43.5417 ], [ 123.5417, 43.3333 ], [ 123.9583, 43.125 ], [ 124.1667, 43.3333 ], [ 124.1667, 43.5417 ], [ 124.5833, 43.75 ], [ 124.5833, 43.9583 ], [ 125.0, 44.1667 ], [ 125.2083, 44.1667 ], [ 125.0, 43.5417 ], [ 125.4167, 43.5417 ], [ 125.4167, 43.3333 ], [ 125.8333, 42.9167 ], [ 125.625, 42.7083 ], [ 125.625, 42.5 ], [ 125.4167, 42.5 ], [ 125.0, 42.2917 ], [ 124.7917, 42.2917 ], [ 124.5833, 41.875 ], [ 124.375, 41.875 ], [ 124.375, 41.4583 ], [ 124.1667, 41.0417 ], [ 123.9583, 41.0417 ], [ 123.5417, 40.625 ], [ 123.75, 40.4167 ], [ 123.9583, 40.2083 ], [ 123.9583, 40.0 ], [ 124.1667, 39.7917 ], [ 124.375, 39.5833 ], [ 124.375, 38.9583 ], [ 124.375, 38.75 ], [ 124.375, 38.3333 ], [ 124.5833, 38.3333 ], [ 125.0, 38.3333 ], [ 125.2083, 38.3333 ], [ 125.4167, 38.125 ], [ 125.4167, 37.7083 ], [ 125.0, 37.5 ], [ 124.5833, 37.7083 ], [ 124.375, 37.5 ], [ 124.1667, 37.7083 ], [ 123.9583, 37.5 ], [ 123.75, 37.5 ], [ 123.5417, 37.2917 ], [ 123.5417, 36.875 ], [ 123.3333, 36.875 ], [ 123.3333, 36.4583 ], [ 123.5417, 36.25 ], [ 123.5417, 36.0417 ], [ 122.9167, 35.625 ], [ 122.7083, 35.625 ], [ 122.5, 35.625 ], [ 122.2917, 35.4167 ], [ 122.0833, 35.2083 ], [ 121.6667, 35.0 ], [ 121.6667, 34.5833 ], [ 121.25, 34.5833 ], [ 121.0417, 34.375 ], [ 121.25, 34.1667 ], [ 121.25, 33.75 ], [ 121.4583, 33.75 ], [ 121.4583, 33.3333 ], [ 121.6667, 33.125 ], [ 122.0833, 33.3333 ], [ 122.0833, 33.125 ], [ 122.7083, 33.5417 ], [ 122.9167, 32.9167 ], [ 122.7083, 32.7083 ], [ 122.9167, 32.5 ], [ 122.7083, 32.0833 ], [ 122.9167, 32.0833 ], [ 122.9167, 31.6667 ], [ 122.2917, 31.4583 ], [ 122.0833, 31.6667 ], [ 121.6667, 31.4583 ], [ 121.25, 31.25 ], [ 121.25, 31.0417 ], [ 120.625, 30.8333 ], [ 120.625, 30.4167 ], [ 120.2083, 30.2083 ], [ 119.5833, 30.0 ], [ 119.5833, 29.5833 ], [ 119.5833, 29.1667 ], [ 119.5833, 28.75 ], [ 119.375, 28.3333 ], [ 119.1667, 28.3333 ], [ 119.5833, 27.7083 ], [ 119.5833, 27.2917 ], [ 119.1667, 27.2917 ], [ 118.75, 27.7083 ], [ 118.5417, 27.5 ], [ 118.5417, 27.0833 ], [ 118.75, 26.875 ], [ 118.5417, 26.6667 ], [ 118.125, 26.4583 ], [ 118.125, 26.0417 ], [ 118.3333, 25.8333 ], [ 118.5417, 26.0417 ], [ 118.9583, 25.625 ], [ 119.1667, 25.625 ], [ 119.375, 25.4167 ], [ 119.5833, 25.2083 ], [ 119.375, 24.7917 ], [ 119.1667, 24.5833 ], [ 118.9583, 24.375 ], [ 118.75, 23.75 ], [ 118.9583, 23.5417 ], [ 118.9583, 23.125 ], [ 119.1667, 23.125 ], [ 119.1667, 22.5 ], [ 119.5833, 22.7083 ], [ 120.0, 22.7083 ], [ 120.2083, 22.5 ], [ 120.2083, 22.2917 ], [ 120.4167, 22.0833 ], [ 120.4167, 21.875 ], [ 120.4167, 21.4583 ], [ 120.625, 21.0417 ], [ 120.4167, 20.625 ], [ 120.625, 20.625 ], [ 120.4167, 20.2083 ], [ 120.625, 20.2083 ], [ 120.4167, 19.5833 ], [ 120.625, 19.1667 ], [ 120.4167, 19.1667 ], [ 120.625, 18.75 ], [ 120.625, 18.5417 ], [ 120.625, 18.3333 ], [ 120.8333, 18.125 ], [ 120.625, 17.9167 ], [ 120.625, 17.5 ], [ 121.0417, 17.2917 ], [ 121.0417, 17.0833 ], [ 121.25, 16.875 ], [ 121.0417, 16.4583 ], [ 120.625, 16.25 ], [ 120.0, 16.0417 ], [ 120.0, 16.25 ], [ 119.5833, 15.8333 ], [ 119.7917, 15.8333 ], [ 119.5833, 15.4167 ], [ 119.7917, 15.4167 ], [ 119.5833, 15.0 ], [ 119.7917, 14.7917 ], [ 119.7917, 14.375 ], [ 119.5833, 14.375 ], [ 119.5833, 13.9583 ], [ 119.375, 13.75 ], [ 119.1667, 13.125 ], [ 119.375, 12.9167 ], [ 119.375, 12.2917 ], [ 118.9583, 12.0833 ], [ 118.9583, 11.875 ], [ 118.9583, 11.4583 ], [ 118.9583, 11.0417 ], [ 119.1667, 10.8333 ], [ 119.1667, 10.4167 ], [ 118.75, 10.2083 ], [ 118.5417, 10.2083 ], [ 118.125, 10.0 ], [ 118.125, 9.5833 ], [ 118.5417, 9.5833 ], [ 118.75, 9.7917 ], [ 118.75, 9.5833 ], [ 118.9583, 9.1667 ], [ 118.5417, 8.9583 ], [ 118.75, 8.5417 ], [ 118.9583, 8.125 ], [ 118.75, 7.9167 ], [ 118.9583, 7.7083 ], [ 118.9583, 7.5 ], [ 119.1667, 7.0833 ], [ 118.9583, 6.875 ], [ 119.1667, 6.875 ], [ 118.9583, 6.4583 ], [ 119.1667, 6.0417 ], [ 119.375, 6.25 ], [ 119.5833, 5.8333 ], [ 120.0, 6.0417 ], [ 120.2083, 5.625 ], [ 120.2083, 5.4167 ], [ 120.0, 5.4167 ], [ 119.7917, 5.2083 ], [ 119.7917, 5.0 ], [ 119.7917, 4.5833 ], [ 120.0, 4.5833 ], [ 120.2083, 4.7917 ], [ 120.4167, 4.7917 ], [ 120.625, 5.0 ], [ 120.8333, 5.0 ], [ 121.0417, 5.4167 ], [ 121.0417, 5.625 ], [ 121.25, 5.8333 ], [ 121.4583, 5.8333 ], [ 121.6667, 5.8333 ], [ 121.875, 5.2083 ], [ 121.875, 5.0 ], [ 121.875, 4.7917 ], [ 122.0833, 4.5833 ], [ 122.7083, 4.375 ], [ 122.9167, 4.5833 ], [ 122.9167, 4.7917 ], [ 123.3333, 5.0 ], [ 123.5417, 5.0 ], [ 123.75, 5.0 ], [ 123.9583, 5.0 ], [ 124.375, 5.0 ], [ 124.375, 4.5833 ], [ 125.0, 4.375 ], [ 125.2083, 4.5833 ], [ 125.4167, 4.5833 ], [ 125.625, 4.7917 ], [ 125.8333, 4.7917 ], [ 126.0417, 5.0 ], [ 126.4583, 5.0 ], [ 126.6667, 4.7917 ], [ 126.6667, 4.5833 ], [ 127.0833, 4.375 ], [ 127.2917, 4.5833 ], [ 127.7083, 4.5833 ], [ 127.7083, 3.9583 ], [ 127.9167, 3.9583 ], [ 127.9167, 3.5417 ], [ 128.125, 3.5417 ], [ 128.3333, 2.9167 ], [ 127.9167, 2.7083 ], [ 127.9167, 2.9167 ], [ 127.2917, 2.7083 ], [ 127.2917, 2.5 ], [ 127.5, 2.2917 ], [ 127.9167, 2.0833 ], [ 128.125, 2.0833 ], [ 128.125, 1.6667 ], [ 128.125, 1.25 ], [ 127.9167, 1.0417 ], [ 128.125, 0.625 ], [ 128.5417, 0.625 ], [ 128.75, 0.4167 ], [ 129.1667, 0.625 ], [ 129.5833, 0.4167 ], [ 129.7917, 0.4167 ], [ 129.7917, 0.2083 ], [ 129.5833, 0.0 ], [ 129.5833, -0.2083 ], [ 129.5833, -0.4167 ], [ 129.5833, -0.8333 ], [ 129.7917, -1.0417 ], [ 129.7917, -1.25 ], [ 129.7917, -1.4583 ], [ 129.7917, -1.6667 ], [ 130.0, -1.6667 ], [ 130.0, -2.0833 ], [ 130.2083, -2.2917 ], [ 130.2083, -2.7083 ], [ 130.2083, -2.9167 ], [ 130.0, -2.9167 ], [ 129.7917, -3.3333 ], [ 129.5833, -3.75 ], [ 129.1667, -3.9583 ], [ 128.9583, -4.375 ], [ 128.75, -4.375 ], [ 128.75, -4.7917 ], [ 128.5417, -5.0 ], [ 128.9583, -5.8333 ], [ 128.9583, -6.0417 ], [ 128.9583, -6.25 ], [ 128.75, -6.4583 ], [ 128.75, -6.6667 ], [ 128.5417, -7.0833 ], [ 128.3333, -7.0833 ], [ 128.125, -6.875 ], [ 128.125, -6.6667 ], [ 127.5, -6.4583 ], [ 127.2917, -6.6667 ], [ 126.875, -6.875 ], [ 126.6667, -7.0833 ], [ 126.4583, -7.5 ], [ 126.4583, -7.7083 ], [ 126.4583, -7.9167 ], [ 126.4583, -8.125 ], [ 126.6667, -8.3333 ], [ 126.875, -8.5417 ], [ 127.2917, -8.3333 ], [ 127.7083, -8.3333 ], [ 127.7083, -8.5417 ], [ 127.9167, -8.5417 ], [ 128.3333, -8.5417 ], [ 128.9583, -8.5417 ], [ 128.9583, -8.75 ], [ 128.75, -9.1667 ], [ 128.9583, -9.375 ], [ 128.75, -9.5833 ], [ 128.9583, -9.7917 ], [ 128.75, -10.0 ], [ 128.75, -10.2083 ], [ 128.75, -10.4167 ], [ 128.75, -10.625 ], [ 128.5417, -10.8333 ], [ 128.75, -11.25 ], [ 128.5417, -11.4583 ], [ 128.75, -11.6667 ], [ 128.75, -11.875 ], [ 128.9583, -12.2917 ], [ 129.1667, -12.2917 ], [ 129.375, -12.5 ], [ 129.7917, -12.7083 ], [ 130.0, -12.9167 ], [ 130.0, -13.125 ], [ 130.2083, -13.3333 ], [ 130.4167, -13.5417 ], [ 130.4167, -13.75 ], [ 130.4167, -13.9583 ], [ 130.625, -14.1667 ], [ 130.4167, -14.5833 ], [ 130.625, -14.7917 ], [ 130.4167, -15.0 ], [ 130.4167, -15.2083 ], [ 130.4167, -15.625 ], [ 130.625, -16.0417 ], [ 131.25, -16.25 ], [ 131.25, -16.4583 ], [ 131.0417, -17.0833 ], [ 130.8333, -17.2917 ], [ 131.0417, -17.7083 ], [ 130.625, -18.125 ], [ 130.4167, -18.5417 ], [ 130.2083, -18.5417 ], [ 130.0, -18.75 ], [ 129.5833, -18.75 ], [ 129.375, -18.9583 ], [ 129.375, -19.1667 ], [ 128.9583, -19.1667 ], [ 128.75, -19.375 ], [ 128.5417, -19.375 ], [ 128.125, -19.375 ], [ 128.125, -18.75 ], [ 127.9167, -18.75 ], [ 127.9167, -18.125 ], [ 127.7083, -18.125 ], [ 127.5, -17.7083 ], [ 127.5, -17.5 ], [ 127.2917, -17.2917 ], [ 127.0833, -17.5 ], [ 126.875, -17.7083 ], [ 126.6667, -17.7083 ], [ 126.6667, -18.125 ], [ 126.4583, -18.125 ], [ 126.25, -18.125 ], [ 126.0417, -18.3333 ], [ 125.8333, -18.3333 ], [ 125.625, -18.3333 ], [ 125.625, -18.5417 ], [ 125.8333, -18.9583 ], [ 125.8333, -19.5833 ], [ 125.625, -19.5833 ], [ 125.2083, -19.7917 ], [ 124.7917, -20.0 ], [ 124.7917, -19.7917 ], [ 124.375, -19.7917 ], [ 123.9583, -20.0 ], [ 123.75, -20.0 ], [ 123.5417, -20.0 ], [ 123.3333, -19.7917 ], [ 123.125, -20.0 ], [ 122.9167, -20.2083 ], [ 122.5, -20.4167 ], [ 122.2917, -20.625 ], [ 122.0833, -20.625 ], [ 121.875, -20.625 ], [ 121.4583, -21.0417 ], [ 121.4583, -21.25 ], [ 121.4583, -21.6667 ], [ 121.4583, -21.875 ], [ 121.25, -22.0833 ], [ 121.0417, -22.5 ], [ 121.25, -22.7083 ], [ 121.25, -23.125 ], [ 121.25, -23.75 ], [ 121.0417, -23.9583 ], [ 120.8333, -23.9583 ], [ 120.4167, -24.1667 ], [ 120.2083, -24.1667 ], [ 119.7917, -24.1667 ], [ 119.7917, -24.375 ], [ 119.7917, -24.7917 ], [ 120.0, -25.2083 ], [ 120.0, -25.625 ], [ 120.2083, -25.625 ], [ 120.4167, -26.0417 ], [ 120.4167, -26.25 ], [ 120.625, -26.4583 ], [ 120.4167, -26.875 ], [ 120.625, -27.0833 ], [ 120.625, -27.5 ], [ 120.625, -27.7083 ], [ 121.0417, -27.9167 ], [ 121.0417, -28.3333 ], [ 121.25, -28.3333 ], [ 121.4583, -28.75 ], [ 121.875, -28.75 ], [ 122.0833, -28.75 ], [ 122.2917, -28.9583 ], [ 122.0833, -29.375 ], [ 122.0833, -29.5833 ], [ 122.0833, -30.0 ], [ 122.0833, -30.4167 ], [ 122.0833, -30.625 ], [ 122.2917, -30.625 ], [ 122.5, -30.4167 ], [ 122.9167, -30.625 ], [ 123.3333, -30.625 ], [ 123.75, -30.625 ], [ 124.1667, -30.4167 ], [ 124.5833, -30.4167 ], [ 125.0, -30.4167 ], [ 125.4167, -30.2083 ], [ 125.625, -30.4167 ], [ 125.8333, -30.4167 ], [ 126.0417, -30.625 ], [ 126.25, -30.4167 ], [ 126.6667, -30.4167 ], [ 127.2917, -30.625 ], [ 127.5, -30.625 ], [ 127.9167, -31.25 ], [ 128.125, -31.4583 ], [ 128.3333, -31.4583 ], [ 128.9583, -31.6667 ], [ 129.375, -32.0833 ], [ 129.5833, -32.2917 ], [ 130.0, -32.0833 ], [ 130.4167, -32.5 ], [ 130.2083, -32.7083 ], [ 130.4167, -32.9167 ], [ 130.625, -32.7083 ], [ 130.8333, -32.2917 ], [ 131.0417, -32.2917 ], [ 131.25, -32.0833 ], [ 131.6667, -32.0833 ], [ 131.875, -31.875 ], [ 132.0833, -31.875 ], [ 132.5, -31.875 ], [ 132.7083, -32.0833 ], [ 132.7083, -32.2917 ], [ 132.7083, -32.5 ], [ 132.7083, -32.7083 ], [ 132.5, -33.125 ], [ 132.7083, -33.3333 ], [ 132.9167, -33.3333 ], [ 133.3333, -33.3333 ], [ 133.5417, -32.9167 ], [ 133.5417, -32.7083 ], [ 133.75, -32.7083 ], [ 133.9583, -32.9167 ], [ 134.1667, -33.125 ], [ 133.9583, -33.5417 ], [ 133.5417, -33.5417 ], [ 133.5417, -33.9583 ], [ 133.9583, -33.9583 ], [ 133.9583, -34.1667 ], [ 134.5833, -34.375 ], [ 134.5833, -34.5833 ], [ 134.375, -34.7917 ], [ 134.1667, -34.7917 ], [ 133.9583, -34.5833 ], [ 133.5417, -34.5833 ], [ 133.3333, -34.7917 ], [ 133.3333, -35.0 ], [ 133.75, -35.4167 ], [ 133.75, -35.2083 ], [ 134.1667, -35.625 ], [ 134.375, -35.625 ], [ 134.1667, -35.8333 ], [ 134.375, -36.25 ], [ 134.1667, -36.4583 ], [ 134.375, -36.875 ], [ 134.375, -37.0833 ], [ 134.375, -37.5 ], [ 134.7917, -37.5 ], [ 134.7917, -37.7083 ], [ 134.7917, -38.125 ], [ 134.375, -38.3333 ], [ 134.1667, -38.75 ], [ 134.1667, -39.1667 ], [ 134.1667, -39.5833 ], [ 134.375, -39.7917 ], [ 134.375, -40.0 ], [ 134.5833, -40.2083 ], [ 134.7917, -40.8333 ], [ 134.5833, -41.0417 ], [ 134.375, -41.4583 ], [ 133.75, -41.6667 ], [ 133.3333, -42.0833 ], [ 133.3333, -42.5 ], [ 133.5417, -42.5 ], [ 133.5417, -42.7083 ], [ 133.9583, -43.125 ], [ 134.1667, -43.125 ], [ 134.375, -43.5417 ], [ 133.9583, -43.9583 ], [ 133.5417, -44.1667 ], [ 133.125, -44.1667 ], [ 132.9167, -44.375 ], [ 132.7083, -44.5833 ], [ 132.7083, -44.7917 ], [ 132.2917, -45.0 ], [ 132.2917, -45.2083 ], [ 132.0833, -45.4167 ], [ 131.875, -45.4167 ], [ 131.6667, -45.8333 ], [ 131.0417, -45.625 ], [ 131.25, -46.0417 ], [ 131.4583, -46.0417 ], [ 131.6667, -46.4583 ], [ 131.875, -46.4583 ], [ 131.875, -46.875 ], [ 131.875, -47.0833 ], [ 131.875, -47.2917 ], [ 131.875, -47.5 ], [ 132.0833, -47.7083 ], [ 132.5, -47.9167 ], [ 132.5, -48.3333 ], [ 132.2917, -48.75 ], [ 132.0833, -48.75 ], [ 131.6667, -48.75 ], [ 131.4583, -48.9583 ], [ 131.25, -49.1667 ], [ 131.25, -49.375 ], [ 131.0417, -49.375 ], [ 131.0417, -49.5833 ], [ 130.8333, -49.5833 ], [ 130.4167, -50.0 ], [ 130.4167, -50.4167 ], [ 130.4167, -50.625 ], [ 130.4167, -51.0417 ], [ 130.625, -51.25 ], [ 130.625, -51.6667 ], [ 130.4167, -51.875 ], [ 130.4167, -52.0833 ], [ 130.0, -52.2917 ], [ 130.2083, -52.2917 ], [ 129.7917, -52.9167 ], [ 129.5833, -52.9167 ], [ 129.375, -53.125 ], [ 128.9583, -53.125 ], [ 128.9583, -53.3333 ], [ 128.3333, -53.3333 ], [ 128.125, -53.5417 ], [ 128.125, -53.75 ], [ 128.125, -54.1667 ], [ 128.125, -54.375 ], [ 128.3333, -54.5833 ], [ 128.125, -55.0 ], [ 128.125, -55.4167 ], [ 128.5417, -55.4167 ], [ 128.75, -55.4167 ], [ 128.75, -55.0 ], [ 128.75, -54.7917 ], [ 129.375, -54.7917 ], [ 129.5833, -55.0 ], [ 129.5833, -55.2083 ], [ 129.375, -55.4167 ], [ 129.375, -55.8333 ], [ 129.1667, -56.0417 ], [ 129.1667, -56.4583 ], [ 128.9583, -56.6667 ], [ 128.9583, -56.875 ], [ 128.75, -57.0833 ], [ 128.9583, -57.7083 ], [ 128.9583, -57.9167 ], [ 128.9583, -58.125 ], [ 128.75, -58.3333 ], [ 128.9583, -58.5417 ], [ 128.9583, -58.75 ], [ 129.1667, -59.1667 ], [ 129.375, -59.1667 ], [ 129.5833, -59.5833 ], [ 129.5833, -59.7917 ], [ 129.375, -60.2083 ], [ 129.375, -60.4167 ], [ 129.5833, -60.625 ], [ 129.5833, -60.8333 ], [ 129.7917, -61.25 ], [ 129.5833, -61.4583 ], [ 129.375, -62.0833 ], [ 129.5833, -62.2917 ], [ 129.5833, -62.5 ], [ 129.1667, -62.9167 ], [ 128.9583, -62.9167 ], [ 128.5417, -62.9167 ], [ 128.3333, -63.125 ], [ 128.3333, -63.5417 ], [ 128.125, -63.5417 ], [ 128.125, -63.75 ], [ 128.125, -64.1667 ], [ 127.9167, -64.1667 ], [ 127.9167, -64.5833 ], [ 127.9167, -65.0 ], [ 127.9167, -65.2083 ], [ 127.9167, -65.4167 ], [ 128.125, -65.8333 ], [ 127.7083, -66.25 ], [ 127.5, -66.875 ], [ 127.0833, -66.875 ], [ 126.6667, -66.875 ], [ 126.0417, -66.875 ], [ 126.0417, -66.6667 ], [ 125.4167, -66.6667 ], [ 125.4167, -66.875 ], [ 125.2083, -66.875 ], [ 125.0, -66.875 ], [ 124.5833, -66.875 ], [ 123.9583, -66.875 ], [ 123.75, -66.875 ], [ 123.5417, -66.875 ], [ 123.3333, -66.875 ], [ 122.9167, -67.0833 ], [ 122.7083, -66.875 ], [ 122.5, -67.0833 ], [ 122.2917, -66.875 ], [ 121.875, -66.875 ], [ 121.875, -66.6667 ], [ 121.25, -66.6667 ], [ 121.25, -66.4583 ], [ 120.625, -66.25 ], [ 120.625, -65.8333 ], [ 120.4167, -65.625 ], [ 120.2083, -65.4167 ], [ 120.0, -65.4167 ], [ 119.5833, -64.7917 ], [ 119.5833, -64.5833 ], [ 119.5833, -64.375 ], [ 119.1667, -64.1667 ], [ 119.1667, -63.75 ], [ 118.9583, -63.75 ], [ 118.75, -63.3333 ], [ 118.9583, -63.125 ], [ 118.9583, -62.7083 ], [ 118.9583, -62.0833 ], [ 119.1667, -62.0833 ], [ 118.9583, -61.6667 ], [ 118.5417, -61.6667 ], [ 118.125, -61.6667 ], [ 117.9167, -61.4583 ], [ 117.7083, -61.4583 ], [ 117.0833, -61.25 ], [ 117.0833, -61.0417 ], [ 116.875, -60.4167 ], [ 116.6667, -60.4167 ], [ 116.6667, -59.7917 ], [ 116.25, -60.2083 ], [ 116.4583, -60.4167 ], [ 116.0417, -60.625 ], [ 116.0417, -61.0417 ], [ 115.8333, -61.25 ], [ 115.8333, -61.6667 ], [ 115.8333, -62.2917 ], [ 115.4167, -62.2917 ], [ 115.0, -62.0833 ], [ 115.0, -61.875 ], [ 114.5833, -61.4583 ], [ 114.375, -61.4583 ], [ 113.9583, -61.4583 ], [ 113.5417, -61.6667 ], [ 113.3333, -61.4583 ], [ 112.9167, -61.6667 ], [ 112.9167, -61.875 ], [ 112.7083, -62.0833 ], [ 112.5, -62.2917 ], [ 112.2917, -62.2917 ], [ 111.875, -62.2917 ], [ 111.875, -62.0833 ], [ 111.6667, -62.0833 ], [ 111.4583, -62.0833 ], [ 111.25, -62.0833 ], [ 111.0417, -62.0833 ], [ 110.8333, -62.0833 ], [ 110.4167, -62.2917 ], [ 110.2083, -62.2917 ], [ 110.0, -62.5 ], [ 109.7917, -62.7083 ], [ 109.7917, -63.125 ], [ 109.7917, -63.3333 ], [ 110.0, -63.75 ], [ 109.5833, -63.9583 ], [ 109.5833, -64.1667 ], [ 109.1667, -64.375 ], [ 108.75, -64.7917 ], [ 108.75, -65.0 ], [ 107.9167, -65.0 ], [ 108.5417, -65.625 ], [ 108.125, -65.8333 ], [ 108.125, -66.0417 ], [ 107.9167, -66.0417 ], [ 107.7083, -66.4583 ], [ 107.9167, -66.875 ], [ 107.9167, -67.0833 ], [ 107.7083, -67.2917 ], [ 107.7083, -67.9167 ], [ 107.7083, -68.125 ], [ 107.2917, -68.3333 ], [ 107.0833, -68.75 ], [ 106.6667, -68.75 ], [ 106.6667, -68.9583 ], [ 106.25, -69.1667 ], [ 105.8333, -68.9583 ], [ 105.8333, -68.75 ], [ 105.625, -68.5417 ], [ 105.4167, -68.125 ], [ 105.4167, -67.9167 ], [ 105.0, -67.7083 ], [ 104.5833, -67.7083 ], [ 104.375, -67.7083 ], [ 103.75, -67.9167 ], [ 103.75, -68.3333 ], [ 103.75, -68.5417 ], [ 103.75, -68.75 ], [ 103.75, -69.1667 ], [ 103.3333, -69.1667 ], [ 103.125, -69.1667 ], [ 102.7083, -69.1667 ], [ 102.5, -69.375 ], [ 102.2917, -69.7917 ], [ 102.2917, -70.0 ], [ 102.0833, -70.0 ], [ 101.6667, -69.7917 ], [ 101.6667, -69.375 ], [ 101.4583, -69.375 ], [ 101.25, -69.1667 ], [ 101.0417, -69.1667 ], [ 100.625, -68.9583 ], [ 100.625, -68.75 ], [ 100.4167, -68.3333 ], [ 100.2083, -68.3333 ], [ 99.7917, -68.75 ], [ 99.7917, -68.5417 ], [ 99.375, -68.3333 ], [ 99.375, -67.7083 ], [ 99.1667, -67.7083 ], [ 99.1667, -67.2917 ], [ 98.9583, -67.0833 ], [ 99.1667, -66.875 ], [ 98.5417, -66.4583 ], [ 98.75, -67.2917 ], [ 98.3333, -67.5 ], [ 98.3333, -67.7083 ], [ 97.7083, -67.7083 ], [ 97.0833, -67.9167 ], [ 96.875, -67.7083 ], [ 96.875, -67.5 ], [ 96.6667, -67.0833 ], [ 96.6667, -66.875 ], [ 96.4583, -66.875 ], [ 96.0417, -66.875 ], [ 95.8333, -66.875 ], [ 95.625, -66.6667 ], [ 95.625, -66.0417 ], [ 95.2083, -66.0417 ], [ 95.0, -66.25 ], [ 94.5833, -65.625 ], [ 94.7917, -65.625 ], [ 94.7917, -65.2083 ], [ 94.7917, -64.5833 ], [ 94.7917, -64.375 ], [ 94.5833, -64.1667 ], [ 94.5833, -63.9583 ], [ 94.375, -63.9583 ], [ 93.9583, -63.5417 ], [ 93.75, -63.3333 ], [ 93.75, -62.9167 ], [ 93.3333, -62.7083 ], [ 92.9167, -62.5 ], [ 92.7083, -62.2917 ], [ 92.5, -62.0833 ], [ 92.5, -61.875 ], [ 92.2917, -61.6667 ], [ 92.2917, -61.4583 ], [ 92.0833, -61.0417 ], [ 91.875, -60.8333 ], [ 91.6667, -61.0417 ], [ 91.4583, -61.0417 ], [ 91.0417, -60.4167 ], [ 91.0417, -60.2083 ], [ 91.25, -59.7917 ], [ 91.0417, -59.375 ], [ 90.8333, -59.375 ], [ 90.8333, -59.1667 ], [ 90.4167, -59.1667 ], [ 90.2083, -58.75 ], [ 90.2083, -58.3333 ], [ 90.0, -58.125 ], [ 89.7917, -57.9167 ], [ 89.375, -57.5 ], [ 89.1667, -57.0833 ], [ 89.375, -57.0833 ], [ 89.375, -56.875 ], [ 89.1667, -56.6667 ], [ 88.9583, -56.4583 ], [ 88.75, -56.25 ], [ 88.75, -55.8333 ], [ 88.75, -55.625 ], [ 88.5417, -55.4167 ], [ 88.75, -55.2083 ], [ 88.3333, -54.7917 ], [ 88.125, -54.7917 ], [ 87.9167, -54.5833 ], [ 87.5, -54.7917 ], [ 87.0833, -54.375 ], [ 86.875, -54.375 ], [ 86.6667, -54.1667 ], [ 86.6667, -53.9583 ], [ 86.4583, -53.75 ], [ 86.4583, -53.5417 ], [ 86.4583, -53.125 ], [ 87.0833, -53.125 ], [ 87.5, -53.3333 ], [ 87.7083, -53.125 ], [ 87.7083, -52.9167 ], [ 87.5, -52.5 ], [ 87.2917, -52.0833 ], [ 87.0833, -51.4583 ], [ 86.875, -51.4583 ], [ 86.4583, -51.0417 ], [ 86.25, -51.0417 ], [ 86.0417, -50.8333 ], [ 85.625, -50.8333 ], [ 85.4167, -50.625 ], [ 85.2083, -50.4167 ], [ 85.0, -50.4167 ], [ 84.7917, -50.4167 ], [ 84.5833, -50.4167 ], [ 84.5833, -49.7917 ], [ 84.375, -49.5833 ], [ 84.1667, -49.1667 ], [ 83.9583, -49.1667 ], [ 83.75, -48.75 ], [ 83.9583, -48.3333 ], [ 83.5417, -47.9167 ], [ 83.5417, -47.7083 ], [ 83.5417, -47.2917 ], [ 83.3333, -46.875 ], [ 82.9167, -47.0833 ], [ 82.7083, -47.0833 ], [ 82.7083, -47.2917 ], [ 82.7083, -47.5 ], [ 82.5, -47.7083 ], [ 82.2917, -48.125 ], [ 82.0833, -48.125 ], [ 81.6667, -47.9167 ], [ 81.25, -47.9167 ], [ 80.8333, -47.7083 ], [ 80.4167, -47.7083 ], [ 80.2083, -47.9167 ], [ 80.0, -47.9167 ], [ 79.7917, -48.125 ], [ 79.5833, -48.125 ], [ 79.1667, -48.5417 ], [ 78.9583, -48.5417 ], [ 78.75, -48.9583 ], [ 78.75, -49.1667 ], [ 78.9583, -49.1667 ], [ 78.9583, -49.7917 ], [ 78.75, -50.0 ], [ 78.5417, -50.2083 ], [ 78.3333, -50.4167 ], [ 78.125, -50.625 ], [ 77.9167, -51.0417 ], [ 77.5, -51.25 ], [ 77.5, -51.6667 ], [ 77.7083, -51.875 ], [ 77.9167, -52.2917 ], [ 77.9167, -52.7083 ], [ 78.125, -52.9167 ], [ 77.9167, -53.3333 ], [ 77.9167, -53.5417 ], [ 77.9167, -53.9583 ], [ 77.9167, -54.1667 ], [ 77.9167, -54.375 ], [ 78.125, -54.7917 ], [ 78.3333, -54.7917 ], [ 78.5417, -54.7917 ], [ 78.5417, -55.2083 ], [ 78.75, -55.8333 ], [ 78.5417, -55.8333 ], [ 78.75, -56.4583 ], [ 78.75, -56.6667 ], [ 78.75, -56.875 ], [ 78.5417, -57.0833 ], [ 78.5417, -57.2917 ], [ 78.125, -57.5 ], [ 78.3333, -57.7083 ], [ 78.5417, -57.9167 ], [ 78.75, -58.125 ], [ 78.9583, -58.3333 ], [ 79.1667, -58.5417 ], [ 79.375, -58.75 ], [ 80.0, -58.75 ], [ 80.2083, -58.9583 ], [ 80.0, -59.1667 ], [ 80.2083, -59.5833 ], [ 80.2083, -60.0 ], [ 79.7917, -60.2083 ], [ 79.5833, -60.625 ], [ 79.1667, -61.0417 ], [ 78.9583, -61.4583 ], [ 79.375, -61.6667 ], [ 79.5833, -61.6667 ], [ 79.375, -62.2917 ], [ 79.5833, -62.5 ], [ 79.375, -62.7083 ], [ 79.375, -62.9167 ], [ 79.1667, -63.125 ], [ 78.75, -63.125 ], [ 78.75, -63.3333 ], [ 78.5417, -63.3333 ], [ 78.3333, -63.5417 ], [ 78.75, -63.9583 ], [ 78.5417, -64.375 ], [ 78.75, -64.5833 ], [ 78.75, -64.7917 ], [ 78.75, -65.2083 ], [ 78.5417, -65.4167 ], [ 78.3333, -65.625 ], [ 78.125, -65.8333 ], [ 77.9167, -66.0417 ], [ 77.7083, -66.25 ], [ 77.7083, -66.4583 ], [ 77.5, -66.4583 ], [ 77.5, -66.875 ], [ 77.0833, -67.0833 ], [ 77.5, -67.5 ], [ 77.2917, -67.9167 ], [ 76.875, -67.7083 ], [ 76.6667, -67.2917 ], [ 76.25, -67.2917 ], [ 76.0417, -66.875 ], [ 75.8333, -66.875 ], [ 75.4167, -66.6667 ], [ 75.0, -66.6667 ], [ 74.5833, -66.6667 ], [ 74.375, -66.6667 ], [ 74.375, -66.0417 ], [ 73.9583, -66.0417 ], [ 73.75, -65.8333 ], [ 73.5417, -65.8333 ], [ 73.3333, -65.625 ], [ 72.9167, -65.625 ], [ 72.7083, -65.8333 ], [ 72.5, -65.625 ], [ 72.5, -65.2083 ], [ 71.875, -65.4167 ], [ 71.4583, -65.4167 ], [ 71.25, -65.2083 ], [ 71.0417, -65.0 ], [ 71.0417, -64.5833 ], [ 70.4167, -64.5833 ], [ 70.0, -64.5833 ], [ 69.7917, -64.7917 ], [ 69.7917, -65.0 ], [ 69.375, -65.2083 ], [ 69.375, -65.4167 ], [ 68.9583, -65.625 ], [ 68.75, -65.625 ], [ 68.3333, -66.0417 ], [ 68.125, -66.25 ], [ 67.9167, -66.6667 ], [ 67.7083, -67.0833 ], [ 67.5, -67.2917 ], [ 67.2917, -67.5 ], [ 66.875, -67.5 ], [ 66.6667, -68.125 ], [ 66.6667, -68.3333 ], [ 66.6667, -68.75 ], [ 66.6667, -68.9583 ], [ 66.4583, -69.1667 ], [ 66.4583, -69.5833 ], [ 66.4583, -70.0 ], [ 66.4583, -70.2083 ], [ 66.4583, -70.4167 ], [ 66.6667, -70.625 ], [ 66.6667, -71.0417 ], [ 66.4583, -71.25 ], [ 66.6667, -71.6667 ], [ 66.4583, -71.875 ], [ 65.8333, -72.5 ], [ 66.0417, -72.7083 ], [ 66.0417, -72.9167 ], [ 66.0417, -73.125 ], [ 66.0417, -73.5417 ], [ 66.0417, -73.75 ], [ 66.0417, -74.1667 ], [ 66.0417, -74.5833 ], [ 65.8333, -74.7917 ], [ 65.4167, -74.375 ], [ 65.0, -74.5833 ], [ 64.7917, -74.1667 ], [ 64.375, -74.375 ], [ 63.9583, -74.5833 ], [ 63.9583, -74.7917 ], [ 63.5417, -75.0 ], [ 63.3333, -75.0 ], [ 63.125, -75.2083 ], [ 62.9167, -75.2083 ], [ 62.2917, -75.2083 ], [ 62.2917, -75.4167 ], [ 61.875, -75.2083 ], [ 61.6667, -75.4167 ], [ 61.25, -75.4167 ], [ 60.8333, -75.2083 ], [ 60.625, -75.2083 ], [ 60.4167, -75.2083 ], [ 60.0, -74.7917 ], [ 59.7917, -74.7917 ], [ 59.5833, -74.375 ], [ 59.375, -74.5833 ], [ 59.1667, -74.5833 ], [ 58.75, -74.5833 ], [ 58.5417, -74.375 ], [ 58.3333, -74.375 ], [ 58.125, -74.375 ], [ 57.9167, -74.1667 ], [ 57.5, -74.1667 ], [ 57.2917, -73.9583 ], [ 56.875, -73.9583 ], [ 56.6667, -73.9583 ], [ 56.6667, -73.5417 ], [ 56.6667, -73.3333 ], [ 56.6667, -73.125 ], [ 56.25, -72.7083 ], [ 56.0417, -72.7083 ], [ 56.0417, -72.5 ], [ 55.4167, -72.0833 ], [ 55.2083, -71.875 ], [ 55.2083, -71.6667 ], [ 55.0, -71.4583 ], [ 54.7917, -71.4583 ], [ 54.5833, -71.25 ], [ 54.375, -71.25 ], [ 54.375, -71.0417 ], [ 54.1667, -71.0417 ], [ 53.9583, -70.4167 ], [ 53.9583, -70.2083 ], [ 53.75, -70.0 ], [ 53.5417, -69.7917 ], [ 53.5417, -69.5833 ], [ 53.125, -69.375 ], [ 53.125, -68.9583 ], [ 53.125, -68.75 ], [ 52.5, -68.3333 ], [ 52.2917, -68.125 ], [ 52.0833, -68.3333 ], [ 51.875, -68.125 ], [ 51.6667, -68.125 ], [ 51.4583, -68.3333 ], [ 51.25, -68.3333 ], [ 51.0417, -68.5417 ], [ 50.8333, -68.5417 ], [ 50.8333, -68.125 ], [ 50.4167, -68.125 ], [ 50.4167, -67.7083 ], [ 50.0, -67.9167 ], [ 49.7917, -67.5 ], [ 49.5833, -67.5 ], [ 49.375, -67.9167 ], [ 49.1667, -67.9167 ], [ 48.9583, -67.9167 ], [ 48.3333, -67.5 ], [ 48.5417, -67.2917 ], [ 48.125, -66.875 ], [ 47.7083, -66.875 ], [ 47.5, -66.875 ], [ 47.0833, -66.875 ], [ 47.0833, -67.2917 ], [ 46.6667, -67.5 ], [ 46.6667, -67.7083 ], [ 46.0417, -67.5 ], [ 46.0417, -67.2917 ], [ 45.625, -67.0833 ], [ 45.4167, -67.0833 ], [ 45.2083, -67.0833 ], [ 45.2083, -66.6667 ], [ 44.7917, -66.4583 ], [ 44.7917, -66.0417 ], [ 44.375, -65.8333 ], [ 43.9583, -65.4167 ], [ 43.75, -65.625 ], [ 43.5417, -65.625 ], [ 43.5417, -65.8333 ], [ 43.3333, -66.0417 ], [ 42.7083, -66.0417 ], [ 42.7083, -65.8333 ], [ 42.2917, -65.625 ], [ 42.2917, -65.4167 ], [ 41.875, -65.2083 ], [ 41.25, -65.0 ], [ 41.25, -64.7917 ], [ 40.8333, -64.7917 ], [ 40.8333, -64.5833 ], [ 40.8333, -64.1667 ], [ 40.8333, -63.75 ], [ 40.8333, -63.5417 ], [ 40.8333, -63.3333 ], [ 41.0417, -62.9167 ], [ 40.8333, -62.7083 ], [ 40.8333, -62.5 ], [ 40.8333, -62.0833 ], [ 40.8333, -61.875 ], [ 40.4167, -61.6667 ], [ 40.2083, -61.6667 ], [ 40.0, -61.6667 ], [ 40.0, -61.4583 ], [ 40.0, -61.25 ], [ 40.2083, -60.8333 ], [ 40.2083, -60.625 ], [ 40.625, -60.625 ], [ 40.8333, -60.4167 ], [ 40.625, -60.0 ], [ 40.4167, -59.7917 ], [ 40.0, -60.2083 ], [ 40.0, -60.0 ], [ 39.5833, -60.2083 ], [ 39.375, -60.0 ], [ 38.9583, -60.0 ], [ 38.75, -60.0 ], [ 38.9583, -59.375 ], [ 38.5417, -59.375 ], [ 38.5417, -58.75 ], [ 38.5417, -58.3333 ], [ 38.5417, -58.125 ], [ 38.5417, -57.9167 ], [ 38.3333, -57.7083 ], [ 38.3333, -57.5 ], [ 38.125, -57.0833 ], [ 37.7083, -56.875 ], [ 37.7083, -56.6667 ], [ 37.7083, -56.4583 ], [ 37.5, -56.25 ], [ 37.7083, -56.0417 ], [ 37.2917, -55.625 ], [ 36.875, -55.625 ], [ 36.6667, -55.4167 ] ], [ [ 86.875, -1.0417 ], [ 87.0833, -1.4583 ], [ 87.5, -1.4583 ], [ 87.7083, -1.0417 ], [ 87.2917, -0.625 ], [ 86.875, -1.0417 ] ], [ [ 47.7083, -38.125 ], [ 48.125, -37.9167 ], [ 48.5417, -37.9167 ], [ 48.75, -37.9167 ], [ 49.1667, -37.7083 ], [ 49.375, -37.5 ], [ 49.1667, -37.0833 ], [ 49.1667, -36.875 ], [ 48.9583, -36.875 ], [ 48.75, -36.4583 ], [ 48.125, -36.4583 ], [ 48.5417, -37.2917 ], [ 48.125, -37.2917 ], [ 47.9167, -37.5 ], [ 47.7083, -37.5 ], [ 47.5, -37.7083 ], [ 47.5, -37.9167 ], [ 47.7083, -38.125 ] ], [ [ 42.5, -65.0 ], [ 42.9167, -64.7917 ], [ 42.7083, -64.375 ], [ 42.0833, -64.7917 ], [ 42.5, -65.0 ] ], [ [ 45.4167, -38.125 ], [ 45.8333, -38.125 ], [ 45.8333, -37.7083 ], [ 45.4167, -37.2917 ], [ 45.4167, -37.5 ], [ 45.2083, -37.9167 ], [ 45.4167, -38.125 ] ], [ [ 51.0417, -40.2083 ], [ 51.4583, -40.4167 ], [ 51.4583, -40.625 ], [ 51.4583, -40.8333 ], [ 51.25, -41.0417 ], [ 51.25, -41.25 ], [ 51.25, -41.4583 ], [ 50.8333, -41.6667 ], [ 50.625, -41.6667 ], [ 50.625, -41.875 ], [ 50.625, -42.5 ], [ 51.0417, -42.2917 ], [ 51.4583, -42.7083 ], [ 51.6667, -43.125 ], [ 51.6667, -43.3333 ], [ 51.6667, -43.5417 ], [ 51.875, -43.9583 ], [ 51.875, -44.1667 ], [ 52.2917, -44.1667 ], [ 52.5, -43.75 ], [ 52.7083, -43.75 ], [ 52.9167, -43.3333 ], [ 53.125, -42.7083 ], [ 53.125, -42.5 ], [ 52.9167, -42.2917 ], [ 52.7083, -41.875 ], [ 52.5, -41.875 ], [ 52.5, -41.6667 ], [ 52.2917, -41.4583 ], [ 52.0833, -41.25 ], [ 51.875, -40.8333 ], [ 52.0833, -40.4167 ], [ 52.0833, -40.2083 ], [ 51.875, -40.0 ], [ 51.6667, -39.7917 ], [ 51.6667, -39.5833 ], [ 51.4583, -39.5833 ], [ 51.0417, -39.375 ], [ 51.0417, -39.1667 ], [ 50.625, -38.9583 ], [ 50.4167, -38.9583 ], [ 50.2083, -38.5417 ], [ 49.7917, -38.3333 ], [ 49.5833, -38.3333 ], [ 49.375, -38.75 ], [ 49.7917, -39.1667 ], [ 50.0, -39.375 ], [ 49.375, -39.375 ], [ 49.1667, -39.7917 ], [ 49.375, -40.0 ], [ 49.7917, -40.2083 ], [ 49.7917, -40.0 ], [ 50.2083, -40.2083 ], [ 50.4167, -40.0 ], [ 50.8333, -40.4167 ], [ 51.0417, -40.2083 ] ], [ [ 55.2083, -40.0 ], [ 55.625, -40.0 ], [ 55.625, -39.7917 ], [ 55.4167, -39.375 ], [ 55.2083, -40.0 ] ], [ [ 58.3333, -36.0417 ], [ 58.3333, -36.4583 ], [ 58.5417, -36.875 ], [ 58.5417, -37.0833 ], [ 58.75, -37.5 ], [ 59.1667, -37.2917 ], [ 59.375, -36.875 ], [ 59.1667, -36.875 ], [ 59.375, -36.4583 ], [ 59.1667, -36.0417 ], [ 59.1667, -35.8333 ], [ 58.5417, -35.8333 ], [ 58.3333, -36.0417 ] ], [ [ 58.75, -40.0 ], [ 59.1667, -39.7917 ], [ 58.75, -39.375 ], [ 58.5417, -39.5833 ], [ 58.75, -39.7917 ], [ 58.75, -40.0 ] ], [ [ 57.7083, -39.5833 ], [ 58.125, -39.5833 ], [ 58.5417, -38.9583 ], [ 57.9167, -38.9583 ], [ 57.7083, -39.375 ], [ 57.7083, -39.5833 ] ], [ [ 66.4583, -30.4167 ], [ 65.625, -30.625 ], [ 66.25, -31.25 ], [ 66.6667, -31.0417 ], [ 66.6667, -30.625 ], [ 66.4583, -30.4167 ] ], [ [ 78.5417, -31.875 ], [ 78.3333, -31.875 ], [ 77.9167, -31.6667 ], [ 77.7083, -32.2917 ], [ 77.9167, -32.5 ], [ 78.125, -32.5 ], [ 78.5417, -32.2917 ], [ 78.5417, -31.875 ] ], [ [ 77.5, -32.9167 ], [ 77.0833, -33.125 ], [ 77.2917, -33.5417 ], [ 77.5, -33.75 ], [ 77.9167, -33.125 ], [ 77.5, -32.9167 ] ], [ [ 77.9167, -37.9167 ], [ 78.125, -37.9167 ], [ 78.3333, -37.7083 ], [ 78.5417, -37.7083 ], [ 78.9583, -37.7083 ], [ 78.9583, -37.0833 ], [ 78.75, -37.0833 ], [ 78.5417, -36.6667 ], [ 78.3333, -36.4583 ], [ 77.9167, -36.875 ], [ 78.125, -37.0833 ], [ 77.7083, -37.2917 ], [ 77.5, -37.0833 ], [ 77.2917, -37.0833 ], [ 77.0833, -37.2917 ], [ 77.2917, -37.9167 ], [ 77.7083, -37.9167 ], [ 77.9167, -37.9167 ] ], [ [ 74.7917, -5.625 ], [ 75.2083, -5.8333 ], [ 75.4167, -6.0417 ], [ 75.8333, -5.8333 ], [ 75.8333, -5.625 ], [ 75.4167, -5.2083 ], [ 75.2083, -5.2083 ], [ 74.7917, -5.625 ] ], [ [ 76.25, -7.5 ], [ 76.6667, -7.5 ], [ 76.875, -7.0833 ], [ 76.4583, -7.0833 ], [ 76.4583, -6.875 ], [ 76.25, -6.6667 ], [ 76.0417, -7.2917 ], [ 76.25, -7.5 ] ], [ [ 78.75, -60.2083 ], [ 78.9583, -60.2083 ], [ 79.375, -59.7917 ], [ 79.1667, -59.5833 ], [ 78.5417, -59.5833 ], [ 78.5417, -60.0 ], [ 78.75, -60.2083 ] ], [ [ 80.4167, -34.7917 ], [ 80.2083, -34.375 ], [ 80.0, -34.375 ], [ 79.7917, -34.7917 ], [ 80.0, -35.0 ], [ 80.2083, -35.2083 ], [ 80.4167, -34.7917 ] ], [ [ 78.9583, -33.125 ], [ 79.1667, -33.125 ], [ 79.375, -33.125 ], [ 79.5833, -32.7083 ], [ 79.5833, -32.5 ], [ 79.1667, -32.2917 ], [ 78.9583, -32.5 ], [ 78.75, -32.9167 ], [ 78.9583, -33.125 ] ], [ [ 84.7917, -1.25 ], [ 85.0, -1.875 ], [ 85.4167, -1.6667 ], [ 85.2083, -1.25 ], [ 84.7917, -1.25 ] ], [ [ 82.5, 31.6667 ], [ 82.7083, 31.25 ], [ 83.5417, 31.0417 ], [ 83.75, 31.6667 ], [ 82.5, 31.6667 ] ], [ [ 119.5833, 67.5 ], [ 119.1667, 67.2917 ], [ 118.9583, 67.0833 ], [ 118.9583, 66.875 ], [ 119.5833, 67.0833 ], [ 119.5833, 67.5 ] ], [ [ 117.9167, 65.0 ], [ 118.125, 65.4167 ], [ 117.7083, 65.8333 ], [ 117.7083, 66.0417 ], [ 117.7083, 66.4583 ], [ 118.125, 66.4583 ], [ 118.125, 67.0833 ], [ 117.9167, 67.2917 ], [ 117.7083, 67.0833 ], [ 117.5, 66.875 ], [ 117.0833, 66.875 ], [ 116.875, 66.875 ], [ 116.6667, 66.6667 ], [ 116.4583, 66.4583 ], [ 116.6667, 66.0417 ], [ 116.6667, 65.8333 ], [ 116.875, 65.4167 ], [ 117.0833, 65.0 ], [ 117.0833, 64.7917 ], [ 117.2917, 64.7917 ], [ 117.2917, 64.375 ], [ 117.5, 64.375 ], [ 117.7083, 64.1667 ], [ 117.9167, 63.9583 ], [ 118.125, 63.75 ], [ 118.5417, 63.75 ], [ 118.5417, 63.9583 ], [ 118.75, 63.9583 ], [ 118.75, 64.375 ], [ 119.375, 64.5833 ], [ 118.75, 64.7917 ], [ 118.5417, 64.7917 ], [ 118.3333, 64.7917 ], [ 118.125, 64.7917 ], [ 117.9167, 65.0 ] ], [ [ 117.5, -45.625 ], [ 117.7083, -45.625 ], [ 118.3333, -45.625 ], [ 118.5417, -45.625 ], [ 118.9583, -45.4167 ], [ 119.1667, -45.625 ], [ 119.5833, -45.625 ], [ 119.7917, -46.0417 ], [ 120.2083, -45.8333 ], [ 119.7917, -45.4167 ], [ 119.5833, -45.0 ], [ 119.5833, -44.7917 ], [ 119.7917, -44.1667 ], [ 119.5833, -44.1667 ], [ 119.5833, -43.9583 ], [ 119.375, -43.5417 ], [ 119.1667, -43.125 ], [ 118.9583, -43.5417 ], [ 118.5417, -43.9583 ], [ 118.5417, -44.1667 ], [ 118.3333, -44.5833 ], [ 118.125, -44.5833 ], [ 117.7083, -45.0 ], [ 117.2917, -44.7917 ], [ 117.0833, -44.7917 ], [ 116.875, -45.0 ], [ 116.6667, -45.0 ], [ 116.6667, -45.4167 ], [ 117.0833, -45.8333 ], [ 117.5, -45.625 ] ], [ [ 117.5, -42.2917 ], [ 117.5, -42.7083 ], [ 117.9167, -42.7083 ], [ 117.9167, -42.5 ], [ 117.9167, -42.0833 ], [ 117.7083, -42.0833 ], [ 117.5, -42.2917 ] ], [ [ 118.75, -22.7083 ], [ 118.125, -22.7083 ], [ 117.9167, -22.9167 ], [ 118.3333, -23.3333 ], [ 118.75, -23.5417 ], [ 118.75, -22.9167 ], [ 118.75, -22.7083 ] ], [ [ 117.5, 6.6667 ], [ 117.5, 6.25 ], [ 117.7083, 6.0417 ], [ 117.9167, 6.0417 ], [ 117.9167, 6.25 ], [ 117.9167, 6.6667 ], [ 117.5, 6.6667 ] ], [ [ 125.625, -40.4167 ], [ 125.0, -40.625 ], [ 124.7917, -40.8333 ], [ 125.0, -41.4583 ], [ 125.625, -40.8333 ], [ 125.625, -40.4167 ] ], [ [ 122.5, -7.5 ], [ 122.5, -7.0833 ], [ 122.0833, -7.0833 ], [ 122.0833, -8.125 ], [ 122.5, -7.5 ] ], [ [ 128.75, -32.9167 ], [ 128.9583, -32.5 ], [ 128.5417, -32.2917 ], [ 128.3333, -32.5 ], [ 128.75, -32.9167 ] ], [ [ 131.875, -34.375 ], [ 131.6667, -33.9583 ], [ 131.875, -33.75 ], [ 131.6667, -33.5417 ], [ 131.4583, -33.5417 ], [ 131.25, -33.3333 ], [ 130.8333, -33.3333 ], [ 130.625, -33.5417 ], [ 130.625, -33.75 ], [ 130.4167, -33.9583 ], [ 130.625, -34.375 ], [ 130.4167, -34.375 ], [ 130.625, -34.5833 ], [ 130.8333, -35.0 ], [ 131.0417, -35.0 ], [ 131.4583, -34.7917 ], [ 131.875, -34.5833 ], [ 131.875, -34.375 ] ], [ [ 128.75, -18.125 ], [ 128.9583, -18.3333 ], [ 128.9583, -18.5417 ], [ 129.375, -18.125 ], [ 128.9583, -17.9167 ], [ 128.75, -18.125 ] ], [ [ 125.8333, 3.5417 ], [ 126.0417, 3.3333 ], [ 126.25, 3.3333 ], [ 126.4583, 3.9583 ], [ 126.25, 4.1667 ], [ 125.8333, 3.9583 ], [ 125.8333, 3.5417 ] ], [ [ 120.2083, 63.125 ], [ 120.0, 63.3333 ], [ 119.7917, 63.3333 ], [ 119.5833, 63.125 ], [ 119.7917, 62.7083 ], [ 120.2083, 62.7083 ], [ 120.2083, 63.125 ] ], [ [ 135.0, 64.7917 ], [ 134.7917, 65.0 ], [ 134.375, 65.0 ], [ 134.1667, 65.0 ], [ 134.1667, 64.7917 ], [ 134.5833, 63.9583 ], [ 135.0, 64.375 ], [ 135.0, 64.7917 ] ] ] ] } },
{ "type": "Feature", "properties": { "id": 28, "neighbors": [ 30, 8, 10, 11, 12, 29 ], "height": 4, "biome": 9, "type": "island", "population": 0, "state": 0, "province": 0 }, "geometry": { "type": "MultiPolygon", "coordinates": [ [ [ [ 31.0417, -38.9583 ], [ 30.8333, -39.1667 ], [ 30.625, -39.375 ], [ 30.4167, -39.1667 ], [ 30.4167, -38.9583 ], [ 30.4167, -38.75 ], [ 30.8333, -38.75 ], [ 31.0417, -38.9583 ] ] ] ] } },
{ "type": "Feature", "properties": { "id": 28, "neighbors": [ 30, 8, 10, 11, 12, 29 ], "height": 4, "biome": 9, "type": "island", "population": 0, "state": 0, "province": 0 }, "geometry": { "type": "MultiPolygon", "coordinates": [ [ [ [ 27.0833, 3.9583 ], [ 27.2917, 3.75 ], [ 27.0833, 3.5417 ], [ 26.875, 3.5417 ], [ 26.4583, 3.75 ], [ 26.4583, 3.9583 ], [ 27.0833, 3.9583 ] ] ] ] } },
{ "type": "Feature", "properties": { "id": 28, "neighbors": [ 30, 8, 10, 11, 12, 29 ], "height": 4, "biome": 9, "type": "island", "population": 0, "state": 0, "province": 0 }, "geometry": { "type": "MultiPolygon", "coordinates": [ [ [ [ 27.7083, 14.7917 ], [ 27.5, 14.375 ], [ 27.0833, 14.375 ], [ 26.875, 14.7917 ], [ 27.0833, 15.0 ], [ 27.5, 15.0 ], [ 27.7083, 14.7917 ] ] ] ] } },
{ "type": "Feature", "properties": { "id": 28, "neighbors": [ 30, 8, 10, 11, 12, 29 ], "height": 4, "biome": 9, "type": "island", "population": 0, "state": 0, "province": 0 }, "geometry": { "type": "MultiPolygon", "coordinates": [ [ [ [ 31.6667, 16.875 ], [ 31.6667, 17.0833 ], [ 31.875, 17.2917 ], [ 32.5, 17.0833 ], [ 32.5, 16.875 ], [ 32.5, 16.6667 ], [ 32.2917, 16.4583 ], [ 32.0833, 16.4583 ], [ 31.6667, 16.875 ] ] ] ] } },
{ "type": "Feature", "properties": { "id": 28, "neighbors": [ 30, 8, 10, 11, 12, 29 ], "height": 4, "biome": 9, "type": "island", "population": 0, "state": 0, "province": 0 }, "geometry": { "type": "MultiPolygon", "coordinates": [ [ [ [ 35.4167, 17.0833 ], [ 35.4167, 17.5 ], [ 35.625, 17.7083 ], [ 36.25, 17.7083 ], [ 36.25, 17.5 ], [ 36.25, 17.2917 ], [ 36.0417, 17.0833 ], [ 35.8333, 17.0833 ], [ 35.4167, 17.0833 ] ] ] ] } },
{ "type": "Feature", "properties": { "id": 28, "neighbors": [ 30, 8, 10, 11, 12, 29 ], "height": 4, "biome": 9, "type": "island", "population": 0, "state": 0, "province": 0 }, "geometry": { "type": "MultiPolygon", "coordinates": [ [ [ [ 24.5833, 19.5833 ], [ 24.7917, 19.5833 ], [ 25.625, 19.5833 ], [ 25.625, 19.375 ], [ 25.2083, 18.9583 ], [ 24.7917, 18.75 ], [ 24.375, 18.5417 ], [ 23.9583, 18.75 ], [ 23.9583, 19.375 ], [ 24.1667, 19.375 ], [ 24.1667, 19.5833 ], [ 24.5833, 19.5833 ] ] ] ] } },
{ "type": "Feature", "properties": { "id": 28, "neighbors": [ 30, 8, 10, 11, 12, 29 ], "height": 4, "biome": 9, "type": "island", "population": 0, "state": 0, "province": 0 }, "geometry": { "type": "MultiPolygon", "coordinates": [ [ [ [ 29.5833, 20.4167 ], [ 29.1667, 20.4167 ], [ 28.75, 20.8333 ], [ 28.9583, 21.25 ], [ 29.375, 21.4583 ], [ 29.5833, 21.0417 ], [ 29.5833, 20.4167 ] ] ] ] } },
{ "type": "Feature", "properties": { "id": 28, "neighbors": [ 30, 8, 10, 11, 12, 29 ], "height": 4, "biome": 9, "type": "island", "population": 0, "state": 0, "province": 0 }, "geometry": { "type": "MultiPolygon", "coordinates": [ [ [ [ 36.25, 22.5 ], [ 36.6667, 22.7083 ], [ 36.6667, 22.5 ], [ 36.875, 22.5 ], [ 37.0833, 22.2917 ], [ 36.6667, 21.6667 ], [ 36.0417, 21.875 ], [ 36.25, 22.5 ] ] ] ] } },
{ "type": "Feature", "properties": { "id": 28, "neighbors": [ 30, 8, 10, 11, 12, 29 ], "height": 4, "biome": 9, "type": "island", "population": 0, "state": 0, "province": 0 }, "geometry": { "type": "MultiPolygon", "coordinates": [ [ [ [ 25.625, 23.75 ], [ 25.4167, 23.9583 ], [ 25.2083, 24.1667 ], [ 25.2083, 24.375 ], [ 25.625, 24.5833 ], [ 25.8333, 24.375 ], [ 25.8333, 24.1667 ], [ 25.8333, 23.9583 ], [ 25.625, 23.75 ] ] ] ] } },
{ "type": "Feature", "properties": { "id": 28, "neighbors": [ 30, 8, 10, 11, 12, 29 ], "height": 4, "biome": 9, "type": "island", "population": 0, "state": 0, "province": 0 }, "geometry": { "type": "MultiPolygon", "coordinates": [ [ [ [ 31.6667, 26.25 ], [ 31.6667, 26.4583 ], [ 32.0833, 26.4583 ], [ 32.2917, 25.8333 ], [ 32.2917, 25.625 ], [ 32.0833, 25.625 ], [ 31.6667, 25.8333 ], [ 31.6667, 26.25 ] ] ] ] } },
{ "type": "Feature", "properties": { "id": 28, "neighbors": [ 30, 8, 10, 11, 12, 29 ], "height": 4, "biome": 9, "type": "island", "population": 0, "state": 0, "province": 0 }, "geometry": { "type": "MultiPolygon", "coordinates": [ [ [ [ 36.25, 26.0417 ], [ 36.4583, 26.6667 ], [ 36.6667, 26.6667 ], [ 36.875, 26.6667 ], [ 37.0833, 26.25 ], [ 37.0833, 26.0417 ], [ 36.4583, 25.8333 ], [ 36.25, 26.0417 ] ] ] ] } },
{ "type": "Feature", "properties": { "id": 28, "neighbors": [ 30, 8, 10, 11, 12, 29 ], "height": 4, "biome": 9, "type": "island", "population": 0, "state": 0, "province": 0 }, "geometry": { "type": "MultiPolygon", "coordinates": [ [ [ [ 25.2083, 29.5833 ], [ 25.625, 29.5833 ], [ 25.8333, 29.5833 ], [ 26.25, 29.5833 ], [ 26.4583, 29.375 ], [ 26.4583, 29.1667 ], [ 26.0417, 28.9583 ], [ 25.8333, 28.9583 ], [ 25.4167, 28.75 ], [ 25.2083, 28.75 ], [ 25.0, 28.75 ], [ 25.0, 28.9583 ], [ 25.0, 29.1667 ], [ 25.2083, 29.5833 ] ] ] ] } },
{ "type": "Feature", "properties": { "id": 28, "neighbors": [ 30, 8, 10, 11, 12, 29 ], "height": 4, "biome": 9, "type": "island", "population": 0, "state": 0, "province": 0 }, "geometry": { "type": "MultiPolygon", "coordinates": [ [ [ [ 36.0417, 29.7917 ], [ 36.4583, 30.0 ], [ 36.6667, 29.5833 ], [ 36.6667, 29.375 ], [ 36.0417, 29.375 ], [ 36.0417, 29.7917 ] ] ] ] } },
{ "type": "Feature", "properties": { "id": 28, "neighbors": [ 30, 8, 10, 11, 12, 29 ], "height": 4, "biome": 9, "type": "island", "population": 0, "state": 0, "province": 0 }, "geometry": { "type": "MultiPolygon", "coordinates": [ [ [ [ 34.1667, 31.4583 ], [ 33.9583, 31.4583 ], [ 33.9583, 32.0833 ], [ 34.375, 32.2917 ], [ 34.7917, 32.2917 ], [ 34.5833, 31.6667 ], [ 34.5833, 31.4583 ], [ 34.375, 31.4583 ], [ 34.1667, 31.4583 ] ] ] ] } },
{ "type": "Feature", "properties": { "id": 28, "neighbors": [ 30, 8, 10, 11, 12, 29 ], "height": 4, "biome": 9, "type": "island", "population": 0, "state": 0, "province": 0 }, "geometry": { "type": "MultiPolygon", "coordinates": [ [ [ [ 38.3333, 36.25 ], [ 38.75, 36.0417 ], [ 38.5417, 35.625 ], [ 38.125, 35.625 ], [ 37.9167, 35.4167 ], [ 37.7083, 35.2083 ], [ 37.7083, 35.0 ], [ 37.2917, 35.0 ], [ 37.0833, 35.0 ], [ 36.875, 35.2083 ], [ 36.6667, 35.4167 ], [ 36.4583, 35.625 ], [ 36.4583, 36.0417 ], [ 36.4583, 36.25 ], [ 36.875, 36.25 ], [ 37.5, 36.25 ], [ 38.125, 36.25 ], [ 38.3333, 36.25 ] ] ] ] } },
{ "type": "Feature", "properties": { "id": 28, "neighbors": [ 30, 8, 10, 11, 12, 29 ], "height": 4, "biome": 9, "type": "island", "population": 0, "state": 0, "province": 0 }, "geometry": { "type": "MultiPolygon", "coordinates": [ [ [ [ 27.5, 38.125 ], [ 27.9167, 38.125 ], [ 28.125, 37.7083 ], [ 27.7083, 37.5 ], [ 27.5, 37.7083 ], [ 27.5, 38.125 ] ] ] ] } },
{ "type": "Feature", "properties": { "id": 28, "neighbors": [ 30, 8, 10, 11, 12, 29 ], "height": 4, "biome": 9, "type": "island", "population": 0, "state": 0, "province": 0 }, "geometry": { "type": "MultiPolygon", "coordinates": [ [ [ [ 25.625, 40.0 ], [ 25.625, 39.7917 ], [ 25.0, 39.5833 ], [ 25.0, 39.7917 ], [ 25.0, 40.2083 ], [ 25.4167, 40.4167 ], [ 25.625, 40.0 ] ] ] ] } },
{ "type": "Feature", "properties": { "id": 28, "neighbors": [ 30, 8, 10, 11, 12, 29 ], "height": 4, "biome": 9, "type": "island", "population": 0, "state": 0, "province": 0 }, "geometry": { "type": "MultiPolygon", "coordinates": [ [ [ [ 33.5417, 43.75 ], [ 33.5417, 43.9583 ], [ 33.5417, 44.375 ], [ 33.3333, 44.5833 ], [ 33.3333, 44.7917 ], [ 33.125, 45.0 ], [ 33.125, 45.2083 ], [ 33.5417, 45.4167 ], [ 34.1667, 45.2083 ], [ 34.1667, 45.0 ], [ 34.5833, 44.7917 ], [ 35.0, 44.5833 ], [ 35.4167, 44.5833 ], [ 35.625, 44.375 ], [ 35.625, 44.1667 ], [ 36.0417, 43.9583 ], [ 36.4583, 44.1667 ], [ 36.4583, 43.75 ], [ 36.25, 43.5417 ], [ 36.4583, 43.125 ], [ 36.6667, 43.125 ], [ 36.875, 43.125 ], [ 37.0833, 43.125 ], [ 37.2917, 42.7083 ], [ 37.0833, 42.2917 ], [ 36.875, 42.2917 ], [ 36.875, 42.0833 ], [ 36.25, 41.875 ], [ 36.0417, 41.875 ], [ 35.8333, 41.6667 ], [ 35.4167, 41.4583 ], [ 34.7917, 41.25 ], [ 34.7917, 41.0417 ], [ 34.1667, 41.0417 ], [ 33.9583, 41.25 ], [ 33.9583, 41.6667 ], [ 33.9583, 41.875 ], [ 33.5417, 42.0833 ], [ 33.5417, 42.2917 ], [ 33.3333, 42.5 ], [ 33.3333, 42.7083 ], [ 33.5417, 43.125 ], [ 33.5417, 43.3333 ], [ 33.5417, 43.75 ] ] ] ] } },
{ "type": "Feature", "properties": { "id": 28, "neighbors": [ 30, 8, 10, 11, 12, 29 ], "height": 4, "biome": 9, "type": "island", "population": 0, "state": 0, "province": 0 }, "geometry": { "type": "MultiPolygon", "coordinates": [ [ [ [ 27.7083, 43.75 ], [ 27.9167, 43.5417 ], [ 27.9167, 43.3333 ], [ 27.5, 43.125 ], [ 27.2917, 43.3333 ], [ 26.875, 43.125 ], [ 26.875, 43.3333 ], [ 26.6667, 43.5417 ], [ 26.6667, 43.75 ], [ 27.0833, 43.9583 ], [ 27.0833, 44.1667 ], [ 27.7083, 44.375 ], [ 27.9167, 44.1667 ], [ 27.7083, 43.75 ] ] ] ] } },
{ "type": "Feature", "properties": { "id": 28, "neighbors": [ 30, 8, 10, 11, 12, 29 ], "height": 4, "biome": 9, "type": "island", "population": 0, "state": 0, "province": 0 }, "geometry": { "type": "MultiPolygon", "coordinates": [ [ [ [ 34.1667, 46.25 ], [ 33.9583, 45.8333 ], [ 33.75, 46.4583 ], [ 33.9583, 46.4583 ], [ 34.1667, 46.25 ] ] ] ] } },
{ "type": "Feature", "properties": { "id": 28, "neighbors": [ 30, 8, 10, 11, 12, 29 ], "height": 4, "biome": 9, "type": "island", "population": 0, "state": 0, "province": 0 }, "geometry": { "type": "MultiPolygon", "coordinates": [ [ [ [ 37.5, 49.5833 ], [ 37.7083, 49.5833 ], [ 37.9167, 49.375 ], [ 37.9167, 48.9583 ], [ 37.5, 48.9583 ], [ 37.2917, 49.375 ], [ 37.5, 49.5833 ] ] ] ] } },
{ "type": "Feature", "properties": { "id": 28, "neighbors": [ 30, 8, 10, 11, 12, 29 ], "height": 4, "biome": 9, "type": "island", "population": 0, "state": 0, "province": 0 }, "geometry": { "type": "MultiPolygon", "coordinates": [ [ [ [ 32.0833, 50.8333 ], [ 31.875, 50.625 ], [ 31.875, 50.4167 ], [ 31.4583, 50.0 ], [ 31.0417, 50.2083 ], [ 30.8333, 50.4167 ], [ 30.4167, 50.625 ], [ 30.4167, 50.8333 ], [ 30.4167, 51.4583 ], [ 30.8333, 51.6667 ], [ 30.8333, 51.875 ], [ 31.0417, 52.0833 ], [ 31.25, 52.0833 ], [ 31.875, 52.0833 ], [ 32.0833, 51.6667 ], [ 32.0833, 51.4583 ], [ 32.0833, 51.0417 ], [ 32.0833, 50.8333 ] ] ] ] } },
{ "type": "Feature", "properties": { "id": 28, "neighbors": [ 30, 8, 10, 11, 12, 29 ], "height": 4, "biome": 9, "type": "island", "population": 0, "state": 0, "province": 0 }, "geometry": { "type": "MultiPolygon", "coordinates": [ [ [ [ 28.125, 52.7083 ], [ 28.3333, 52.7083 ], [ 28.75, 52.5 ], [ 28.75, 52.0833 ], [ 28.5417, 52.0833 ], [ 28.3333, 52.0833 ], [ 28.125, 51.875 ], [ 27.9167, 51.6667 ], [ 27.7083, 51.6667 ], [ 27.2917, 51.875 ], [ 27.2917, 52.2917 ], [ 27.2917, 52.7083 ], [ 27.5, 53.125 ], [ 27.9167, 52.7083 ], [ 28.125, 52.7083 ] ] ] ] } },
{ "type": "Feature", "properties": { "id": 28, "neighbors": [ 30, 8, 10, 11, 12, 29 ], "height": 4, "biome": 9, "type": "island", "population": 0, "state": 0, "province": 0 }, "geometry": { "type": "MultiPolygon", "coordinates": [ [ [ [ 35.2083, 78.5417 ], [ 35.625, 78.75 ], [ 35.8333, 78.5417 ], [ 35.8333, 78.3333 ], [ 35.625, 78.125 ], [ 35.2083, 77.9167 ], [ 35.0, 78.125 ], [ 35.2083, 78.5417 ] ] ] ] } },
{ "type": "Feature", "properties": { "id": 28, "neighbors": [ 30, 8, 10, 11, 12, 29 ], "height": 4, "biome": 9, "type": "island", "population": 0, "state": 0, "province": 0 }, "geometry": { "type": "MultiPolygon", "coordinates": [ [ [ [ 38.5417, -11.4583 ], [ 38.3333, -11.4583 ], [ 37.9167, -11.25 ], [ 37.7083, -11.25 ], [ 37.2917, -11.0417 ], [ 37.2917, -10.8333 ], [ 37.5, -10.625 ], [ 37.7083, -10.625 ], [ 38.125, -10.8333 ], [ 38.125, -11.0417 ], [ 38.5417, -11.0417 ], [ 38.75, -11.25 ], [ 38.5417, -11.4583 ] ] ] ] } },
{ "type": "Feature", "properties": { "id": 28, "neighbors": [ 30, 8, 10, 11, 12, 29 ], "height": 4, "biome": 9, "type": "island", "population": 0, "state": 0, "province": 0 }, "geometry": { "type": "MultiPolygon", "coordinates": [ [ [ [ 40.625, 11.4583 ], [ 40.4167, 11.25 ], [ 40.0, 11.25 ], [ 39.7917, 11.6667 ], [ 40.2083, 11.875 ], [ 40.625, 11.6667 ], [ 40.625, 11.4583 ] ] ] ] } },
{ "type": "Feature", "properties": { "id": 28, "neighbors": [ 30, 8, 10, 11, 12, 29 ], "height": 4, "biome": 9, "type": "island", "population": 0, "state": 0, "province": 0 }, "geometry": { "type": "MultiPolygon", "coordinates": [ [ [ [ 42.2917, 27.2917 ], [ 42.5, 27.9167 ], [ 42.7083, 27.7083 ], [ 42.9167, 27.2917 ], [ 42.5, 27.2917 ], [ 42.2917, 27.2917 ] ] ] ] } },
{ "type": "Feature", "properties": { "id": 28, "neighbors": [ 30, 8, 10, 11, 12, 29 ], "height": 4, "biome": 9, "type": "island", "population": 0, "state": 0, "province": 0 }, "geometry": { "type": "MultiPolygon", "coordinates": [ [ [ [ 44.5833, 35.2083 ], [ 44.7917, 34.7917 ], [ 44.375, 34.5833 ], [ 43.9583, 34.7917 ], [ 43.9583, 35.2083 ], [ 44.1667, 35.4167 ], [ 44.5833, 35.2083 ] ] ] ] } },
{ "type": "Feature", "properties": { "id": 28, "neighbors": [ 30, 8, 10, 11, 12, 29 ], "height": 4, "biome": 9, "type": "island", "population": 0, "state": 0, "province": 0 }, "geometry": { "type": "MultiPolygon", "coordinates": [ [ [ [ 41.4583, 42.2917 ], [ 41.25, 41.6667 ], [ 40.8333, 41.4583 ], [ 40.625, 41.4583 ], [ 40.625, 41.875 ], [ 41.0417, 42.0833 ], [ 41.4583, 42.2917 ] ] ] ] } },
{ "type": "Feature", "properties": { "id": 28, "neighbors": [ 30, 8, 10, 11, 12, 29 ], "height": 4, "biome": 9, "type": "island", "population": 0, "state": 0, "province": 0 }, "geometry": { "type": "MultiPolygon", "coordinates": [ [ [ [ 43.3333, 48.5417 ], [ 43.5417, 48.5417 ], [ 43.75, 48.3333 ], [ 43.75, 48.125 ], [ 43.5417, 47.9167 ], [ 43.3333, 47.9167 ], [ 43.3333, 48.125 ], [ 43.3333, 48.5417 ] ] ] ] } },
{ "type": "Feature", "properties": { "id": 28, "neighbors": [ 30, 8, 10, 11, 12, 29 ], "height": 4, "biome": 9, "type": "island", "population": 0, "state": 0, "province": 0 }, "geometry": { "type": "MultiPolygon", "coordinates": [ [ [ [ 39.375, 61.875 ], [ 39.5833, 61.875 ], [ 39.7917, 61.6667 ], [ 39.7917, 61.25 ], [ 39.5833, 61.0417 ], [ 39.1667, 61.25 ], [ 39.1667, 61.4583 ], [ 39.375, 61.875 ] ] ] ] } },
{ "type": "Feature", "properties": { "id": 28, "neighbors": [ 30, 8, 10, 11, 12, 29 ], "height": 4, "biome": 9, "type": "island", "population": 0, "state": 0, "province": 0 }, "geometry": { "type": "MultiPolygon", "coordinates": [ [ [ [ 48.9583, -17.5 ], [ 48.5417, -17.5 ], [ 48.3333, -17.0833 ], [ 48.5417, -16.875 ], [ 48.9583, -16.6667 ], [ 49.375, -16.875 ], [ 49.375, -17.0833 ], [ 49.375, -17.2917 ], [ 49.1667, -17.2917 ], [ 48.9583, -17.5 ] ] ] ] } },
{ "type": "Feature", "properties": { "id": 28, "neighbors": [ 30, 8, 10, 11, 12, 29 ], "height": 4, "biome": 9, "type": "island", "population": 0, "state": 0, "province": 0 }, "geometry": { "type": "MultiPolygon", "coordinates": [ [ [ [ 51.0417, 34.7917 ], [ 51.25, 35.2083 ], [ 51.6667, 35.0 ], [ 51.25, 34.5833 ], [ 51.0417, 34.5833 ], [ 51.0417, 34.7917 ] ] ] ] } },
{ "type": "Feature", "properties": { "id": 28, "neighbors": [ 30, 8, 10, 11, 12, 29 ], "height": 4, "biome": 9, "type": "island", "population": 0, "state": 0, "province": 0 }, "geometry": { "type": "MultiPolygon", "coordinates": [ [ [ [ 53.75, -2.9167 ], [ 54.1667, -3.125 ], [ 54.375, -3.5417 ], [ 54.1667, -3.75 ], [ 53.75, -3.75 ], [ 53.75, -3.5417 ], [ 53.5417, -3.125 ], [ 53.75, -2.9167 ] ] ] ] } },
{ "type": "Feature", "properties": { "id": 28, "neighbors": [ 30, 8, 10, 11, 12, 29 ], "height": 4, "biome": 9, "type": "island", "population": 0, "state": 0, "province": 0 }, "geometry": { "type": "MultiPolygon", "coordinates": [ [ [ [ 55.4167, 56.4583 ], [ 55.2083, 56.6667 ], [ 55.2083, 57.2917 ], [ 55.625, 57.2917 ], [ 56.0417, 57.0833 ], [ 56.0417, 56.875 ], [ 56.0417, 56.6667 ], [ 55.625, 56.4583 ], [ 55.4167, 56.4583 ] ] ] ] } },
{ "type": "Feature", "properties": { "id": 28, "neighbors": [ 30, 8, 10, 11, 12, 29 ], "height": 4, "biome": 9, "type": "island", "population": 0, "state": 0, "province": 0 }, "geometry": { "type": "MultiPolygon", "coordinates": [ [ [ [ 61.6667, 45.4167 ], [ 61.4583, 45.8333 ], [ 61.4583, 46.0417 ], [ 61.4583, 46.25 ], [ 62.0833, 46.25 ], [ 62.2917, 45.8333 ], [ 62.2917, 45.625 ], [ 61.875, 45.4167 ], [ 61.6667, 45.4167 ] ] ] ] } },
{ "type": "Feature", "properties": { "id": 28, "neighbors": [ 30, 8, 10, 11, 12, 29 ], "height": 4, "biome": 9, "type": "island", "population": 0, "state": 0, "province": 0 }, "geometry": { "type": "MultiPolygon", "coordinates": [ [ [ [ 60.625, 57.7083 ], [ 60.8333, 57.7083 ], [ 61.25, 57.7083 ], [ 61.4583, 57.2917 ], [ 61.0417, 56.875 ], [ 60.625, 57.0833 ], [ 60.4167, 57.2917 ], [ 60.625, 57.7083 ] ] ] ] } },
{ "type": "Feature", "properties": { "id": 28, "neighbors": [ 30, 8, 10, 11, 12, 29 ], "height": 4, "biome": 9, "type": "island", "population": 0, "state": 0, "province": 0 }, "geometry": { "type": "MultiPolygon", "coordinates": [ [ [ [ 71.0417, -69.1667 ], [ 71.6667, -69.375 ], [ 71.6667, -69.7917 ], [ 71.25, -70.0 ], [ 71.0417, -69.5833 ], [ 71.0417, -69.1667 ] ] ] ] } },
{ "type": "Feature", "properties": { "id": 28, "neighbors": [ 30, 8, 10, 11, 12, 29 ], "height": 4, "biome": 9, "type": "island", "population": 0, "state": 0, "province": 0 }, "geometry": { "type": "MultiPolygon", "coordinates": [ [ [ [ 76.6667, 0.2083 ], [ 76.6667, 0.0 ], [ 76.6667, -0.4167 ], [ 76.4583, -0.4167 ], [ 76.0417, 0.0 ], [ 76.0417, 0.2083 ], [ 75.8333, 0.4167 ], [ 75.625, 0.625 ], [ 75.625, 0.8333 ], [ 75.8333, 1.0417 ], [ 76.6667, 1.0417 ], [ 76.6667, 0.8333 ], [ 76.6667, 0.625 ], [ 76.6667, 0.4167 ], [ 76.6667, 0.2083 ] ] ] ] } },
{ "type": "Feature", "properties": { "id": 28, "neighbors": [ 30, 8, 10, 11, 12, 29 ], "height": 4, "biome": 9, "type": "island", "population": 0, "state": 0, "province": 0 }, "geometry": { "type": "MultiPolygon", "coordinates": [ [ [ [ 79.7917, 15.0 ], [ 80.2083, 14.7917 ], [ 80.2083, 14.5833 ], [ 80.0, 14.1667 ], [ 79.375, 14.1667 ], [ 79.375, 14.5833 ], [ 79.375, 14.7917 ], [ 79.7917, 15.0 ] ] ] ] } },
{ "type": "Feature", "properties": { "id": 28, "neighbors": [ 30, 8, 10, 11, 12, 29 ], "height": 4, "biome": 9, "type": "island", "population": 0, "state": 0, "province": 0 }, "geometry": { "type": "MultiPolygon", "coordinates": [ [ [ [ 87.7083, 0.625 ], [ 87.9167, 0.8333 ], [ 88.125, 0.4167 ], [ 88.125, 0.2083 ], [ 87.7083, 0.0 ], [ 87.7083, 0.625 ] ] ] ] } },
{ "type": "Feature", "properties": { "id": 28, "neighbors": [ 30, 8, 10, 11, 12, 29 ], "height": 4, "biome": 9, "type": "island", "population": 0, "state": 0, "province": 0 }, "geometry": { "type": "MultiPolygon", "coordinates": [ [ [ [ 89.1667, 7.7083 ], [ 88.9583, 7.5 ], [ 88.75, 7.5 ], [ 88.5417, 7.7083 ], [ 88.125, 7.2917 ], [ 87.7083, 7.7083 ], [ 87.7083, 8.125 ], [ 87.7083, 8.75 ], [ 88.125, 8.9583 ], [ 88.3333, 8.9583 ], [ 88.75, 8.9583 ], [ 88.9583, 8.5417 ], [ 89.375, 8.125 ], [ 89.1667, 7.7083 ] ] ] ] } },
{ "type": "Feature", "properties": { "id": 28, "neighbors": [ 30, 8, 10, 11, 12, 29 ], "height": 4, "biome": 9, "type": "island", "population": 0, "state": 0, "province": 0 }, "geometry": { "type": "MultiPolygon", "coordinates": [ [ [ [ 95.625, -69.1667 ], [ 95.2083, -69.375 ], [ 95.0, -68.9583 ], [ 95.2083, -68.5417 ], [ 95.625, -68.5417 ], [ 95.625, -68.75 ], [ 95.625, -69.1667 ] ] ] ] } },
{ "type": "Feature", "properties": { "id": 28, "neighbors": [ 30, 8, 10, 11, 12, 29 ], "height": 4, "biome": 9, "type": "island", "population": 0, "state": 0, "province": 0 }, "geometry": { "type": "MultiPolygon", "coordinates": [ [ [ [ 101.4583, 8.5417 ], [ 101.4583, 8.3333 ], [ 101.25, 8.125 ], [ 101.0417, 8.125 ], [ 100.625, 8.5417 ], [ 100.625, 8.75 ], [ 101.0417, 8.9583 ], [ 101.25, 8.9583 ], [ 101.4583, 8.75 ], [ 101.4583, 8.5417 ] ] ] ] } },
{ "type": "Feature", "properties": { "id": 28, "neighbors": [ 30, 8, 10, 11, 12, 29 ], "height": 4, "biome": 9, "type": "island", "population": 0, "state": 0, "province": 0 }, "geometry": { "type": "MultiPolygon", "coordinates": [ [ [ [ 110.2083, 5.8333 ], [ 110.8333, 5.4167 ], [ 110.8333, 5.2083 ], [ 110.4167, 5.0 ], [ 110.2083, 5.0 ], [ 109.7917, 5.2083 ], [ 110.0, 5.8333 ], [ 110.2083, 5.8333 ] ] ] ] } },
{ "type": "Feature", "properties": { "id": 28, "neighbors": [ 30, 8, 10, 11, 12, 29 ], "height": 4, "biome": 9, "type": "island", "population": 0, "state": 0, "province": 0 }, "geometry": { "type": "MultiPolygon", "coordinates": [ [ [ [ 119.5833, 9.1667 ], [ 119.375, 9.375 ], [ 119.5833, 9.5833 ], [ 120.0, 9.7917 ], [ 120.2083, 9.5833 ], [ 120.2083, 8.9583 ], [ 120.0, 8.9583 ], [ 119.5833, 9.1667 ] ] ] ] } },
{ "type": "Feature", "properties": { "id": 28, "neighbors": [ 30, 8, 10, 11, 12, 29 ], "height": 4, "biome": 9, "type": "island", "population": 0, "state": 0, "province": 0 }, "geometry": { "type": "MultiPolygon", "coordinates": [ [ [ [ 134.1667, -51.6667 ], [ 133.75, -51.6667 ], [ 133.5417, -51.4583 ], [ 133.75, -51.0417 ], [ 134.1667, -51.0417 ], [ 134.375, -51.4583 ], [ 134.1667, -51.6667 ] ] ] ] } },
{ "type": "Feature", "properties": { "id": 28, "neighbors": [ 30, 8, 10, 11, 12, 29 ], "height": 4, "biome": 9, "type": "island", "population": 0, "state": 0, "province": 0 }, "geometry": { "type": "MultiPolygon", "coordinates": [ [ [ [ 136.875, -15.0 ], [ 136.875, -14.5833 ], [ 137.0833, -14.5833 ], [ 137.0833, -14.375 ], [ 137.5, -14.5833 ], [ 137.7083, -14.5833 ], [ 137.7083, -15.0 ], [ 137.2917, -15.2083 ], [ 136.875, -15.0 ] ] ] ] } },
{ "type": "Feature", "properties": { "id": 28, "neighbors": [ 30, 8, 10, 11, 12, 29 ], "height": 4, "biome": 9, "type": "island", "population": 0, "state": 0, "province": 0 }, "geometry": { "type": "MultiPolygon", "coordinates": [ [ [ [ 154.375, 1.6667 ], [ 154.7917, 1.875 ], [ 155.0, 2.0833 ], [ 155.2083, 1.6667 ], [ 155.2083, 1.25 ], [ 155.2083, 1.0417 ], [ 154.7917, 1.25 ], [ 154.375, 1.4583 ], [ 154.375, 1.6667 ] ] ] ] } },
{ "type": "Feature", "properties": { "id": 28, "neighbors": [ 30, 8, 10, 11, 12, 29 ], "height": 4, "biome": 9, "type": "island", "population": 0, "state": 0, "province": 0 }, "geometry": { "type": "MultiPolygon", "coordinates": [ [ [ [ 133.125, 17.2917 ], [ 133.125, 17.5 ], [ 133.125, 17.7083 ], [ 133.3333, 17.9167 ], [ 133.3333, 18.3333 ], [ 133.5417, 18.5417 ], [ 133.3333, 18.9583 ], [ 133.75, 19.375 ], [ 134.1667, 19.375 ], [ 134.375, 19.5833 ], [ 134.7917, 19.5833 ], [ 134.7917, 19.375 ], [ 135.0, 19.375 ], [ 135.4167, 18.9583 ], [ 135.625, 18.9583 ], [ 135.8333, 18.75 ], [ 135.8333, 18.3333 ], [ 135.625, 18.125 ], [ 135.625, 17.7083 ], [ 135.625, 17.5 ], [ 135.625, 17.0833 ], [ 135.8333, 16.6667 ], [ 135.8333, 16.4583 ], [ 135.625, 16.4583 ], [ 135.4167, 16.25 ], [ 135.0, 16.6667 ], [ 134.5833, 16.4583 ], [ 134.375, 16.4583 ], [ 134.1667, 16.4583 ], [ 133.75, 16.4583 ], [ 133.5417, 16.6667 ], [ 133.125, 16.875 ], [ 133.125, 17.0833 ], [ 133.125, 17.2917 ] ] ] ] } },
{ "type": "Feature", "properties": { "id": 28, "neighbors": [ 30, 8, 10, 11, 12, 29 ], "height": 4, "biome": 9, "type": "island", "population": 0, "state": 0, "province": 0 }, "geometry": { "type": "MultiPolygon", "coordinates": [ [ [ [ 141.875, 63.3333 ], [ 141.875, 62.9167 ], [ 141.4583, 62.9167 ], [ 141.25, 63.125 ], [ 141.4583, 63.5417 ], [ 141.6667, 63.75 ], [ 141.875, 63.3333 ] ] ] ] } },
{ "type": "Feature", "properties": { "id": 1132, "neighbors": [ 1131, 1037, 1041, 1134, 1237, 1133 ], "height": -3, "biome": 0, "type": "lake", "population": 0, "state": 0, "province": 0 }, "geometry": { "type": "MultiPolygon", "coordinates": [ [ [ [ -118.75, -78.5417 ], [ -118.75, -78.75 ], [ -119.1667, -78.75 ], [ -119.1667, -78.125 ], [ -118.75, -78.5417 ] ] ] ] } },
{ "type": "Feature", "properties": { "id": 1132, "neighbors": [ 1131, 1037, 1041, 1134, 1237, 1133 ], "height": -3, "biome": 0, "type": "lake", "population": 0, "state": 0, "province": 0 }, "geometry": { "type": "MultiPolygon", "coordinates": [ [ [ [ -118.3333, -77.5 ], [ -117.7083, -77.5 ], [ -117.7083, -77.7083 ], [ -117.9167, -78.125 ], [ -118.125, -78.125 ], [ -118.3333, -77.5 ] ] ] ] } },
{ "type": "Feature", "properties": { "id": 1132, "neighbors": [ 1131, 1037, 1041, 1134, 1237, 1133 ], "height": -3, "biome": 0, "type": "lake", "population": 0, "state": 0, "province": 0 }, "geometry": { "type": "MultiPolygon", "coordinates": [ [ [ [ -127.0833, -69.7917 ], [ -127.5, -69.375 ], [ -127.5, -69.1667 ], [ -127.2917, -68.9583 ], [ -126.875, -69.1667 ], [ -126.875, -69.375 ], [ -127.0833, -69.7917 ] ] ] ] } },
{ "type": "Feature", "properties": { "id": 1132, "neighbors": [ 1131, 1037, 1041, 1134, 1237, 1133 ], "height": -3, "biome": 0, "type": "lake", "population": 0, "state": 0, "province": 0 }, "geometry": { "type": "MultiPolygon", "coordinates": [ [ [ [ -113.75, -64.5833 ], [ -113.9583, -64.5833 ], [ -113.9583, -64.375 ], [ -113.9583, -63.9583 ], [ -113.3333, -64.1667 ], [ -113.3333, -64.375 ], [ -113.75, -64.5833 ] ] ] ] } },
{ "type": "Feature", "properties": { "id": 1132, "neighbors": [ 1131, 1037, 1041, 1134, 1237, 1133 ], "height": -3, "biome": 0, "type": "lake", "population": 0, "state": 0, "province": 0 }, "geometry": { "type": "MultiPolygon", "coordinates": [ [ [ [ -117.7083, -62.0833 ], [ -117.5, -62.0833 ], [ -117.2917, -61.875 ], [ -117.0833, -61.875 ], [ -116.6667, -62.2917 ], [ -116.4583, -62.2917 ], [ -116.25, -62.5 ], [ -116.25, -62.7083 ], [ -116.0417, -62.9167 ], [ -116.6667, -63.125 ], [ -116.875, -63.125 ], [ -117.2917, -63.125 ], [ -117.5, -62.9167 ], [ -117.7083, -62.7083 ], [ -117.9167, -62.5 ], [ -117.7083, -62.0833 ] ] ] ] } },
{ "type": "Feature", "properties": { "id": 1132, "neighbors": [ 1131, 1037, 1041, 1134, 1237, 1133 ], "height": -3, "biome": 0, "type": "lake", "population": 0, "state": 0, "province": 0 }, "geometry": { "type": "MultiPolygon", "coordinates": [ [ [ [ -131.875, -61.4583 ], [ -132.2917, -61.0417 ], [ -132.5, -60.8333 ], [ -132.5, -60.625 ], [ -132.2917, -60.2083 ], [ -131.875, -60.625 ], [ -131.6667, -60.625 ], [ -131.4583, -61.0417 ], [ -131.25, -61.0417 ], [ -131.0417, -61.25 ], [ -130.625, -61.4583 ], [ -130.625, -61.6667 ], [ -130.4167, -62.0833 ], [ -130.8333, -62.2917 ], [ -130.8333, -62.0833 ], [ -131.25, -62.5 ], [ -131.25, -62.7083 ], [ -131.4583, -62.9167 ], [ -131.6667, -62.9167 ], [ -131.875, -62.9167 ], [ -132.2917, -62.9167 ], [ -132.5, -63.125 ], [ -132.9167, -62.7083 ], [ -132.9167, -62.2917 ], [ -132.5, -62.0833 ], [ -132.0833, -62.0833 ], [ -131.875, -61.875 ], [ -131.875, -61.4583 ] ] ] ] } },
{ "type": "Feature", "properties": { "id": 1132, "neighbors": [ 1131, 1037, 1041, 1134, 1237, 1133 ], "height": -3, "biome": 0, "type": "lake", "population": 0, "state": 0, "province": 0 }, "geometry": { "type": "MultiPolygon", "coordinates": [ [ [ [ -116.0417, -59.375 ], [ -115.625, -59.1667 ], [ -115.625, -59.5833 ], [ -115.8333, -59.7917 ], [ -116.0417, -59.7917 ], [ -116.0417, -59.375 ] ] ] ] } },
{ "type": "Feature", "properties": { "id": 1132, "neighbors": [ 1131, 1037, 1041, 1134, 1237, 1133 ], "height": -3, "biome": 0, "type": "lake", "population": 0, "state": 0, "province": 0 }, "geometry": { "type": "MultiPolygon", "coordinates": [ [ [ [ -139.1667, -53.9583 ], [ -139.5833, -53.75 ], [ -139.375, -53.5417 ], [ -139.375, -53.3333 ], [ -138.9583, -53.5417 ], [ -138.9583, -53.9583 ], [ -139.1667, -53.9583 ] ] ] ] } },
{ "type": "Feature", "properties": { "id": 1132, "neighbors": [ 1131, 1037, 1041, 1134, 1237, 1133 ], "height": -3, "biome": 0, "type": "lake", "population": 0, "state": 0, "province": 0 }, "geometry": { "type": "MultiPolygon", "coordinates": [ [ [ [ -117.9167, 10.625 ], [ -118.3333, 10.8333 ], [ -118.5417, 11.0417 ], [ -118.125, 11.4583 ], [ -117.7083, 11.4583 ], [ -117.7083, 11.25 ], [ -117.7083, 10.8333 ], [ -117.9167, 10.625 ] ] ] ] } },
{ "type": "Feature", "properties": { "id": 1132, "neighbors": [ 1131, 1037, 1041, 1134, 1237, 1133 ], "height": -3, "biome": 0, "type": "lake", "population": 0, "state": 0, "province": 0 }, "geometry": { "type": "MultiPolygon", "coordinates": [ [ [ [ -117.2917, 13.3333 ], [ -117.0833, 13.3333 ], [ -116.875, 13.5417 ], [ -116.875, 13.9583 ], [ -116.6667, 14.1667 ], [ -116.4583, 14.1667 ], [ -116.25, 13.9583 ], [ -116.0417, 13.75 ], [ -115.8333, 13.75 ], [ -115.625, 13.75 ], [ -115.2083, 13.5417 ], [ -115.2083, 13.3333 ], [ -114.5833, 13.125 ], [ -114.7917, 12.9167 ], [ -115.2083, 12.7083 ], [ -115.4167, 12.9167 ], [ -115.8333, 12.9167 ], [ -116.0417, 12.7083 ], [ -116.0417, 12.5 ], [ -116.0417, 12.2917 ], [ -116.25, 11.875 ], [ -116.6667, 11.875 ], [ -117.0833, 12.0833 ], [ -117.2917, 12.5 ], [ -117.2917, 12.7083 ], [ -117.5, 12.9167 ], [ -117.5, 13.125 ], [ -117.2917, 13.3333 ] ] ] ] } },
{ "type": "Feature", "properties": { "id": 1132, "neighbors": [ 1131, 1037, 1041, 1134, 1237, 1133 ], "height": -3, "biome": 0, "type": "lake", "population": 0, "state": 0, "province": 0 }, "geometry": { "type": "MultiPolygon", "coordinates": [ [ [ [ -118.5417, 13.9583 ], [ -118.5417, 13.75 ], [ -118.9583, 13.5417 ], [ -119.1667, 13.75 ], [ -118.9583, 14.1667 ], [ -118.5417, 13.9583 ] ] ] ] } },
{ "type": "Feature", "properties": { "id": 1132, "neighbors": [ 1131, 1037, 1041, 1134, 1237, 1133 ], "height": -3, "biome": 0, "type": "lake", "population": 0, "state": 0, "province": 0 }, "geometry": { "type": "MultiPolygon", "coordinates": [ [ [ [ -116.25, 17.0833 ], [ -116.0417, 17.0833 ], [ -115.8333, 16.875 ], [ -115.4167, 16.6667 ], [ -115.4167, 16.25 ], [ -115.2083, 16.0417 ], [ -115.625, 15.625 ], [ -115.8333, 15.2083 ], [ -116.0417, 15.2083 ], [ -116.25, 15.4167 ], [ -116.0417, 15.8333 ], [ -116.4583, 16.25 ], [ -116.875, 16.4583 ], [ -116.6667, 16.875 ], [ -116.4583, 17.0833 ], [ -116.25, 17.0833 ] ] ] ] } },
{ "type": "Feature", "properties": { "id": 1132, "neighbors": [ 1131, 1037, 1041, 1134, 1237, 1133 ], "height": -3, "biome": 0, "type": "lake", "population": 0, "state": 0, "province": 0 }, "geometry": { "type": "MultiPolygon", "coordinates": [ [ [ [ -126.6667, 16.875 ], [ -126.25, 16.875 ], [ -126.0417, 16.6667 ], [ -126.4583, 16.25 ], [ -126.4583, 16.4583 ], [ -126.6667, 16.875 ] ] ] ] } },
{ "type": "Feature", "properties": { "id": 1132, "neighbors": [ 1131, 1037, 1041, 1134, 1237, 1133 ], "height": -3, "biome": 0, "type": "lake", "population": 0, "state": 0, "province": 0 }, "geometry": { "type": "MultiPolygon", "coordinates": [ [ [ [ -118.125, 18.3333 ], [ -118.125, 18.5417 ], [ -117.7083, 18.75 ], [ -117.5, 18.5417 ], [ -117.7083, 17.9167 ], [ -118.125, 18.3333 ] ] ] ] } },
{ "type": "Feature", "properties": { "id": 1132, "neighbors": [ 1131, 1037, 1041, 1134, 1237, 1133 ], "height": -3, "biome": 0, "type": "lake", "population": 0, "state": 0, "province": 0 }, "geometry": { "type": "MultiPolygon", "coordinates": [ [ [ [ -114.375, 19.5833 ], [ -114.1667, 19.1667 ], [ -114.1667, 18.9583 ], [ -114.5833, 18.9583 ], [ -114.5833, 19.5833 ], [ -114.375, 19.5833 ] ] ] ] } },
{ "type": "Feature", "properties": { "id": 1132, "neighbors": [ 1131, 1037, 1041, 1134, 1237, 1133 ], "height": -3, "biome": 0, "type": "lake", "population": 0, "state": 0, "province": 0 }, "geometry": { "type": "MultiPolygon", "coordinates": [ [ [ [ -113.9583, 57.9167 ], [ -113.9583, 58.125 ], [ -113.75, 58.3333 ], [ -113.3333, 58.125 ], [ -113.5417, 57.7083 ], [ -113.9583, 57.9167 ] ] ] ] } },
{ "type": "Feature", "properties": { "id": 1132, "neighbors": [ 1131, 1037, 1041, 1134, 1237, 1133 ], "height": -3, "biome": 0, "type": "lake", "population": 0, "state": 0, "province": 0 }, "geometry": { "type": "MultiPolygon", "coordinates": [ [ [ [ -111.875, 58.3333 ], [ -112.5, 58.3333 ], [ -112.0833, 58.75 ], [ -111.875, 58.5417 ], [ -111.875, 58.3333 ] ] ] ] } },
{ "type": "Feature", "properties": { "id": 1132, "neighbors": [ 1131, 1037, 1041, 1134, 1237, 1133 ], "height": -3, "biome": 0, "type": "lake", "population": 0, "state": 0, "province": 0 }, "geometry": { "type": "MultiPolygon", "coordinates": [ [ [ [ -111.4583, -71.4583 ], [ -111.6667, -70.8333 ], [ -111.4583, -70.625 ], [ -111.25, -70.625 ], [ -111.0417, -71.0417 ], [ -111.25, -71.4583 ], [ -111.4583, -71.4583 ] ] ] ] } },
{ "type": "Feature", "properties": { "id": 1132, "neighbors": [ 1131, 1037, 1041, 1134, 1237, 1133 ], "height": -3, "biome": 0, "type": "lake", "population": 0, "state": 0, "province": 0 }, "geometry": { "type": "MultiPolygon", "coordinates": [ [ [ [ -111.0417, -66.25 ], [ -110.625, -66.0417 ], [ -110.4167, -65.625 ], [ -110.2083, -65.625 ], [ -110.0, -65.8333 ], [ -110.0, -66.25 ], [ -110.0, -66.6667 ], [ -110.0, -66.875 ], [ -110.0, -67.0833 ], [ -109.5833, -67.2917 ], [ -109.375, -67.5 ], [ -109.375, -67.9167 ], [ -110.0, -67.9167 ], [ -110.2083, -67.7083 ], [ -110.4167, -67.7083 ], [ -110.625, -67.5 ], [ -110.8333, -67.5 ], [ -110.8333, -67.0833 ], [ -110.8333, -66.6667 ], [ -111.0417, -66.25 ] ] ] ] } },
{ "type": "Feature", "properties": { "id": 1132, "neighbors": [ 1131, 1037, 1041, 1134, 1237, 1133 ], "height": -3, "biome": 0, "type": "lake", "population": 0, "state": 0, "province": 0 }, "geometry": { "type": "MultiPolygon", "coordinates": [ [ [ [ -107.5, 54.1667 ], [ -107.5, 54.375 ], [ -107.7083, 54.5833 ], [ -107.7083, 54.7917 ], [ -107.9167, 55.0 ], [ -108.125, 55.2083 ], [ -108.3333, 55.4167 ], [ -108.5417, 55.625 ], [ -108.5417, 55.8333 ], [ -108.9583, 55.8333 ], [ -108.9583, 56.25 ], [ -109.1667, 56.25 ], [ -109.375, 56.6667 ], [ -109.5833, 56.875 ], [ -110.0, 56.6667 ], [ -110.0, 57.0833 ], [ -110.0, 57.2917 ], [ -109.7917, 57.5 ], [ -109.7917, 57.7083 ], [ -110.0, 58.125 ], [ -110.2083, 58.3333 ], [ -110.0, 58.75 ], [ -109.7917, 58.75 ], [ -109.5833, 59.1667 ], [ -109.375, 59.5833 ], [ -108.9583, 59.7917 ], [ -108.75, 59.7917 ], [ -108.5417, 60.2083 ], [ -108.5417, 60.4167 ], [ -108.125, 60.8333 ], [ -107.9167, 60.4167 ], [ -107.9167, 60.2083 ], [ -107.9167, 59.7917 ], [ -107.9167, 59.5833 ], [ -107.9167, 59.1667 ], [ -107.7083, 59.1667 ], [ -107.7083, 58.75 ], [ -107.7083, 58.5417 ], [ -107.9167, 58.125 ], [ -107.9167, 57.9167 ], [ -108.125, 57.5 ], [ -108.3333, 57.2917 ], [ -108.125, 56.875 ], [ -107.7083, 56.875 ], [ -107.5, 56.4583 ], [ -107.2917, 56.25 ], [ -107.0833, 56.25 ], [ -106.875, 56.25 ], [ -106.6667, 56.25 ], [ -106.4583, 56.25 ], [ -106.0417, 56.25 ], [ -106.0417, 56.0417 ], [ -105.625, 56.0417 ], [ -105.4167, 55.625 ], [ -105.625, 55.625 ], [ -105.625, 55.4167 ], [ -106.0417, 55.2083 ], [ -106.0417, 54.7917 ], [ -106.0417, 54.375 ], [ -106.0417, 54.1667 ], [ -106.25, 53.5417 ], [ -106.4583, 53.125 ], [ -106.25, 53.125 ], [ -106.4583, 52.7083 ], [ -106.6667, 52.2917 ], [ -107.2917, 52.2917 ], [ -107.5, 52.2917 ], [ -107.9167, 52.5 ], [ -107.7083, 52.9167 ], [ -107.7083, 53.125 ], [ -107.5, 53.3333 ], [ -107.5, 53.75 ], [ -107.7083, 53.9583 ], [ -107.5, 54.1667 ] ] ] ] } },
{ "type": "Feature", "properties": { "id": 1132, "neighbors": [ 1131, 1037, 1041, 1134, 1237, 1133 ], "height": -3, "biome": 0, "type": "lake", "population": 0, "state": 0, "province": 0 }, "geometry": { "type": "MultiPolygon", "coordinates": [ [ [ [ -108.125, 53.75 ], [ -108.5417, 53.75 ], [ -108.75, 53.9583 ], [ -108.3333, 54.1667 ], [ -108.125, 53.75 ] ] ] ] } },
{ "type": "Feature", "properties": { "id": 1132, "neighbors": [ 1131, 1037, 1041, 1134, 1237, 1133 ], "height": -3, "biome": 0, "type": "lake", "population": 0, "state": 0, "province": 0 }, "geometry": { "type": "MultiPolygon", "coordinates": [ [ [ [ -79.7917, -41.6667 ], [ -79.5833, -41.25 ], [ -79.1667, -41.6667 ], [ -79.5833, -41.875 ], [ -79.7917, -41.875 ], [ -79.7917, -41.6667 ] ] ] ] } },
{ "type": "Feature", "properties": { "id": 1132, "neighbors": [ 1131, 1037, 1041, 1134, 1237, 1133 ], "height": -3, "biome": 0, "type": "lake", "population": 0, "state": 0, "province": 0 }, "geometry": { "type": "MultiPolygon", "coordinates": [ [ [ [ -90.625, -36.0417 ], [ -91.0417, -36.0417 ], [ -91.0417, -35.8333 ], [ -90.625, -35.625 ], [ -90.625, -36.0417 ] ] ] ] } },
{ "type": "Feature", "properties": { "id": 1132, "neighbors": [ 1131, 1037, 1041, 1134, 1237, 1133 ], "height": -3, "biome": 0, "type": "lake", "population": 0, "state": 0, "province": 0 }, "geometry": { "type": "MultiPolygon", "coordinates": [ [ [ [ -69.1667, -34.5833 ], [ -69.375, -35.0 ], [ -69.5833, -35.0 ], [ -70.0, -35.0 ], [ -70.0, -35.2083 ], [ -70.4167, -35.0 ], [ -70.625, -34.7917 ], [ -70.2083, -34.5833 ], [ -69.7917, -34.375 ], [ -69.375, -34.375 ], [ -69.1667, -34.5833 ] ] ] ] } },
{ "type": "Feature", "properties": { "id": 1132, "neighbors": [ 1131, 1037, 1041, 1134, 1237, 1133 ], "height": -3, "biome": 0, "type": "lake", "population": 0, "state": 0, "province": 0 }, "geometry": { "type": "MultiPolygon", "coordinates": [ [ [ [ -99.5833, -33.75 ], [ -99.1667, -33.5417 ], [ -98.9583, -34.1667 ], [ -99.375, -34.1667 ], [ -99.5833, -34.1667 ], [ -99.5833, -33.75 ] ] ] ] } },
{ "type": "Feature", "properties": { "id": 1132, "neighbors": [ 1131, 1037, 1041, 1134, 1237, 1133 ], "height": -3, "biome": 0, "type": "lake", "population": 0, "state": 0, "province": 0 }, "geometry": { "type": "MultiPolygon", "coordinates": [ [ [ [ -65.2083, -30.2083 ], [ -65.625, -30.0 ], [ -65.4167, -29.7917 ], [ -65.0, -29.7917 ], [ -65.0, -30.2083 ], [ -65.2083, -30.2083 ] ] ] ] } },
{ "type": "Feature", "properties": { "id": 1132, "neighbors": [ 1131, 1037, 1041, 1134, 1237, 1133 ], "height": -3, "biome": 0, "type": "lake", "population": 0, "state": 0, "province": 0 }, "geometry": { "type": "MultiPolygon", "coordinates": [ [ [ [ -100.0, 30.0 ], [ -99.7917, 30.0 ], [ -99.375, 29.7917 ], [ -99.375, 29.5833 ], [ -99.375, 29.375 ], [ -99.7917, 29.375 ], [ -100.0, 30.0 ] ] ] ] } },
{ "type": "Feature", "properties": { "id": 1132, "neighbors": [ 1131, 1037, 1041, 1134, 1237, 1133 ], "height": -3, "biome": 0, "type": "lake", "population": 0, "state": 0, "province": 0 }, "geometry": { "type": "MultiPolygon", "coordinates": [ [ [ [ -91.875, 48.5417 ], [ -91.25, 48.5417 ], [ -91.0417, 48.125 ], [ -91.6667, 47.9167 ], [ -91.875, 48.3333 ], [ -91.875, 48.5417 ] ] ] ] } },
{ "type": "Feature", "properties": { "id": 1132, "neighbors": [ 1131, 1037, 1041, 1134, 1237, 1133 ], "height": -3, "biome": 0, "type": "lake", "population": 0, "state": 0, "province": 0 }, "geometry": { "type": "MultiPolygon", "coordinates": [ [ [ [ -93.75, 49.7917 ], [ -93.9583, 50.0 ], [ -94.1667, 50.0 ], [ -94.5833, 50.2083 ], [ -94.7917, 50.625 ], [ -93.9583, 50.625 ], [ -93.9583, 50.8333 ], [ -93.5417, 51.25 ], [ -93.3333, 51.0417 ], [ -93.125, 50.8333 ], [ -93.5417, 50.625 ], [ -93.3333, 50.4167 ], [ -93.5417, 50.0 ], [ -93.75, 49.7917 ] ] ] ] } },
{ "type": "Feature", "properties": { "id": 1132, "neighbors": [ 1131, 1037, 1041, 1134, 1237, 1133 ], "height": -3, "biome": 0, "type": "lake", "population": 0, "state": 0, "province": 0 }, "geometry": { "type": "MultiPolygon", "coordinates": [ [ [ [ -106.0417, 57.9167 ], [ -106.0417, 58.3333 ], [ -105.8333, 58.3333 ], [ -105.4167, 58.75 ], [ -105.625, 58.9583 ], [ -105.4167, 59.1667 ], [ -105.0, 59.5833 ], [ -104.7917, 59.1667 ], [ -104.7917, 58.9583 ], [ -104.7917, 58.75 ], [ -104.7917, 58.3333 ], [ -104.7917, 58.125 ], [ -104.5833, 57.7083 ], [ -104.7917, 57.2917 ], [ -105.0, 56.875 ], [ -105.4167, 56.875 ], [ -105.625, 56.6667 ], [ -105.8333, 56.6667 ], [ -105.8333, 56.4583 ], [ -106.25, 56.6667 ], [ -106.4583, 56.6667 ], [ -106.6667, 57.0833 ], [ -106.4583, 57.5 ], [ -106.4583, 57.7083 ], [ -106.25, 57.9167 ], [ -106.0417, 57.9167 ] ] ] ] } },
{ "type": "Feature", "properties": { "id": 1132, "neighbors": [ 1131, 1037, 1041, 1134, 1237, 1133 ], "height": -3, "biome": 0, "type": "lake", "population": 0, "state": 0, "province": 0 }, "geometry": { "type": "MultiPolygon", "coordinates": [ [ [ [ -88.125, 61.25 ], [ -87.9167, 60.8333 ], [ -88.125, 60.625 ], [ -88.5417, 60.8333 ], [ -88.3333, 61.25 ], [ -88.125, 61.25 ] ] ] ] } },
{ "type": "Feature", "properties": { "id": 1132, "neighbors": [ 1131, 1037, 1041, 1134, 1237, 1133 ], "height": -3, "biome": 0, "type": "lake", "population": 0, "state": 0, "province": 0 }, "geometry": { "type": "MultiPolygon", "coordinates": [ [ [ [ -100.625, 61.6667 ], [ -101.0417, 61.4583 ], [ -101.0417, 61.6667 ], [ -101.25, 61.875 ], [ -101.25, 62.0833 ], [ -100.8333, 62.2917 ], [ -100.4167, 62.2917 ], [ -100.4167, 61.6667 ], [ -100.625, 61.6667 ] ] ] ] } },
{ "type": "Feature", "properties": { "id": 1132, "neighbors": [ 1131, 1037, 1041, 1134, 1237, 1133 ], "height": -3, "biome": 0, "type": "lake", "population": 0, "state": 0, "province": 0 }, "geometry": { "type": "MultiPolygon", "coordinates": [ [ [ [ -102.0833, 62.9167 ], [ -101.6667, 62.7083 ], [ -101.6667, 62.5 ], [ -101.875, 62.5 ], [ -102.2917, 62.2917 ], [ -102.2917, 62.9167 ], [ -102.0833, 62.9167 ] ] ] ] } },
{ "type": "Feature", "properties": { "id": 1132, "neighbors": [ 1131, 1037, 1041, 1134, 1237, 1133 ], "height": -3, "biome": 0, "type": "lake", "population": 0, "state": 0, "province": 0 }, "geometry": { "type": "MultiPolygon", "coordinates": [ [ [ [ -50.8333, -60.0 ], [ -51.0417, -60.0 ], [ -51.0417, -59.7917 ], [ -50.8333, -59.5833 ], [ -50.625, -59.5833 ], [ -50.625, -59.7917 ], [ -50.8333, -60.0 ] ] ] ] } },
{ "type": "Feature", "properties": { "id": 1132, "neighbors": [ 1131, 1037, 1041, 1134, 1237, 1133 ], "height": -3, "biome": 0, "type": "lake", "population": 0, "state": 0, "province": 0 }, "geometry": { "type": "MultiPolygon", "coordinates": [ [ [ [ -58.3333, -45.625 ], [ -58.5417, -45.625 ], [ -58.9583, -45.625 ], [ -59.375, -45.2083 ], [ -59.1667, -44.7917 ], [ -59.375, -44.5833 ], [ -59.1667, -44.1667 ], [ -58.75, -44.1667 ], [ -58.5417, -43.9583 ], [ -58.5417, -43.75 ], [ -58.3333, -43.5417 ], [ -58.3333, -43.125 ], [ -57.9167, -43.125 ], [ -57.5, -43.125 ], [ -57.2917, -43.125 ], [ -56.875, -43.3333 ], [ -56.6667, -43.3333 ], [ -56.25, -43.3333 ], [ -56.25, -43.75 ], [ -56.25, -43.9583 ], [ -55.8333, -44.375 ], [ -55.625, -44.375 ], [ -55.625, -45.0 ], [ -55.4167, -45.0 ], [ -55.2083, -45.625 ], [ -55.4167, -46.0417 ], [ -55.625, -46.25 ], [ -56.0417, -46.4583 ], [ -56.25, -46.4583 ], [ -56.6667, -46.6667 ], [ -57.0833, -46.875 ], [ -57.5, -47.0833 ], [ -57.7083, -46.875 ], [ -57.5, -46.25 ], [ -57.7083, -46.0417 ], [ -57.9167, -46.0417 ], [ -57.9167, -45.8333 ], [ -58.3333, -45.625 ] ], [ [ -57.0833, -44.5833 ], [ -56.6667, -44.7917 ], [ -56.6667, -44.1667 ], [ -57.0833, -43.9583 ], [ -57.0833, -44.5833 ] ] ] ] } },
{ "type": "Feature", "properties": { "id": 1132, "neighbors": [ 1131, 1037, 1041, 1134, 1237, 1133 ], "height": -3, "biome": 0, "type": "lake", "population": 0, "state": 0, "province": 0 }, "geometry": { "type": "MultiPolygon", "coordinates": [ [ [ [ -25.4167, -37.5 ], [ -25.4167, -37.7083 ], [ -26.0417, -37.7083 ], [ -26.0417, -37.2917 ], [ -26.0417, -37.0833 ], [ -25.625, -37.0833 ], [ -25.4167, -37.0833 ], [ -25.4167, -37.5 ] ] ] ] } },
{ "type": "Feature", "properties": { "id": 1132, "neighbors": [ 1131, 1037, 1041, 1134, 1237, 1133 ], "height": -3, "biome": 0, "type": "lake", "population": 0, "state": 0, "province": 0 }, "geometry": { "type": "MultiPolygon", "coordinates": [ [ [ [ -47.7083, -24.375 ], [ -47.7083, -24.7917 ], [ -47.7083, -25.0 ], [ -47.9167, -25.0 ], [ -48.3333, -25.2083 ], [ -48.5417, -25.0 ], [ -48.3333, -24.5833 ], [ -48.125, -24.375 ], [ -47.7083, -24.375 ] ] ] ] } },
{ "type": "Feature", "properties": { "id": 1132, "neighbors": [ 1131, 1037, 1041, 1134, 1237, 1133 ], "height": -3, "biome": 0, "type": "lake", "population": 0, "state": 0, "province": 0 }, "geometry": { "type": "MultiPolygon", "coordinates": [ [ [ [ -16.875, 31.25 ], [ -16.875, 31.6667 ], [ -16.6667, 31.6667 ], [ -16.6667, 32.0833 ], [ -16.25, 32.2917 ], [ -16.0417, 32.5 ], [ -15.8333, 32.5 ], [ -15.4167, 32.5 ], [ -15.2083, 32.7083 ], [ -15.0, 32.7083 ], [ -14.7917, 32.5 ], [ -14.5833, 32.5 ], [ -14.375, 32.5 ], [ -14.1667, 32.2917 ], [ -13.9583, 32.2917 ], [ -13.75, 31.875 ], [ -13.3333, 31.6667 ], [ -13.3333, 31.4583 ], [ -13.3333, 31.25 ], [ -13.3333, 31.0417 ], [ -13.5417, 30.625 ], [ -13.75, 30.4167 ], [ -13.9583, 30.4167 ], [ -14.1667, 30.2083 ], [ -14.5833, 30.4167 ], [ -15.0, 30.0 ], [ -15.2083, 29.5833 ], [ -15.625, 29.375 ], [ -15.8333, 29.7917 ], [ -16.0417, 30.0 ], [ -16.25, 30.0 ], [ -16.25, 30.2083 ], [ -16.4583, 30.2083 ], [ -16.6667, 30.8333 ], [ -16.875, 30.8333 ], [ -16.875, 31.25 ] ] ] ] } },
{ "type": "Feature", "properties": { "id": 1132, "neighbors": [ 1131, 1037, 1041, 1134, 1237, 1133 ], "height": -3, "biome": 0, "type": "lake", "population": 0, "state": 0, "province": 0 }, "geometry": { "type": "MultiPolygon", "coordinates": [ [ [ [ 42.0833, -64.7917 ], [ 42.7083, -64.375 ], [ 42.9167, -64.7917 ], [ 42.5, -65.0 ], [ 42.0833, -64.7917 ] ] ] ] } },
{ "type": "Feature", "properties": { "id": 1132, "neighbors": [ 1131, 1037, 1041, 1134, 1237, 1133 ], "height": -3, "biome": 0, "type": "lake", "population": 0, "state": 0, "province": 0 }, "geometry": { "type": "MultiPolygon", "coordinates": [ [ [ [ 51.4583, -42.7083 ], [ 51.0417, -42.2917 ], [ 50.625, -42.5 ], [ 50.625, -41.875 ], [ 50.625, -41.6667 ], [ 50.8333, -41.6667 ], [ 51.25, -41.4583 ], [ 51.25, -41.25 ], [ 51.25, -41.0417 ], [ 51.4583, -40.8333 ], [ 51.4583, -40.625 ], [ 51.4583, -40.4167 ], [ 51.0417, -40.2083 ], [ 50.8333, -40.4167 ], [ 50.4167, -40.0 ], [ 50.2083, -40.2083 ], [ 49.7917, -40.0 ], [ 49.7917, -40.2083 ], [ 49.375, -40.0 ], [ 49.1667, -39.7917 ], [ 49.375, -39.375 ], [ 50.0, -39.375 ], [ 49.7917, -39.1667 ], [ 49.375, -38.75 ], [ 49.5833, -38.3333 ], [ 49.7917, -38.3333 ], [ 50.2083, -38.5417 ], [ 50.4167, -38.9583 ], [ 50.625, -38.9583 ], [ 51.0417, -39.1667 ], [ 51.0417, -39.375 ], [ 51.4583, -39.5833 ], [ 51.6667, -39.5833 ], [ 51.6667, -39.7917 ], [ 51.875, -40.0 ], [ 52.0833, -40.2083 ], [ 52.0833, -40.4167 ], [ 51.875, -40.8333 ], [ 52.0833, -41.25 ], [ 52.2917, -41.4583 ], [ 52.5, -41.6667 ], [ 52.5, -41.875 ], [ 52.7083, -41.875 ], [ 52.9167, -42.2917 ], [ 53.125, -42.5 ], [ 53.125, -42.7083 ], [ 52.9167, -43.3333 ], [ 52.7083, -43.75 ], [ 52.5, -43.75 ], [ 52.2917, -44.1667 ], [ 51.875, -44.1667 ], [ 51.875, -43.9583 ], [ 51.6667, -43.5417 ], [ 51.6667, -43.3333 ], [ 51.6667, -43.125 ], [ 51.4583, -42.7083 ] ] ] ] } },
{ "type": "Feature", "properties": { "id": 1132, "neighbors": [ 1131, 1037, 1041, 1134, 1237, 1133 ], "height": -3, "biome": 0, "type": "lake", "population": 0, "state": 0, "province": 0 }, "geometry": { "type": "MultiPolygon", "coordinates": [ [ [ [ 55.4167, -39.375 ], [ 55.625, -39.7917 ], [ 55.625, -40.0 ], [ 55.2083, -40.0 ], [ 55.4167, -39.375 ] ] ] ] } },
{ "type": "Feature", "properties": { "id": 1132, "neighbors": [ 1131, 1037, 1041, 1134, 1237, 1133 ], "height": -3, "biome": 0, "type": "lake", "population": 0, "state": 0, "province": 0 }, "geometry": { "type": "MultiPolygon", "coordinates": [ [ [ [ 58.75, -39.7917 ], [ 58.5417, -39.5833 ], [ 58.75, -39.375 ], [ 59.1667, -39.7917 ], [ 58.75, -40.0 ], [ 58.75, -39.7917 ] ] ] ] } },
{ "type": "Feature", "properties": { "id": 1132, "neighbors": [ 1131, 1037, 1041, 1134, 1237, 1133 ], "height": -3, "biome": 0, "type": "lake", "population": 0, "state": 0, "province": 0 }, "geometry": { "type": "MultiPolygon", "coordinates": [ [ [ [ 58.125, -39.5833 ], [ 57.7083, -39.5833 ], [ 57.7083, -39.375 ], [ 57.9167, -38.9583 ], [ 58.5417, -38.9583 ], [ 58.125, -39.5833 ] ] ] ] } },
{ "type": "Feature", "properties": { "id": 1132, "neighbors": [ 1131, 1037, 1041, 1134, 1237, 1133 ], "height": -3, "biome": 0, "type": "lake", "population": 0, "state": 0, "province": 0 }, "geometry": { "type": "MultiPolygon", "coordinates": [ [ [ [ 48.125, -37.2917 ], [ 48.5417, -37.2917 ], [ 48.125, -36.4583 ], [ 48.75, -36.4583 ], [ 48.9583, -36.875 ], [ 49.1667, -36.875 ], [ 49.1667, -37.0833 ], [ 49.375, -37.5 ], [ 49.1667, -37.7083 ], [ 48.75, -37.9167 ], [ 48.5417, -37.9167 ], [ 48.125, -37.9167 ], [ 47.7083, -38.125 ], [ 47.5, -37.9167 ], [ 47.5, -37.7083 ], [ 47.7083, -37.5 ], [ 47.9167, -37.5 ], [ 48.125, -37.2917 ] ] ] ] } },
{ "type": "Feature", "properties": { "id": 1132, "neighbors": [ 1131, 1037, 1041, 1134, 1237, 1133 ], "height": -3, "biome": 0, "type": "lake", "population": 0, "state": 0, "province": 0 }, "geometry": { "type": "MultiPolygon", "coordinates": [ [ [ [ 45.8333, -38.125 ], [ 45.4167, -38.125 ], [ 45.2083, -37.9167 ], [ 45.4167, -37.5 ], [ 45.4167, -37.2917 ], [ 45.8333, -37.7083 ], [ 45.8333, -38.125 ] ] ] ] } },
{ "type": "Feature", "properties": { "id": 1132, "neighbors": [ 1131, 1037, 1041, 1134, 1237, 1133 ], "height": -3, "biome": 0, "type": "lake", "population": 0, "state": 0, "province": 0 }, "geometry": { "type": "MultiPolygon", "coordinates": [ [ [ [ 77.9167, -36.875 ], [ 78.3333, -36.4583 ], [ 78.5417, -36.6667 ], [ 78.75, -37.0833 ], [ 78.9583, -37.0833 ], [ 78.9583, -37.7083 ], [ 78.5417, -37.7083 ], [ 78.3333, -37.7083 ], [ 78.125, -37.9167 ], [ 77.9167, -37.9167 ], [ 77.7083, -37.9167 ], [ 77.2917, -37.9167 ], [ 77.0833, -37.2917 ], [ 77.2917, -37.0833 ], [ 77.5, -37.0833 ], [ 77.7083, -37.2917 ], [ 78.125, -37.0833 ], [ 77.9167, -36.875 ] ] ] ] } },
{ "type": "Feature", "properties": { "id": 1132, "neighbors": [ 1131, 1037, 1041, 1134, 1237, 1133 ], "height": -3, "biome": 0, "type": "lake", "population": 0, "state": 0, "province": 0 }, "geometry": { "type": "MultiPolygon", "coordinates": [ [ [ [ 58.3333, -36.0417 ], [ 58.5417, -35.8333 ], [ 59.1667, -35.8333 ], [ 59.1667, -36.0417 ], [ 59.375, -36.4583 ], [ 59.1667, -36.875 ], [ 59.375, -36.875 ], [ 59.1667, -37.2917 ], [ 58.75, -37.5 ], [ 58.5417, -37.0833 ], [ 58.5417, -36.875 ], [ 58.3333, -36.4583 ], [ 58.3333, -36.0417 ] ] ] ] } },
{ "type": "Feature", "properties": { "id": 1132, "neighbors": [ 1131, 1037, 1041, 1134, 1237, 1133 ], "height": -3, "biome": 0, "type": "lake", "population": 0, "state": 0, "province": 0 }, "geometry": { "type": "MultiPolygon", "coordinates": [ [ [ [ 77.5, -33.75 ], [ 77.2917, -33.5417 ], [ 77.0833, -33.125 ], [ 77.5, -32.9167 ], [ 77.9167, -33.125 ], [ 77.5, -33.75 ] ] ] ] } },
{ "type": "Feature", "properties": { "id": 1132, "neighbors": [ 1131, 1037, 1041, 1134, 1237, 1133 ], "height": -3, "biome": 0, "type": "lake", "population": 0, "state": 0, "province": 0 }, "geometry": { "type": "MultiPolygon", "coordinates": [ [ [ [ 77.9167, -31.6667 ], [ 78.3333, -31.875 ], [ 78.5417, -31.875 ], [ 78.5417, -32.2917 ], [ 78.125, -32.5 ], [ 77.9167, -32.5 ], [ 77.7083, -32.2917 ], [ 77.9167, -31.6667 ] ] ] ] } },
{ "type": "Feature", "properties": { "id": 1132, "neighbors": [ 1131, 1037, 1041, 1134, 1237, 1133 ], "height": -3, "biome": 0, "type": "lake", "population": 0, "state": 0, "province": 0 }, "geometry": { "type": "MultiPolygon", "coordinates": [ [ [ [ 76.875, -7.0833 ], [ 76.6667, -7.5 ], [ 76.25, -7.5 ], [ 76.0417, -7.2917 ], [ 76.25, -6.6667 ], [ 76.4583, -6.875 ], [ 76.4583, -7.0833 ], [ 76.875, -7.0833 ] ] ] ] } },
{ "type": "Feature", "properties": { "id": 1132, "neighbors": [ 1131, 1037, 1041, 1134, 1237, 1133 ], "height": -3, "biome": 0, "type": "lake", "population": 0, "state": 0, "province": 0 }, "geometry": { "type": "MultiPolygon", "coordinates": [ [ [ [ 75.4167, -5.2083 ], [ 75.8333, -5.625 ], [ 75.8333, -5.8333 ], [ 75.4167, -6.0417 ], [ 75.2083, -5.8333 ], [ 74.7917, -5.625 ], [ 75.2083, -5.2083 ], [ 75.4167, -5.2083 ] ] ] ] } },
{ "type": "Feature", "properties": { "id": 1132, "neighbors": [ 1131, 1037, 1041, 1134, 1237, 1133 ], "height": -3, "biome": 0, "type": "lake", "population": 0, "state": 0, "province": 0 }, "geometry": { "type": "MultiPolygon", "coordinates": [ [ [ [ 79.375, -59.7917 ], [ 78.9583, -60.2083 ], [ 78.75, -60.2083 ], [ 78.5417, -60.0 ], [ 78.5417, -59.5833 ], [ 79.1667, -59.5833 ], [ 79.375, -59.7917 ] ] ] ] } },
{ "type": "Feature", "properties": { "id": 1132, "neighbors": [ 1131, 1037, 1041, 1134, 1237, 1133 ], "height": -3, "biome": 0, "type": "lake", "population": 0, "state": 0, "province": 0 }, "geometry": { "type": "MultiPolygon", "coordinates": [ [ [ [ 118.5417, -45.625 ], [ 118.3333, -45.625 ], [ 117.7083, -45.625 ], [ 117.5, -45.625 ], [ 117.0833, -45.8333 ], [ 116.6667, -45.4167 ], [ 116.6667, -45.0 ], [ 116.875, -45.0 ], [ 117.0833, -44.7917 ], [ 117.2917, -44.7917 ], [ 117.7083, -45.0 ], [ 118.125, -44.5833 ], [ 118.3333, -44.5833 ], [ 118.5417, -44.1667 ], [ 118.5417, -43.9583 ], [ 118.9583, -43.5417 ], [ 119.1667, -43.125 ], [ 119.375, -43.5417 ], [ 119.5833, -43.9583 ], [ 119.5833, -44.1667 ], [ 119.7917, -44.1667 ], [ 119.5833, -44.7917 ], [ 119.5833, -45.0 ], [ 119.7917, -45.4167 ], [ 120.2083, -45.8333 ], [ 119.7917, -46.0417 ], [ 119.5833, -45.625 ], [ 119.1667, -45.625 ], [ 118.9583, -45.4167 ], [ 118.5417, -45.625 ] ] ] ] } },
{ "type": "Feature", "properties": { "id": 1132, "neighbors": [ 1131, 1037, 1041, 1134, 1237, 1133 ], "height": -3, "biome": 0, "type": "lake", "population": 0, "state": 0, "province": 0 }, "geometry": { "type": "MultiPolygon", "coordinates": [ [ [ [ 117.9167, -42.5 ], [ 117.9167, -42.7083 ], [ 117.5, -42.7083 ], [ 117.5, -42.2917 ], [ 117.7083, -42.0833 ], [ 117.9167, -42.0833 ], [ 117.9167, -42.5 ] ] ] ] } },
{ "type": "Feature", "properties": { "id": 1132, "neighbors": [ 1131, 1037, 1041, 1134, 1237, 1133 ], "height": -3, "biome": 0, "type": "lake", "population": 0, "state": 0, "province": 0 }, "geometry": { "type": "MultiPolygon", "coordinates": [ [ [ [ 80.4167, -34.7917 ], [ 80.2083, -35.2083 ], [ 80.0, -35.0 ], [ 79.7917, -34.7917 ], [ 80.0, -34.375 ], [ 80.2083, -34.375 ], [ 80.4167, -34.7917 ] ] ] ] } },
{ "type": "Feature", "properties": { "id": 1132, "neighbors": [ 1131, 1037, 1041, 1134, 1237, 1133 ], "height": -3, "biome": 0, "type": "lake", "population": 0, "state": 0, "province": 0 }, "geometry": { "type": "MultiPolygon", "coordinates": [ [ [ [ 130.625, -34.375 ], [ 130.4167, -33.9583 ], [ 130.625, -33.75 ], [ 130.625, -33.5417 ], [ 130.8333, -33.3333 ], [ 131.25, -33.3333 ], [ 131.4583, -33.5417 ], [ 131.6667, -33.5417 ], [ 131.875, -33.75 ], [ 131.6667, -33.9583 ], [ 131.875, -34.375 ], [ 131.875, -34.5833 ], [ 131.4583, -34.7917 ], [ 131.0417, -35.0 ], [ 130.8333, -35.0 ], [ 130.625, -34.5833 ], [ 130.4167, -34.375 ], [ 130.625, -34.375 ] ] ] ] } },
{ "type": "Feature", "properties": { "id": 1132, "neighbors": [ 1131, 1037, 1041, 1134, 1237, 1133 ], "height": -3, "biome": 0, "type": "lake", "population": 0, "state": 0, "province": 0 }, "geometry": { "type": "MultiPolygon", "coordinates": [ [ [ [ 79.1667, -32.2917 ], [ 79.5833, -32.5 ], [ 79.5833, -32.7083 ], [ 79.375, -33.125 ], [ 79.1667, -33.125 ], [ 78.9583, -33.125 ], [ 78.75, -32.9167 ], [ 78.9583, -32.5 ], [ 79.1667, -32.2917 ] ] ] ] } },
{ "type": "Feature", "properties": { "id": 1132, "neighbors": [ 1131, 1037, 1041, 1134, 1237, 1133 ], "height": -3, "biome": 0, "type": "lake", "population": 0, "state": 0, "province": 0 }, "geometry": { "type": "MultiPolygon", "coordinates": [ [ [ [ 128.5417, -32.2917 ], [ 128.9583, -32.5 ], [ 128.75, -32.9167 ], [ 128.3333, -32.5 ], [ 128.5417, -32.2917 ] ] ] ] } },
{ "type": "Feature", "properties": { "id": 1132, "neighbors": [ 1131, 1037, 1041, 1134, 1237, 1133 ], "height": -3, "biome": 0, "type": "lake", "population": 0, "state": 0, "province": 0 }, "geometry": { "type": "MultiPolygon", "coordinates": [ [ [ [ 128.9583, -18.3333 ], [ 128.75, -18.125 ], [ 128.9583, -17.9167 ], [ 129.375, -18.125 ], [ 128.9583, -18.5417 ], [ 128.9583, -18.3333 ] ] ] ] } },
{ "type": "Feature", "properties": { "id": 1132, "neighbors": [ 1131, 1037, 1041, 1134, 1237, 1133 ], "height": -3, "biome": 0, "type": "lake", "population": 0, "state": 0, "province": 0 }, "geometry": { "type": "MultiPolygon", "coordinates": [ [ [ [ 85.2083, -1.25 ], [ 85.4167, -1.6667 ], [ 85.0, -1.875 ], [ 84.7917, -1.25 ], [ 85.2083, -1.25 ] ] ] ] } },
{ "type": "Feature", "properties": { "id": 1132, "neighbors": [ 1131, 1037, 1041, 1134, 1237, 1133 ], "height": -3, "biome": 0, "type": "lake", "population": 0, "state": 0, "province": 0 }, "geometry": { "type": "MultiPolygon", "coordinates": [ [ [ [ 125.8333, 3.9583 ], [ 126.25, 4.1667 ], [ 126.4583, 3.9583 ], [ 126.25, 3.3333 ], [ 126.0417, 3.3333 ], [ 125.8333, 3.5417 ], [ 125.8333, 3.9583 ] ] ] ] } },
{ "type": "Feature", "properties": { "id": 1132, "neighbors": [ 1131, 1037, 1041, 1134, 1237, 1133 ], "height": -3, "biome": 0, "type": "lake", "population": 0, "state": 0, "province": 0 }, "geometry": { "type": "MultiPolygon", "coordinates": [ [ [ [ 117.5, 6.6667 ], [ 117.9167, 6.6667 ], [ 117.9167, 6.25 ], [ 117.9167, 6.0417 ], [ 117.7083, 6.0417 ], [ 117.5, 6.25 ], [ 117.5, 6.6667 ] ] ] ] } },
{ "type": "Feature", "properties": { "id": 1132, "neighbors": [ 1131, 1037, 1041, 1134, 1237, 1133 ], "height": -3, "biome": 0, "type": "lake", "population": 0, "state": 0, "province": 0 }, "geometry": { "type": "MultiPolygon", "coordinates": [ [ [ [ 119.5833, 63.125 ], [ 119.7917, 63.3333 ], [ 120.0, 63.3333 ], [ 120.2083, 63.125 ], [ 120.2083, 62.7083 ], [ 119.7917, 62.7083 ], [ 119.5833, 63.125 ] ] ] ] } },
{ "type": "Feature", "properties": { "id": 1132, "neighbors": [ 1131, 1037, 1041, 1134, 1237, 1133 ], "height": -3, "biome": 0, "type": "lake", "population": 0, "state": 0, "province": 0 }, "geometry": { "type": "MultiPolygon", "coordinates": [ [ [ [ 117.2917, 64.375 ], [ 117.2917, 64.7917 ], [ 117.0833, 64.7917 ], [ 117.0833, 65.0 ], [ 116.875, 65.4167 ], [ 116.6667, 65.8333 ], [ 116.6667, 66.0417 ], [ 116.4583, 66.4583 ], [ 116.6667, 66.6667 ], [ 116.875, 66.875 ], [ 117.0833, 66.875 ], [ 117.5, 66.875 ], [ 117.7083, 67.0833 ], [ 117.9167, 67.2917 ], [ 118.125, 67.0833 ], [ 118.125, 66.4583 ], [ 117.7083, 66.4583 ], [ 117.7083, 66.0417 ], [ 117.7083, 65.8333 ], [ 118.125, 65.4167 ], [ 117.9167, 65.0 ], [ 118.125, 64.7917 ], [ 118.3333, 64.7917 ], [ 118.5417, 64.7917 ], [ 118.75, 64.7917 ], [ 119.375, 64.5833 ], [ 118.75, 64.375 ], [ 118.75, 63.9583 ], [ 118.5417, 63.9583 ], [ 118.5417, 63.75 ], [ 118.125, 63.75 ], [ 117.9167, 63.9583 ], [ 117.7083, 64.1667 ], [ 117.5, 64.375 ], [ 117.2917, 64.375 ] ] ] ] } },
{ "type": "Feature", "properties": { "id": 1132, "neighbors": [ 1131, 1037, 1041, 1134, 1237, 1133 ], "height": -3, "biome": 0, "type": "lake", "population": 0, "state": 0, "province": 0 }, "geometry": { "type": "MultiPolygon", "coordinates": [ [ [ [ 118.9583, 66.875 ], [ 118.9583, 67.0833 ], [ 119.1667, 67.2917 ], [ 119.5833, 67.5 ], [ 119.5833, 67.0833 ], [ 118.9583, 66.875 ] ] ] ] } }
]
}
